(9.768567,26.882800)
(47.903761,3.419209)
(59.877194,50.413636)
(9.239548,11.836358)
(19.704247,19.525429)
(44.623795,44.419360)
(32.509805,12.494150)
(0.092954,42.030172)
(9.944697,23.054362)
(17.396386,41.682352)
(18.712784,29.499274)
(53.305936,7.502269)
(50.613242,26.191710)
(7.766540,17.945965)
(30.617380,34.036211)
(12.912839,11.502719)
(23.677039,9.959434)
(50.524364,24.279994)
(3.462939,14.460061)
(46.407314,48.610423)
(63.454655,61.035941)
(46.986424,36.255750)
(48.460892,31.037625)
(1.551978,42.098096)
(5.195564,62.220036)
(41.364570,23.249650)
(57.837065,45.357749)
(7.583389,12.886825)
(27.832768,36.684943)
(23.172079,6.457058)
(10.514399,39.510752)
(50.536543,53.313752)
(42.293905,57.722583)
(5.830174,36.834079)
(13.841153,56.838574)
(0.841458,27.092481)
(27.288358,12.829490)
(0.260073,54.119376)
(28.520823,3.223766)
(11.604805,29.113082)
(1.421971,5.519370)
(56.876701,15.911123)
(16.013546,25.591209)
(27.415629,40.995929)
(20.328465,0.161668)
(17.518354,11.682910)
(50.188705,50.317628)
(16.922064,32.637192)
(32.248713,43.137733)
(38.344215,20.196619)
(46.116985,40.024200)
(52.587469,45.722594)
(18.227750,36.237038)
(52.767283,6.058005)
(9.763254,25.467640)
(13.691564,40.162990)
(19.467852,12.472061)
(33.899858,11.816046)
(8.356388,16.946475)
(9.089412,19.146444)
(12.358518,31.149037)
(43.579620,19.985398)
(15.650727,47.068411)
(53.593973,58.492936)
(12.619326,44.593255)
(28.433708,52.336988)
(50.786592,27.870290)
(50.881267,49.531988)
(21.612028,54.916275)
(2.738491,29.043180)
(11.241671,28.651576)
(31.077784,51.532747)
(38.087203,26.207391)
(4.166923,1.088909)
(31.555428,41.598334)
(52.988243,48.295334)
(38.280449,42.259284)
(40.800466,52.539088)
(11.176696,29.858194)
(53.441842,6.153451)
(32.483749,23.755317)
(32.135276,51.258263)
(33.921550,50.458673)
(34.438262,43.360418)
(36.599186,27.163694)
(18.366779,14.127655)
(2.466858,3.676807)
(34.171202,16.945485)
(55.761345,35.613670)
(4.529128,53.941390)
(12.358581,42.649465)
(12.100394,23.789646)
(45.964602,11.689063)
(19.536629,36.263533)
(16.787209,12.957613)
(28.346689,25.767623)
(57.179896,20.011230)
(31.499302,34.133221)
(9.882103,17.050101)
(35.538491,22.003515)
(39.369095,4.707517)
(21.075031,10.885763)
(5.789145,28.349350)
(27.735484,48.114933)
(32.741882,1.371440)
(33.664758,50.581010)
(4.826881,5.783931)
(8.016758,31.539740)
(5.923569,2.208370)
(48.653124,20.052401)
(6.864778,43.811134)
(44.973410,48.510523)
(30.832389,15.387569)
(2.602274,24.373204)
(24.712159,25.416293)
(20.133084,9.655676)
(21.826862,23.972824)
(25.787207,1.136932)
(39.250246,3.830057)
(27.230950,48.974781)
(18.257263,44.891611)
(2.110898,0.268255)
(54.825901,19.451308)
(9.940948,14.667908)
(18.355844,22.420447)
(54.468831,2.201700)
(17.106507,40.184553)
(36.259271,34.589089)
(18.972869,32.642519)
(29.526687,41.581774)
(34.366109,31.022575)
(2.287771,35.321284)
(0.933820,12.914645)
(18.201071,38.737363)
(15.775624,39.022826)
(25.954721,1.254295)
(0.443523,39.949806)
(18.013791,40.667505)
(24.476089,29.000982)
(59.779436,39.336879)
(29.471511,1.835201)
(2.944579,37.415479)
(32.031740,40.907435)
(8.179728,30.814376)
(42.240386,50.868805)
(25.290016,1.503114)
(47.555181,12.757548)
(35.265496,45.524626)
(1.871542,22.419924)
(39.308372,29.080423)
(12.152809,6.375747)
(28.647912,38.413667)
(19.358114,26.497427)
(38.839976,16.910162)
(45.007465,37.772462)
(16.707362,52.992831)
(25.394541,52.048566)
(0.516064,36.341063)
(34.929853,36.234131)
(54.744461,0.376682)
(25.713492,41.029456)
(12.493654,36.774671)
(4.420319,51.857831)
(32.854082,22.767063)
(50.438775,3.201905)
(1.604739,19.791153)
(8.856843,62.104142)
(32.026005,15.008509)
(14.273200,18.344330)
(60.733373,15.723119)
(38.060706,52.709294)
(22.164934,22.847151)
(5.355303,32.899582)
(61.353939,27.063269)
(17.614501,19.728286)
(52.072423,43.187344)
(36.945506,37.348229)
(29.005285,32.316495)
(50.225301,33.023015)
(19.526882,0.796070)
(41.171178,19.738436)
(17.734277,35.883570)
(36.948233,57.112266)
(42.366683,46.089481)
(10.689570,34.711494)
(37.405801,34.982145)
(30.195155,11.528471)
(31.505739,35.886175)
(16.752626,45.131279)
(22.216601,59.233728)
(32.458991,37.658406)
(5.050581,31.171081)
(5.032887,7.722373)
(33.456637,21.051384)
(34.290078,22.212961)
(1.795667,4.244359)
(3.290615,47.762811)
(28.114184,13.276044)
(34.187133,9.980742)
(6.834390,12.912635)
(16.400968,7.061978)
(29.560088,28.920402)
(21.971756,32.461627)
(26.660246,15.146727)
(49.878371,4.309363)
(50.669597,11.921635)
(28.196085,1.304032)
(29.540898,7.493137)
(5.608744,16.795404)
(5.359426,7.641294)
(51.613164,36.118316)
(41.911037,26.760418)
(21.698763,10.325853)
(15.163910,36.647800)
(51.718160,12.079329)
(45.659088,33.767849)
(62.084218,48.454825)
(5.237260,47.813158)
(56.773919,27.712280)
(11.062938,34.727948)
(1.079210,14.105595)
(36.095964,38.196981)
(36.860780,31.528955)
(13.911716,22.479875)
(31.724262,47.063099)
(49.924597,45.576431)
(41.052576,16.391717)
(10.715743,39.338146)
(5.896282,25.987447)
(27.851841,44.631318)
(45.025643,16.694846)
(15.580651,16.683422)
(32.972017,53.362263)
(33.570884,55.641744)
(32.745133,3.003855)
(15.642638,42.871735)
(34.305899,58.529869)
(47.373020,5.640471)
(21.063440,21.439900)
(31.620595,40.845617)
(44.150026,60.255439)
(29.896829,14.620839)
(45.959780,19.480106)
(13.076449,23.445150)
(46.646094,40.284511)
(29.836469,20.560776)
(41.642483,52.368159)
(41.633534,16.632926)
(38.536119,41.016190)
(41.100888,26.780187)
(32.876199,34.345012)
(23.980068,23.734063)
(45.342049,58.930480)
(45.198804,46.963150)
(39.053611,46.026324)
(48.470135,17.141445)
(5.892961,54.493380)
(21.542138,48.238546)
(54.737203,27.139975)
(33.026828,12.799714)
(31.562435,46.013851)
(41.723364,45.997355)
(16.928520,6.600244)
(6.600532,3.814278)
(46.561887,12.117398)
(5.535360,30.626859)
(2.099593,48.052905)
(45.638005,41.667982)
(4.947410,7.153209)
(33.675914,7.681735)
(26.160241,37.215034)
(47.392324,38.007975)
(12.119047,24.258330)
(17.826755,37.179503)
(16.808550,26.124113)
(47.564007,28.758989)
(56.767532,50.223484)
(54.182071,0.156675)
(45.056617,35.101483)
(2.031855,22.563230)
(15.349730,4.533023)
(42.874122,21.413519)
(27.797085,31.101286)
(30.962315,1.718634)
(61.900588,32.992896)
(55.601934,21.279741)
(15.945625,54.146916)
(58.646550,55.749922)
(26.768813,8.783103)
(1.546693,4.610949)
(3.516521,5.114868)
(29.214337,41.492037)
(20.599772,2.318484)
(8.261396,48.904340)
(19.376315,52.606991)
(41.423355,54.367610)
(38.891689,8.285763)
(39.915908,7.829848)
(46.949420,37.777949)
(32.666267,5.419957)
(11.055492,20.745928)
(16.248384,2.158024)
(53.099661,46.128527)
(48.253804,52.883129)
(17.607664,17.062965)
(4.439397,57.832716)
(36.864541,1.648756)
(18.629111,31.227640)
(5.492976,16.583491)
(54.467274,39.245150)
(39.072820,23.879503)
(22.365290,32.900684)
(37.514763,11.462316)
(43.044060,5.902221)
(13.434343,29.119296)
(58.619352,14.961283)
(47.389127,1.716014)
(22.402772,9.529244)
(43.045349,22.374783)
(34.281821,29.588033)
(33.887998,22.266429)
(34.854598,6.068634)
(32.012343,47.816725)
(4.209385,5.418352)
(51.699088,1.181134)
(45.086648,46.675982)
(10.798079,14.917756)
(50.879161,58.589513)
(45.255732,21.947334)
(25.520407,51.414139)
(28.457856,33.923756)
(44.739204,13.967560)
(12.202058,5.122880)
(32.763430,14.699290)
(52.331462,41.980719)
(8.761805,15.290810)
(5.258700,8.314715)
(38.808308,25.915015)
(3.299671,41.767176)
(25.745839,25.738389)
(34.048624,48.590313)
(27.575179,16.443637)
(7.901725,13.500191)
(2.807337,14.950169)
(51.346876,29.994789)
(2.866346,8.394025)
(42.891956,50.087955)
(0.069576,22.997671)
(55.933434,32.599472)
(2.835098,37.946893)
(47.235685,31.378744)
(16.355540,33.314446)
(20.925077,46.069449)
(21.732098,29.336944)
(45.957418,50.557420)
(18.751375,8.791881)
(39.487021,27.057212)
(24.258218,5.980608)
(35.838471,34.203792)
(25.284501,32.765520)
(12.721969,5.738005)
(51.324795,49.031399)
(19.525110,27.342054)
(20.388815,19.604212)
(3.940388,34.546558)
(19.964737,5.849512)
(53.225834,59.510336)
(37.980062,4.464871)
(49.216665,14.084383)
(26.136316,21.670630)
(40.538831,1.408381)
(41.297867,51.178843)
(41.767240,25.554961)
(32.638192,5.246347)
(22.349966,60.314510)
(48.109279,12.179585)
(43.382768,24.151935)
(4.626877,14.613515)
(36.989302,4.060966)
(4.859902,41.326924)
(46.432639,35.546742)
(38.091876,3.173460)
(7.853767,44.435816)
(9.183866,53.755774)
(7.680780,13.901551)
(36.955994,31.497345)
(22.778890,40.104742)
(0.219078,53.159759)
(55.508932,33.973948)
(48.965246,54.181736)
(7.872297,50.265908)
(22.350828,39.047766)
(56.771378,19.425025)
(45.407255,44.054481)
(10.842392,35.843254)
(2.809703,9.426457)
(9.762476,35.540241)
(13.233382,31.446233)
(5.506339,49.688896)
(7.192012,47.769912)
(10.005594,42.870478)
(43.486920,54.507177)
(5.766479,39.114227)
(21.517868,29.850350)
(33.707324,39.037603)
(44.420892,8.429646)
(36.280930,33.257270)
(47.459769,3.741517)
(46.028414,33.010967)
(4.290505,7.958951)
(4.252921,54.441689)
(46.874017,42.608008)
(9.542032,52.697654)
(35.735038,29.296350)
(54.656381,30.503656)
(11.191024,39.021128)
(21.595444,38.775674)
(12.121739,24.795079)
(32.662652,10.632424)
(36.501494,50.007703)
(44.627921,48.244658)
(28.582327,29.164621)
(6.010519,21.417636)
(22.917856,11.613149)
(7.385828,28.996337)
(0.178832,33.207092)
(7.995626,28.767393)
(7.927487,16.651776)
(34.522336,54.908827)
(20.000036,17.758844)
(24.077682,44.118371)
(59.443333,31.687383)
(47.894259,48.864085)
(6.516523,17.201503)
(51.328379,9.839654)
(32.854940,47.734182)
(41.974430,26.244531)
(58.555090,31.379384)
(17.619901,9.623430)
(43.949980,37.393864)
(20.251407,35.391388)
(41.407002,39.692690)
(44.299652,12.064291)
(49.522786,10.585207)
(34.741839,1.919671)
(32.079257,25.790689)
(54.563497,52.572042)
(59.620667,30.108335)
(37.988038,20.663130)
(49.209495,18.404290)
(26.277412,27.096988)
(29.651934,46.029157)
(53.115068,31.051021)
(9.655272,58.271463)
(34.193077,3.813094)
(3.727420,7.368003)
(19.747574,40.196126)
(14.726596,28.538454)
(1.938448,46.232513)
(5.107879,59.450343)
(0.246103,46.245060)
(34.872024,0.714417)
(18.707278,36.195979)
(62.415945,36.488211)
(16.382828,14.358743)
(38.449390,12.462004)
(33.009658,48.181484)
(5.219645,44.490981)
(15.642872,15.130968)
(29.903236,21.843493)
(18.077201,48.964104)
(18.265723,46.749452)
(50.038175,11.732449)
(50.640949,10.129019)
(38.377401,3.263980)
(40.601748,11.183500)
(2.384019,22.920878)
(18.338285,47.297630)
(31.517085,16.311947)
(44.030792,4.789274)
(0.390232,0.001912)
(0.273964,21.469100)
(37.675619,31.267522)
(2.261130,31.038189)
(12.377815,10.373995)
(37.167039,38.247084)
(7.261376,20.897681)
(0.998886,16.901443)
(33.071433,42.529377)
(13.014824,50.431502)
(8.112120,62.352990)
(24.822491,1.977690)
(32.158131,20.634798)
(19.508718,55.027230)
(6.709005,3.633554)
(10.875173,29.661254)
(11.631220,52.387519)
(20.082394,43.551638)
(0.135065,51.880746)
(42.755054,24.173743)
(28.120462,49.761863)
(55.352533,44.055902)
(42.091998,32.803492)
(14.410334,37.677715)
(44.836123,20.174150)
(31.105648,30.367076)
(38.911934,38.401229)
(53.601933,45.632281)
(17.178796,9.437269)
(36.616233,37.903672)
(5.812268,0.806263)
(22.581427,29.773127)
(31.602918,44.131125)
(39.059493,9.646935)
(11.343215,18.383539)
(52.548052,33.552037)
(14.633678,40.262050)
(34.523674,51.400340)
(21.200558,24.715325)
(43.977344,6.161701)
(38.738225,45.994675)
(49.145162,39.703009)
(16.509387,13.387486)
(47.157047,10.884093)
(15.772782,31.755839)
(47.385758,48.072002)
(34.329552,37.677747)
(44.856246,52.175550)
(30.351341,17.038536)
(46.622330,17.650278)
(4.479673,47.787790)
(52.438682,23.138315)
(40.702716,46.543840)
(7.537530,5.121475)
(24.330107,42.073245)
(12.895734,57.319206)
(20.974909,2.646948)
(35.609981,21.720691)
(40.760443,11.783147)
(31.858130,16.436896)
(28.225270,0.882602)
(32.016376,10.557592)
(19.627182,58.802994)
(38.570852,8.675232)
(22.414051,47.569995)
(56.656527,50.647740)
(1.195413,26.650271)
(8.751832,14.590978)
(33.197149,38.816395)
(38.376031,46.021558)
(38.748706,35.512648)
(52.612094,29.827900)
(29.649813,50.473226)
(28.781975,46.555716)
(48.504781,19.890939)
(48.632282,44.427003)
(22.370897,37.065755)
(30.339600,53.114453)
(6.835611,0.611459)
(2.221532,30.608310)
(12.083621,57.883012)
(20.861033,47.537951)
(24.045864,30.149170)
(2.112326,3.811395)
(24.202604,4.320805)
(38.608610,10.164146)
(12.778028,18.340447)
(31.891311,51.602619)
(51.712741,13.434471)
(47.376719,49.294343)
(57.708671,20.659959)
(10.925457,17.897121)
(31.575930,35.823580)
(19.301504,52.658472)
(26.357401,18.341232)
(47.088272,52.638357)
(22.322426,20.911601)
(10.906993,35.652624)
(29.018664,1.058630)
(13.132314,27.998664)
(15.929066,10.741552)
(19.768760,41.988801)
(38.631675,14.671724)
(31.206175,45.185536)
(28.254180,18.451060)
(21.343565,59.193796)
(36.732565,43.831625)
(12.678012,33.299912)
(56.681174,19.137633)
(47.634748,31.525913)
(58.500485,55.632571)
(28.048675,23.634656)
(37.276229,9.687679)
(10.216020,25.968984)
(29.319189,7.357965)
(4.485455,45.631238)
(22.066094,61.922855)
(7.602847,15.412257)
(45.967755,45.029677)
(10.268494,37.976307)
(56.596790,14.218268)
(7.583937,44.883947)
(7.265979,55.764101)
(45.914847,30.772636)
(44.444395,7.794139)
(59.587007,47.201914)
(46.546850,22.133824)
(49.595035,48.875447)
(3.397754,6.055258)
(54.057424,25.058437)
(25.061589,15.596507)
(26.990887,20.334257)
(32.584931,35.509526)
(41.263639,8.821881)
(21.231097,44.958978)
(9.158897,17.594264)
(47.638684,22.106364)
(40.026653,39.159523)
(54.811648,37.320312)
(40.270530,35.246171)
(33.240612,11.617789)
(32.404867,7.184638)
(43.892658,34.801845)
(0.007877,42.679565)
(2.842990,3.969738)
(14.253656,33.489071)
(21.806872,35.012359)
(10.970899,47.534658)
(34.671101,8.625248)
(41.762846,39.083155)
(48.580666,12.255736)
(59.136923,34.417309)
(14.300983,17.023917)
(11.932305,53.602069)
(23.575019,27.146205)
(0.065408,54.017180)
(13.121836,43.190403)
(1.672183,47.097159)
(4.400636,55.118993)
(28.435765,9.493576)
(26.804883,36.278246)
(24.771213,26.591544)
(36.768345,0.494718)
(18.161309,26.513090)
(11.916999,48.591090)
(9.135243,49.591407)
(4.675922,25.138702)
(1.590641,34.942718)
(39.860182,40.131221)
(33.772215,3.887664)
(61.760341,62.832531)
(0.384376,9.076653)
(20.043635,12.489573)
(33.194400,36.317276)
(11.039281,28.567332)
(13.730532,33.437868)
(21.068263,36.781465)
(49.352534,49.721495)
(11.099214,57.296432)
(46.931109,32.318408)
(49.387599,15.288475)
(52.780396,15.974824)
(41.319241,0.438883)
(36.262668,41.343485)
(9.426532,37.532916)
(3.141157,4.715724)
(52.215481,13.101384)
(8.549942,33.781662)
(23.892416,40.510991)
(42.853985,8.355600)
(35.130897,52.176202)
(58.583213,45.208963)
(42.212898,55.045780)
(20.255991,9.475381)
(21.142722,28.513127)
(27.079657,51.717412)
(10.229086,41.167710)
(25.585896,46.883731)
(38.334247,61.288108)
(17.762987,47.236936)
(4.128709,33.208460)
(42.168855,9.847471)
(55.710059,3.022697)
(5.999371,15.760735)
(5.086877,44.397514)
(26.727777,51.688592)
(3.181619,17.908338)
(24.973822,34.780784)
(19.218436,60.044038)
(47.444697,48.572557)
(28.853084,46.687278)
(44.860836,0.991180)
(35.473400,43.430178)
(25.443551,30.233758)
(46.925476,30.233832)
(16.214972,32.384965)
(17.119535,6.524590)
(18.356254,9.867462)
(32.254985,19.944599)
(48.288000,45.030166)
(49.754016,5.608001)
(50.247616,34.763945)
(18.210976,33.200942)
(15.539359,48.248420)
(8.623674,48.148500)
(16.067353,30.008375)
(6.532287,20.562057)
(53.718220,20.659532)
(53.937513,29.662994)
(44.043360,42.577048)
(25.594292,38.240655)
(2.760974,33.066616)
(16.487246,3.429525)
(29.780557,2.193973)
(47.855073,3.474053)
(53.568586,48.072255)
(7.976082,6.117729)
(30.047288,30.031960)
(13.013383,18.244760)
(39.001197,25.306678)
(14.709969,37.371236)
(0.549734,49.351623)
(53.052836,56.051140)
(10.622165,18.234331)
(20.424529,11.213901)
(32.190652,29.469183)
(36.470612,12.112613)
(11.809379,30.436392)
(1.704303,53.621897)
(4.665237,27.233662)
(39.072449,13.731384)
(37.354011,14.362780)
(38.838162,35.407209)
(5.659212,1.692527)
(1.162539,30.482998)
(19.657796,27.417989)
(28.933021,11.523159)
(45.496792,55.944184)
(35.062783,39.368846)
(17.118335,37.481224)
(46.393677,9.951943)
(34.872224,16.226247)
(0.881066,9.552887)
(19.656543,37.552601)
(6.652296,29.655822)
(42.884801,11.817451)
(15.518452,43.248500)
(20.538421,13.757120)
(22.533447,4.678846)
(42.856657,56.052817)
(2.393553,33.999033)
(34.154092,20.015714)
(11.953899,6.084745)
(17.792279,42.848372)
(34.155345,3.000795)
(20.452091,34.099555)
(13.835696,7.674152)
(53.227177,23.829676)
(11.339636,27.448463)
(17.585785,14.797342)
(47.883867,5.176877)
(46.956447,5.131349)
(6.747049,15.747378)
(16.827946,29.372241)
(52.947087,26.220234)
(17.067832,27.692710)
(57.079495,43.300121)
(19.894890,22.288247)
(24.972139,38.251464)
(42.486320,4.615762)
(2.811904,59.330707)
(0.738813,12.173406)
(23.280235,14.953333)
(45.441405,31.362971)
(17.078427,51.384172)
(7.868651,37.635713)
(49.719327,10.621083)
(19.889598,51.450850)
(5.044557,50.275204)
(25.527718,44.910772)
(25.636022,20.394195)
(27.112317,8.079824)
(31.597239,47.171692)
(29.018501,37.202688)
(58.015950,55.907798)
(8.351907,23.037783)
(43.610583,36.474440)
(3.072496,55.369669)
(23.813442,55.059948)
(12.810194,30.592848)
(36.257802,39.377452)
(0.786069,10.849095)
(48.830860,10.390715)
(39.804112,31.198544)
(13.430502,11.905855)
(12.095192,31.112665)
(2.233060,48.241519)
(9.529541,10.660866)
(7.840565,10.004395)
(35.300379,48.758335)
(7.877933,37.736827)
(1.772337,0.045504)
(33.581004,50.537344)
(12.001903,53.000046)
(35.939008,14.649540)
(44.047597,10.265161)
(51.252785,49.554222)
(22.844252,6.822828)
(16.706662,39.055090)
(39.838342,2.316743)
(57.102941,8.459978)
(22.837243,15.158679)
(18.191376,15.070850)
(6.184676,5.498288)
(19.814800,61.214082)
(33.947267,18.077242)
(3.610270,19.862424)
(6.055313,14.393647)
(1.383288,4.623872)
(15.871750,10.130624)
(41.525827,12.010936)
(4.527521,52.979620)
(57.096750,29.776298)
(51.560948,0.878456)
(47.838926,11.848787)
(20.601361,21.643842)
(5.737877,55.923144)
(24.054749,21.456106)
(50.699448,48.461319)
(2.403865,51.542420)
(7.149288,18.431965)
(35.034433,43.964488)
(43.624778,42.108625)
(19.353828,11.774432)
(44.504445,59.808147)
(0.926156,7.299907)
(19.415165,51.362894)
(50.722098,11.052946)
(14.861732,13.736533)
(50.150050,11.945895)
(25.695087,23.968359)
(34.086580,51.413704)
(47.736042,41.415327)
(15.962093,18.527932)
(37.937366,58.839014)
(2.528639,23.444225)
(56.369045,22.948351)
(24.196884,22.826306)
(38.967899,34.544883)
(1.018478,61.069350)
(10.755122,45.977907)
(17.598126,14.337215)
(47.801497,18.500236)
(64.278613,57.241977)
(49.537237,31.262504)
(17.849792,23.999333)
(44.642732,6.996515)
(30.842257,11.423332)
(50.054895,17.525093)
(27.514197,23.583006)
(9.255437,48.448661)
(49.612261,40.271555)
(25.021287,51.547385)
(46.110869,13.022029)
(34.538785,28.939114)
(45.159626,33.163509)
(39.035057,40.817880)
(12.354179,35.942331)
(38.926062,24.392385)
(23.107993,14.689212)
(0.881413,11.150400)
(17.641980,28.373399)
(11.340908,18.967859)
(45.129276,57.785140)
(28.180896,40.721836)
(13.453745,11.289211)
(54.413562,11.579002)
(50.331274,27.315535)
(1.469164,12.503264)
(22.398018,22.112891)
(37.424839,30.019122)
(62.466486,59.410286)
(25.446489,13.438200)
(50.877541,5.094419)
(31.051778,32.835177)
(4.171489,37.430783)
(24.488056,15.653182)
(42.480956,18.561694)
(51.577605,2.414255)
(2.670678,46.166388)
(2.774490,34.809130)
(24.849714,5.914014)
(0.689535,56.386553)
(11.353277,18.909266)
(30.196784,3.165399)
(36.529796,54.125245)
(27.039805,45.391300)
(43.477527,14.628194)
(14.320317,32.674051)
(25.432830,26.759996)
(46.918308,53.284729)
(18.207481,24.075817)
(30.361118,5.631923)
(27.223032,9.895413)
(24.625513,45.508715)
(51.080104,35.527302)
(44.379585,42.250730)
(30.695316,56.435203)
(54.258086,33.952796)
(28.119824,19.167770)
(23.872552,33.539538)
(49.856471,47.635016)
(46.171722,4.308715)
(15.353941,32.764341)
(9.131608,27.308666)
(43.534689,28.458976)
(2.163752,32.814281)
(41.561452,33.538392)
(15.804634,19.904685)
(15.221364,29.847512)
(37.573305,13.103164)
(45.074153,17.240429)
(32.833165,20.500446)
(55.425987,10.242763)
(19.281981,36.746477)
(9.957836,22.439125)
(31.678907,56.023500)
(27.615194,13.819567)
(9.866096,47.535918)
(53.476836,58.797429)
(60.558944,35.941954)
(13.651989,24.360317)
(24.877464,13.686790)
(44.854470,16.453650)
(53.961040,1.908206)
(49.662104,3.276938)
(49.728743,9.257357)
(26.110698,16.202750)
(36.726161,11.170071)
(29.030976,3.939121)
(57.406155,25.688205)
(31.337082,3.217355)
(22.437550,19.340767)
(8.829617,8.719078)
(25.486953,53.839329)
(28.727449,56.069279)
(6.740626,28.304920)
(10.526955,5.911961)
(42.298924,34.866919)
(32.618398,47.852142)
(52.172500,28.834519)
(18.185012,51.878898)
(5.402986,53.131925)
(18.640789,35.112638)
(50.723061,44.789593)
(13.063951,34.723961)
(21.571316,20.188794)
(33.570857,32.501389)
(13.365708,11.920886)
(7.415423,45.363278)
(43.489874,41.637725)
(35.083370,48.849073)
(29.615214,16.706112)
(50.028386,38.987372)
(46.435300,20.954989)
(28.022110,3.726905)
(43.433533,32.168224)
(14.140330,27.513945)
(30.383546,3.636595)
(7.100724,7.772155)
(54.769026,38.340037)
(33.714555,5.682883)
(9.324666,44.999877)
(4.438115,11.073913)
(46.672425,5.881326)
(4.595777,24.421600)
(25.737271,28.883165)
(20.068105,10.619587)
(0.685898,35.472892)
(43.970116,44.084030)
(41.877232,53.250755)
(5.781552,34.108732)
(42.929554,23.793116)
(46.059446,37.697252)
(16.124797,28.216980)
(35.297411,50.556925)
(10.496466,32.776910)
(7.877278,15.462708)
(13.792145,42.541058)
(39.609267,49.811985)
(43.900762,36.882247)
(34.828494,28.480446)
(36.971272,48.727813)
(21.339391,54.912243)
(50.164377,29.292447)
(11.105929,34.166523)
(19.288679,25.697361)
(19.504514,23.368479)
(24.616098,43.429469)
(58.330910,25.175809)
(42.995741,47.411437)
(39.507593,37.970856)
(28.457647,22.809540)
(8.526712,3.408209)
(13.123857,9.184462)
(10.229353,14.082320)
(18.765250,12.919919)
(29.812558,30.678028)
(42.847636,16.572257)
(55.441019,14.808757)
(17.853097,34.946885)
(22.337119,0.178064)
(40.020658,51.893577)
(28.256491,7.450986)
(25.305824,47.539884)
(3.671865,37.915266)
(27.707099,34.084307)
(14.045513,33.170475)
(49.957334,41.238950)
(45.624303,39.296470)
(15.163753,2.730122)
(49.087152,12.334443)
(23.976945,35.357766)
(38.303254,38.398301)
(17.947684,53.825109)
(7.528101,20.232400)
(17.102284,25.815245)
(16.543244,21.051541)
(35.295399,5.605843)
(42.851582,15.697265)
(31.260711,24.429213)
(24.900123,17.190000)
(42.955923,25.888077)
(40.434217,21.894936)
(30.423089,0.135671)
(36.065601,42.463100)
(16.485864,10.717593)
(5.190111,17.263781)
(1.308883,45.075683)
(28.737848,31.452429)
(45.292164,31.059247)
(31.649649,58.702633)
(19.347774,24.593192)
(6.296561,28.708427)
(43.724748,42.239314)
(55.544960,45.126581)
(7.105290,44.816487)
(51.446454,6.668170)
(32.345509,50.888590)
(11.674057,10.375917)
(9.690958,12.011194)
(23.205383,6.096019)
(54.524677,13.217501)
(20.925529,13.334698)
(34.084787,36.153576)
(3.654170,47.926668)
(19.656351,53.774343)
(38.618973,2.906257)
(10.711927,3.003644)
(41.874028,13.125514)
(31.158052,32.212313)
(3.151915,36.229351)
(28.052276,33.950777)
(56.860776,10.123198)
(43.633428,19.819173)
(40.736659,61.900283)
(49.696952,2.362054)
(33.391516,24.436832)
(11.782532,3.465163)
(3.945078,21.506730)
(56.097406,9.908917)
(10.687758,45.945859)
(52.587716,18.103616)
(42.909452,5.366811)
(4.730304,42.881789)
(22.290198,44.542803)
(21.922182,50.873620)
(25.923991,51.305278)
(50.347453,43.089463)
(14.710940,17.325570)
(45.894910,45.476831)
(58.673391,9.650342)
(37.391543,6.261683)
(8.937111,21.783778)
(25.152810,46.139612)
(37.289804,31.960211)
(57.249504,7.646002)
(45.536999,45.006783)
(41.812973,12.268216)
(39.471685,40.001510)
(20.805457,1.235497)
(2.765715,8.659581)
(48.459454,28.116381)
(41.167528,18.181036)
(27.267574,5.945649)
(51.624107,37.263038)
(45.372189,45.036960)
(19.726207,4.477896)
(27.260386,33.549855)
(29.460379,29.500671)
(15.880786,36.655353)
(32.968488,7.294422)
(20.510189,43.519435)
(7.363430,48.365621)
(35.123833,41.992650)
(18.554903,14.492418)
(16.394847,20.316143)
(4.159862,9.964999)
(51.946763,44.724021)
(42.180447,46.940036)
(4.994944,44.008871)
(1.561865,31.035068)
(46.037397,21.701840)
(27.890680,21.706566)
(27.644923,42.584678)
(4.662396,24.843600)
(27.226007,16.528055)
(27.550859,4.793470)
(8.824422,21.817874)
(41.381134,48.772405)
(34.511660,40.113364)
(15.899714,12.838323)
(56.301399,24.439336)
(30.092977,30.458661)
(0.724169,3.665382)
(3.608921,14.788704)
(39.073186,9.951850)
(28.753042,10.496742)
(8.051391,28.185006)
(20.670536,47.944651)
(28.353838,32.830577)
(16.215608,42.105987)
(35.647722,35.930446)
(8.322946,2.326636)
(32.789563,13.862224)
(45.157461,57.308295)
(55.621281,21.726499)
(10.875835,52.819142)
(35.416973,50.164718)
(5.302663,21.599219)
(47.445785,7.208271)
(39.208241,35.656528)
(22.783093,51.092843)
(8.328979,6.681070)
(1.707160,33.356082)
(19.461437,42.228291)
(15.688447,49.381247)
(38.862219,10.700346)
(43.193962,46.773229)
(28.237964,7.160710)
(1.850908,38.411988)
(38.992039,42.966721)
(19.251726,23.091363)
(27.710842,42.661524)
(15.774121,36.116763)
(13.534775,1.209237)
(12.889569,45.803156)
(54.007168,28.116101)
(10.763355,32.949610)
(42.922055,14.489604)
(28.940002,47.005647)
(16.929848,9.551127)
(57.572530,13.974375)
(22.895326,31.873290)
(34.746478,23.454132)
(28.319719,19.344457)
(36.019019,3.281406)
(6.122692,12.419470)
(58.410191,54.915699)
(37.021537,23.916453)
(18.811183,35.359704)
(53.967070,33.837306)
(0.843426,28.562124)
(48.145878,38.712625)
(61.168353,47.596844)
(7.166011,26.426196)
(2.535114,18.596311)
(29.517694,5.904410)
(22.277261,41.842103)
(13.266785,54.955534)
(4.455182,15.524738)
(36.081624,5.823193)
(31.950211,43.192026)
(31.094875,4.128373)
(28.007194,47.066525)
(6.883453,20.119134)
(48.051972,22.723779)
(1.934510,52.662584)
(50.251567,33.786243)
(14.610892,46.062872)
(60.112049,50.754275)
(50.659500,18.131697)
(20.409421,51.371355)
(41.774643,23.931280)
(43.777095,41.083841)
(42.016390,24.051466)
(26.647804,49.694940)
(23.707999,53.496855)
(32.286581,16.170854)
(50.075082,25.269517)
(42.645742,5.163607)
(13.716670,7.399872)
(32.837082,21.314472)
(8.661538,4.513400)
(29.137068,4.992065)
(51.142128,22.310215)
(24.793400,43.261450)
(43.632391,14.890408)
(41.392766,47.939425)
(15.525241,42.465823)
(20.683462,24.483212)
(16.041021,13.372365)
(3.148444,7.817359)
(34.750308,38.444354)
(5.543292,21.291549)
(32.772981,6.115590)
(43.422621,44.102149)
(36.523210,48.594667)
(40.504037,18.332602)
(35.855196,56.276734)
(44.260659,18.648891)
(47.612293,17.536421)
(39.141663,37.206763)
(48.898813,18.208856)
(15.355484,52.265615)
(10.118005,40.760338)
(23.224373,4.603768)
(47.912879,2.023186)
(1.522568,12.546286)
(46.213784,32.864745)
(46.746630,52.784411)
(23.237043,23.063430)
(19.397738,4.201487)
(42.074519,8.419651)
(10.836131,16.298908)
(48.572960,15.508996)
(8.196252,48.397668)
(47.823255,7.478512)
(24.906649,30.085189)
(36.018909,47.249223)
(7.957046,9.248483)
(50.951229,42.389086)
(30.924414,50.769510)
(61.835476,40.154227)
(44.552034,55.353266)
(2.258681,5.346512)
(47.390372,51.627388)
(3.379579,22.778553)
(11.658370,19.904033)
(9.326202,37.049781)
(57.598417,42.562397)
(39.651551,7.733612)
(50.588978,46.811176)
(26.886441,43.735403)
(30.051450,34.758948)
(26.186854,50.006039)
(26.297873,8.383521)
(19.003573,46.850124)
(35.167856,29.833483)
(1.129812,11.771896)
(30.676417,37.238798)
(32.733875,51.778665)
(3.683016,26.567331)
(44.504868,33.175301)
(45.036563,5.858740)
(51.981325,31.657575)
(53.346637,32.270755)
(12.301981,17.435387)
(31.983645,13.311671)
(8.583150,7.194945)
(46.815954,31.001206)
(19.163987,6.704605)
(56.148226,49.651184)
(24.655980,50.380924)
(32.566933,12.674505)
(7.903181,9.081050)
(49.049181,22.211748)
(38.132310,18.448209)
(7.879474,34.335769)
(26.063136,42.445175)
(3.355892,4.137941)
(53.812714,39.011481)
(46.127339,3.361491)
(23.055736,3.518540)
(33.720298,37.810135)
(30.404165,24.454880)
(34.740128,42.078333)
(39.005255,38.616915)
(37.238414,30.987094)
(36.855647,56.993880)
(45.573340,8.594286)
(54.165787,11.426480)
(51.980064,36.982794)
(0.294876,56.123874)
(37.799762,46.048477)
(41.692479,27.729723)
(29.859063,17.354276)
(13.646442,8.205399)
(15.924637,37.354037)
(56.798529,20.248931)
(4.838455,3.955305)
(43.016537,41.469523)
(44.725051,43.669253)
(1.826903,36.206647)
(42.313015,14.725704)
(11.257675,20.432551)
(53.451349,43.538049)
(8.157560,35.637762)
(48.831634,35.400071)
(61.491613,58.936924)
(45.998555,23.534222)
(42.045877,10.020230)
(32.789314,56.288800)
(23.901906,16.719717)
(18.784196,30.450537)
(41.390443,39.504870)
(38.886396,49.143937)
(28.878209,51.380356)
(0.432677,17.238642)
(15.579106,44.946838)
(46.581911,16.984843)
(52.892112,9.517509)
(63.341332,45.768550)
(29.510564,2.435695)
(27.707411,14.215617)
(20.895808,44.698071)
(44.638532,52.617460)
(49.412414,12.583226)
(22.617844,33.063403)
(5.450908,49.011780)
(19.125555,24.895224)
(48.272511,35.991163)
(7.521678,30.998708)
(48.176641,26.299012)
(46.396712,13.552688)
(25.532135,13.849096)
(30.710050,46.346617)
(26.912453,1.809607)
(15.256660,12.884715)
(51.393276,27.890006)
(47.941873,48.424004)
(22.319481,52.008899)
(24.422256,20.729261)
(30.689081,22.054994)
(40.262559,61.680772)
(13.491940,57.441945)
(11.994054,23.650173)
(55.380937,40.942997)
(23.776623,43.534768)
(26.856396,30.036049)
(42.789906,26.829512)
(55.000451,5.452165)
(52.963392,28.823455)
(29.107829,7.508614)
(29.794010,0.590081)
(46.921228,30.673738)
(37.710483,4.452944)
(49.200796,19.542509)
(2.094969,3.191795)
(46.807590,51.146163)
(48.853928,32.225649)
(12.088573,11.882442)
(7.857990,61.470646)
(6.948166,53.901320)
(48.252370,47.417519)
(49.630585,26.249462)
(10.563908,21.471687)
(33.651886,41.294586)
(47.680070,29.573444)
(12.773573,38.273722)
(5.953253,58.349344)
(39.069476,6.349240)
(51.807471,42.456331)
(32.931117,48.179271)
(7.401888,53.581920)
(10.672040,55.282638)
(50.469328,51.835197)
(30.968018,38.958918)
(50.708697,43.790257)
(31.830047,40.948376)
(2.850486,22.818478)
(48.838893,3.591665)
(29.328770,62.312058)
(28.404476,35.546022)
(30.712861,31.579366)
(50.053679,4.742394)
(33.729979,43.313072)
(2.498196,48.425335)
(43.145923,38.751677)
(20.749524,53.207585)
(46.995302,8.214459)
(53.242429,52.854342)
(30.624035,7.488030)
(31.894750,57.172790)
(26.480897,12.900226)
(20.831977,28.083867)
(6.349176,60.169652)
(41.540046,13.752563)
(6.571536,11.228412)
(1.059913,12.034787)
(20.477546,40.160291)
(50.664779,7.046746)
(1.925681,53.968773)
(33.923081,7.601300)
(16.238108,35.143738)
(3.986350,18.699161)
(48.009854,38.403858)
(36.543081,10.251486)
(16.189724,40.271635)
(25.457954,0.389009)
(35.407090,18.389222)
(3.040521,13.785679)
(21.698478,8.364213)
(13.837273,40.372457)
(21.175960,45.354227)
(14.631023,26.170972)
(15.958316,45.131390)
(56.084465,51.616792)
(18.896305,47.679738)
(15.856333,24.260454)
(24.590881,5.632785)
(10.942868,1.128837)
(11.360707,42.452415)
(24.791813,31.641456)
(8.819618,34.976421)
(15.006986,27.147153)
(39.931302,3.477476)
(16.575341,6.607622)
(44.340441,52.575653)
(62.876375,10.267083)
(34.995032,8.861239)
(35.197126,35.920746)
(45.492225,21.074087)
(15.824644,36.506743)
(40.658883,59.967228)
(6.504468,20.699943)
(34.121038,31.792192)
(48.319575,47.893273)
(41.989381,29.027735)
(35.063159,18.617661)
(13.825401,25.412696)
(27.439374,31.895993)
(31.251690,27.814829)
(56.109468,51.915511)
(33.235801,48.582597)
(52.243538,13.219604)
(42.857256,39.629602)
(50.205082,39.631012)
(17.823811,0.598909)
(60.941659,2.520398)
(5.760269,48.492764)
(37.612314,54.748478)
(9.187057,25.476802)
(5.215752,30.473874)
(39.399581,27.674973)
(27.715535,44.219098)
(35.147950,24.294576)
(56.361413,0.841216)
(28.532240,10.259937)
(4.718958,47.975839)
(28.427851,33.257003)
(7.101195,35.067657)
(51.461053,27.967442)
(37.922467,57.033355)
(26.812333,30.826665)
(54.510298,12.147762)
(49.104525,24.277690)
(27.770822,59.817432)
(23.463788,49.338687)
(34.861234,18.058808)
(15.987860,43.321135)
(23.831143,15.880797)
(9.740692,48.580229)
(4.613754,25.516484)
(36.625391,39.201690)
(11.814626,14.685777)
(0.495209,5.658324)
(18.002465,49.934413)
(10.426824,49.701591)
(52.296511,53.145889)
(46.936884,25.314085)
(32.232151,48.588430)
(15.128109,32.909140)
(33.465723,49.302560)
(34.129461,13.858871)
(0.907826,16.815046)
(44.860975,27.135968)
(45.451613,10.379379)
(13.223852,31.258080)
(4.805784,52.218161)
(35.286365,18.274504)
(9.606129,19.017534)
(52.890457,10.254672)
(15.003233,46.902645)
(25.100940,39.649023)
(4.710273,21.682938)
(6.902102,10.903772)
(45.936599,21.440502)
(9.315643,30.766148)
(11.737294,1.054819)
(9.293660,46.109195)
(40.445107,31.729638)
(53.149761,0.781829)
(15.428144,5.537348)
(48.317302,7.627298)
(27.223565,21.544440)
(9.570729,6.033723)
(48.731214,36.292796)
(26.258482,33.310063)
(9.747918,26.368698)
(6.238387,1.465705)
(27.540781,59.306753)
(61.291760,6.986647)
(8.887063,38.699830)
(1.898427,1.902877)
(15.774862,20.479546)
(35.784979,56.069205)
(44.794435,45.506571)
(31.268751,45.207932)
(16.286508,35.889350)
(15.922520,16.588012)
(47.667006,14.475122)
(9.797587,1.080169)
(13.253140,26.702288)
(58.322638,31.738585)
(46.012627,30.334335)
(21.766805,50.025258)
(0.810338,11.656982)
(10.362521,32.489898)
(6.684539,39.081869)
(16.213369,36.740100)
(29.673199,1.781280)
(32.583145,54.347406)
(54.658917,1.537915)
(21.189839,59.740181)
(35.871008,5.669806)
(58.087525,20.085960)
(45.168580,4.881892)
(44.517659,1.488052)
(54.485866,30.282009)
(4.728627,27.516091)
(50.040014,16.342454)
(7.113608,31.495526)
(7.682210,34.326925)
(51.720407,41.124028)
(20.613250,30.496684)
(50.177402,39.979813)
(2.233903,29.979608)
(49.060071,33.874447)
(42.582063,34.832063)
(9.868464,16.024998)
(37.698644,23.659394)
(33.296251,22.636347)
(4.275156,54.762184)
(35.422558,45.865893)
(20.377065,0.766238)
(8.240966,35.006111)
(20.388977,62.138343)
(12.295282,42.776721)
(6.261035,34.057867)
(7.708093,43.487250)
(56.855354,25.541972)
(52.474309,38.010920)
(22.059960,34.703743)
(28.128059,16.317528)
(47.123804,16.122783)
(19.773074,36.135093)
(13.930429,4.264795)
(51.619016,13.537593)
(17.617957,0.575557)
(21.574304,16.292560)
(29.049378,10.493324)
(15.117947,49.869336)
(59.389160,7.336584)
(10.265810,8.864600)
(58.725229,1.652954)
(24.740191,11.344397)
(50.222649,5.748034)
(2.842454,24.860865)
(25.488384,42.811415)
(31.192777,0.614749)
(0.140243,32.870501)
(15.987411,39.277061)
(4.478299,49.024375)
(38.352658,34.277277)
(27.454235,55.865208)
(23.571914,8.150310)
(49.840408,35.791660)
(19.079139,17.548633)
(12.981567,28.887916)
(32.803929,40.319932)
(23.764588,11.076498)
(20.397119,18.608386)
(30.178345,38.624502)
(59.704279,11.351910)
(51.950739,30.472951)
(48.304586,43.581584)
(33.997580,7.200955)
(59.922939,40.098659)
(59.292604,2.294248)
(33.261961,46.466687)
(35.184441,48.990515)
(11.543733,14.708819)
(16.471898,40.563897)
(48.642496,59.839583)
(19.518636,16.149250)
(39.356803,16.729362)
(8.443949,57.666054)
(53.474015,32.181525)
(51.080315,8.554488)
(4.903559,9.682488)
(41.368570,25.076816)
(32.429465,52.650571)
(40.844232,30.301847)
(30.544190,9.433657)
(50.539661,47.355614)
(2.866650,31.168011)
(38.282683,1.056871)
(48.253126,18.840540)
(21.712115,50.443768)
(19.765184,31.755958)
(62.741847,42.232733)
(60.769834,21.432869)
(27.874695,7.872717)
(12.801594,33.370153)
(51.345617,6.002948)
(2.737521,17.985328)
(3.194888,48.581134)
(15.816909,37.684287)
(48.878184,38.096472)
(12.068118,38.626393)
(35.505709,22.315613)
(48.848801,35.719951)
(5.808797,28.128194)
(37.828504,23.687798)
(17.610485,43.441745)
(51.840329,22.595335)
(20.636442,33.286185)
(28.729863,54.936588)
(52.178105,51.018270)
(1.040920,6.213369)
(61.444268,51.205278)
(13.160749,17.522096)
(40.336638,29.158259)
(3.490160,17.228908)
(30.810596,13.369304)
(46.618352,10.024967)
(35.498971,40.999017)
(33.336297,32.509464)
(25.477711,44.462910)
(40.838645,30.717329)
(53.551002,17.647727)
(54.998797,18.956710)
(19.901346,55.701690)
(40.083970,6.389215)
(17.251861,6.145448)
(9.038012,9.538594)
(10.195687,51.171885)
(6.191341,2.902179)
(15.468276,56.121507)
(2.272043,34.341911)
(19.819863,18.733309)
(20.317830,26.493414)
(29.970949,40.661544)
(30.427776,24.709507)
(21.340847,35.607814)
(23.079883,2.980632)
(33.895285,9.562478)
(0.758614,28.070866)
(38.993918,21.420096)
(42.435638,28.064157)
(0.845083,29.793116)
(0.555115,52.362241)
(39.719418,40.140209)
(7.807750,59.348378)
(46.068532,48.280471)
(8.114817,27.233012)
(50.762292,53.438292)
(55.372396,38.128130)
(0.362259,33.593509)
(49.876271,10.401319)
(7.835922,36.078496)
(48.405640,6.827506)
(43.229800,31.027350)
(20.742074,17.025430)
(37.225137,41.491685)
(5.018366,36.456516)
(5.518852,31.112399)
(19.313634,42.693639)
(26.971133,58.965251)
(45.789814,45.004548)
(25.632981,55.229556)
(15.856396,23.291382)
(34.811527,38.386944)
(51.013961,24.207457)
(7.704274,6.700467)
(12.383451,6.303759)
(12.705997,44.798331)
(24.174635,32.158651)
(0.279322,11.289869)
(51.623635,3.092799)
(26.921173,25.120717)
(6.411714,44.893974)
(33.268950,23.782682)
(29.944461,25.121290)
(34.011502,36.483289)
(3.765615,48.974437)
(49.828607,25.912040)
(16.554470,54.565638)
(36.161283,41.099887)
(5.650313,18.773460)
(44.686771,35.737177)
(29.309526,20.530651)
(61.873899,8.064407)
(45.032497,1.015301)
(16.180977,5.253124)
(15.015572,20.270374)
(34.544257,26.319029)
(19.011976,31.722563)
(49.272613,15.108788)
(11.442904,2.541961)
(2.483281,54.063290)
(19.592995,53.206793)
(18.779494,35.395176)
(4.413994,43.492501)
(31.974903,30.969966)
(10.230690,11.353813)
(1.009607,49.290583)
(15.221847,16.221171)
(59.370871,32.388970)
(11.691108,53.354900)
(1.359882,43.726778)
(34.787627,7.301264)
(1.875352,5.657077)
(27.547702,43.167456)
(41.784636,46.241949)
(41.372915,53.293675)
(6.341040,11.308468)
(43.985617,24.625698)
(16.005688,48.485116)
(33.444463,20.427355)
(29.233380,37.020599)
(39.756411,41.081055)
(45.013695,33.188509)
(32.191458,13.446827)
(39.875166,31.962999)
(35.846813,17.231165)
(29.318826,13.315351)
(38.245263,17.790086)
(4.402927,30.893988)
(27.960311,39.569528)
(28.832073,52.429439)
(41.923881,61.235428)
(41.971614,52.017568)
(19.365807,12.577190)
(43.015596,40.448135)
(49.216893,12.926247)
(22.591131,0.381637)
(6.634395,29.060262)
(42.883667,44.081930)
(7.041316,41.957479)
(37.258166,23.009642)
(5.568019,15.724510)
(5.410952,55.248519)
(36.253319,27.024482)
(8.702124,15.398186)
(21.151564,8.136706)
(49.283168,7.421059)
(1.646568,13.244193)
(36.376480,12.847788)
(26.314501,46.729448)
(2.374966,25.995893)
(44.001436,53.240111)
(14.154546,10.638498)
(38.502163,28.307638)
(35.578831,6.519408)
(1.537909,29.350353)
(0.634728,56.665538)
(41.343214,41.099482)
(45.109111,16.024445)
(34.691044,0.103233)
(25.056369,40.288521)
(26.617055,25.747381)
(3.751222,15.493186)
(21.829301,30.259063)
(0.402262,27.318922)
(35.047613,18.852850)
(40.929518,15.465416)
(54.562814,61.463661)
(56.463908,30.920781)
(27.428102,26.723690)
(24.027529,25.187724)
(12.801779,33.475738)
(28.857384,19.142374)
(55.323685,28.582849)
(21.614170,44.498853)
(56.599551,7.929152)
(7.175059,16.791637)
(29.498196,37.325652)
(49.981804,39.143923)
(36.708177,49.842648)
(41.384416,8.149269)
(56.555316,46.119972)
(42.922964,57.109387)
(14.987872,19.217752)
(1.478587,45.955205)
(9.651854,25.027442)
(29.849150,46.309426)
(16.824392,0.043894)
(11.550863,33.268365)
(34.966721,25.243368)
(10.788863,43.018531)
(54.218300,7.907906)
(24.200829,4.458211)
(17.565649,49.237686)
(23.971906,9.671723)
(9.537574,41.803270)
(36.464235,27.329348)
(24.129300,19.193152)
(5.987858,28.169529)
(35.649803,49.727268)
(33.387764,52.902177)
(24.202247,45.022865)
(62.832530,30.905354)
(25.829708,17.992806)
(39.947075,35.785625)
(50.380301,47.340096)
(0.219356,5.438184)
(33.289185,50.087133)
(15.900381,3.743850)
(7.861369,28.494437)
(38.437226,10.233457)
(4.667943,28.874467)
(42.709909,10.343259)
(32.967231,35.563742)
(36.246758,20.732824)
(52.504266,23.034689)
(0.987568,29.833043)
(23.138770,47.307101)
(57.079860,5.112440)
(43.991131,12.735742)
(32.250112,11.663569)
(11.405906,51.309708)
(44.858299,32.686225)
(27.770627,23.344799)
(3.317702,25.551318)
(37.019453,49.187472)
(8.353274,37.786857)
(12.231857,54.616615)
(44.911898,44.413597)
(22.614538,16.038493)
(47.430232,33.782586)
(44.830663,27.528952)
(24.174669,39.954735)
(48.360493,44.548739)
(48.690831,25.026114)
(53.184350,45.371871)
(54.956983,0.332802)
(17.632292,45.175916)
(41.709291,40.813728)
(51.286691,41.161074)
(51.248006,51.270986)
(42.403102,15.859746)
(31.940720,3.290226)
(12.108956,0.818535)
(19.820504,0.850073)
(10.997649,21.564397)
(13.239599,35.928221)
(48.728503,27.980811)
(24.184958,16.039668)
(34.130216,1.947034)
(35.262864,54.239405)
(20.175255,36.554454)
(48.633927,36.718708)
(37.290739,40.395758)
(35.601977,18.960676)
(28.326068,42.519032)
(57.352984,11.059275)
(10.194693,48.735968)
(9.061492,31.719725)
(32.159321,4.646511)
(29.448105,0.907490)
(41.052870,26.029745)
(17.889654,27.503263)
(46.119544,17.673310)
(17.722616,22.888405)
(15.027703,37.330234)
(26.163184,8.573134)
(34.517212,20.844039)
(5.906824,39.153037)
(51.185438,19.621800)
(2.302194,27.501267)
(53.420582,10.956848)
(37.076235,39.176379)
(32.315444,18.792441)
(17.457923,8.866914)
(34.191651,32.280185)
(44.231361,3.788195)
(9.910918,3.539594)
(43.314497,20.963218)
(34.832643,47.842781)
(43.532570,51.444632)
(29.220452,52.433769)
(45.533925,22.061975)
(47.519238,32.429970)
(42.816920,47.674312)
(8.175076,49.488609)
(9.301665,51.795648)
(32.741525,26.888156)
(37.576969,50.942055)
(24.981465,54.731407)
(44.895716,11.172954)
(22.205365,55.417618)
(0.880727,33.540782)
(17.767427,23.954478)
(17.605211,38.102671)
(42.616570,25.564519)
(23.510806,15.698556)
(0.240867,41.066365)
(37.388378,57.046592)
(6.062343,32.115633)
(7.901092,19.060802)
(16.760158,50.692030)
(28.138738,55.275542)
(48.592636,30.336330)
(46.197771,49.654533)
(50.641768,16.284630)
(11.351248,0.093509)
(54.497105,55.890598)
(35.792426,23.534463)
(24.193659,54.308671)
(2.803838,45.019457)
(38.845420,59.393999)
(24.351200,37.735408)
(32.040212,34.370933)
(11.591925,10.957311)
(32.798981,56.880599)
(20.394295,7.309171)
(39.845050,16.466273)
(51.201707,20.531797)
(43.361236,31.590171)
(45.017959,62.021378)
(2.834333,10.998825)
(4.536020,26.638467)
(29.411055,41.510429)
(9.266930,28.438883)
(15.136684,38.239349)
(18.690438,10.797581)
(50.352925,37.861202)
(46.864691,2.928290)
(43.637103,31.545758)
(46.386007,25.128233)
(1.287906,10.322666)
(38.373409,44.537865)
(1.013136,19.988680)
(21.741329,10.881960)
(45.479167,2.665448)
(47.713768,19.052151)
(15.174058,41.623364)
(47.824115,40.654027)
(49.570210,27.803320)
(9.091820,34.931982)
(15.398064,1.212448)
(23.593725,47.835149)
(10.583859,39.330101)
(8.102844,50.708660)
(38.796378,15.131513)
(21.510369,0.052405)
(36.301078,51.927043)
(1.906598,4.962175)
(57.767205,52.033070)
(6.302955,54.330268)
(10.981199,31.373241)
(25.655299,4.866285)
(13.618584,20.114042)
(3.718872,44.436705)
(62.301110,4.010702)
(10.842903,15.775834)
(33.539113,3.500524)
(14.042383,16.755561)
(35.036616,26.544990)
(53.536534,31.469902)
(10.324152,5.692367)
(11.707570,23.538963)
(12.305269,36.713361)
(50.088647,7.112489)
(21.422756,48.916449)
(39.760463,27.433068)
(5.487576,52.095845)
(29.780785,27.450767)
(14.821167,11.818616)
(16.177254,39.199314)
(53.396863,21.914614)
(49.274639,63.457459)
(39.938535,9.446988)
(47.489494,3.469935)
(2.905105,17.014870)
(28.112550,18.971136)
(41.326578,45.505020)
(36.284053,12.510321)
(47.907188,7.079851)
(24.772072,4.370862)
(17.510236,34.632856)
(55.032630,17.239965)
(40.320970,11.456281)
(50.847193,41.977143)
(17.593850,36.071392)
(28.536091,29.277836)
(35.803722,41.128902)
(61.592817,16.649431)
(20.057746,33.677705)
(40.528676,19.058706)
(41.110366,10.870227)
(3.464894,11.840950)
(16.439489,21.084440)
(0.561188,11.059191)
(44.685681,21.563845)
(6.450106,14.389324)
(11.598009,58.978597)
(9.398666,35.412702)
(34.087061,31.706070)
(19.741175,9.098699)
(13.573795,18.150813)
(5.810684,25.650533)
(29.823143,9.173395)
(17.369743,27.544542)
(17.161986,42.897714)
(40.164498,61.565297)
(36.788491,37.781427)
(27.523143,47.139165)
(47.181424,60.697725)
(46.228117,8.695987)
(3.974008,25.703378)
(17.396007,21.572492)
(12.907819,52.030842)
(2.592000,45.217463)
(51.783142,52.137827)
(21.757053,22.577161)
(32.152886,51.880975)
(22.861687,41.081930)
(32.438389,40.235819)
(48.100363,12.992750)
(33.431078,12.919375)
(57.700028,44.302989)
(17.560696,46.242440)
(50.201335,14.192527)
(2.863169,51.038813)
(35.588986,13.455253)
(1.597006,35.565288)
(60.640538,8.021533)
(25.691761,44.740041)
(34.376473,54.472468)
(42.074126,0.694027)
(31.349968,47.299778)
(18.196128,51.922745)
(17.023490,29.795726)
(22.366180,1.313492)
(36.428191,38.272007)
(50.271857,50.329257)
(55.658877,29.111157)
(50.221846,32.830859)
(8.587149,54.358264)
(15.040941,8.748422)
(32.471069,44.872482)
(11.969591,18.798006)
(39.746019,60.758883)
(32.258126,51.297087)
(18.925946,46.650608)
(40.168278,18.961978)
(25.434977,40.620602)
(48.474451,11.316135)
(23.667222,1.104519)
(24.791977,24.064050)
(22.192178,45.617029)
(34.021563,18.935777)
(18.057393,39.759390)
(24.459539,8.910952)
(0.161130,28.123899)
(45.204400,33.161885)
(34.062091,25.253274)
(21.768429,30.181144)
(1.597051,16.994895)
(22.380156,2.299233)
(20.619642,4.330556)
(43.253619,39.222490)
(31.046517,40.255559)
(43.820316,26.852043)
(5.325906,23.251735)
(37.635021,48.351260)
(29.841538,50.502004)
(7.676939,9.140737)
(15.381784,29.824136)
(29.472487,30.350125)
(21.381006,39.215919)
(27.720660,41.156683)
(1.675879,5.484969)
(21.165431,10.055526)
(1.684670,1.892439)
(13.897158,24.880380)
(6.476422,35.675040)
(1.087465,8.192965)
(15.683882,8.844514)
(14.208563,44.091952)
(23.796425,58.989678)
(10.921648,16.202817)
(0.530082,50.608470)
(31.695457,24.919346)
(15.934721,34.124201)
(31.421432,40.602345)
(16.745362,54.642926)
(34.728629,11.301774)
(38.322223,1.738483)
(33.917133,51.337737)
(40.669371,25.234198)
(34.855177,23.579317)
(46.286118,18.880205)
(21.327039,26.346877)
(11.957331,48.253404)
(34.103936,7.907347)
(27.051746,57.049701)
(10.592681,53.010983)
(8.869281,43.555840)
(59.028988,6.629446)
(39.585480,16.408179)
(36.069829,48.925345)
(35.611864,2.935456)
(54.005434,33.348051)
(20.285883,39.634757)
(15.907809,8.874764)
(37.857036,25.112599)
(44.274517,49.300390)
(54.308616,34.453724)
(21.038140,42.453606)
(9.465332,27.779095)
(36.355313,40.051690)
(59.175940,52.166499)
(28.130875,17.737010)
(29.845009,30.027893)
(21.948798,5.073769)
(28.217113,0.831471)
(49.603655,18.710500)
(23.781093,44.348171)
(10.827307,12.924774)
(32.506659,24.658896)
(29.925698,30.822741)
(50.720226,57.398090)
(46.136457,9.949125)
(39.769739,9.953708)
(20.380430,36.697745)
(36.754533,14.557078)
(41.998677,18.279981)
(29.484330,43.123976)
(53.164881,31.080371)
(2.191987,48.462678)
(58.947151,43.994187)
(0.671226,3.946984)
(0.270298,11.484992)
(56.072785,50.145336)
(22.613729,36.118547)
(51.055956,16.934518)
(20.239760,27.077794)
(37.628249,51.313480)
(26.676862,45.185348)
(22.147171,48.815853)
(37.281476,36.192216)
(57.249632,2.585088)
(43.362218,23.064910)
(39.344543,47.592635)
(1.821916,29.379828)
(6.327952,52.113993)
(30.142714,1.639151)
(16.778274,7.071989)
(40.844726,19.236806)
(42.318550,26.736283)
(11.615154,13.580141)
(32.496692,30.927790)
(20.693094,4.826464)
(30.772792,13.879366)
(30.908338,11.223576)
(21.977094,40.425250)
(31.010172,26.416244)
(35.026452,34.025401)
(2.161328,9.339883)
(0.854864,35.980625)
(32.332319,6.952509)
(31.389227,3.960768)
(13.651809,62.654643)
(23.656563,32.433905)
(58.015464,23.065637)
(5.245604,40.493340)
(30.683463,31.843324)
(14.121906,9.925396)
(32.904502,52.464086)
(52.227349,0.078634)
(23.716109,5.756160)
(48.836192,45.827924)
(58.045117,26.580755)
(40.062944,31.318064)
(18.982255,48.459121)
(49.805126,17.390195)
(36.283465,28.823972)
(34.295609,19.304716)
(5.675402,12.439552)
(39.268020,30.455632)
(52.831496,5.195565)
(0.238080,47.782706)
(20.527450,9.613086)
(52.791398,22.851258)
(23.071005,11.130203)
(7.794176,24.329227)
(39.620724,31.572318)
(12.979875,29.557595)
(50.277264,57.711790)
(50.399273,41.863012)
(15.846992,21.457618)
(56.819995,26.961836)
(0.536836,53.595845)
(1.179210,21.519195)
(21.935815,1.264148)
(25.256084,27.790863)
(17.863049,46.813173)
(23.463654,34.949930)
(37.281753,45.141671)
(9.584441,27.124644)
(48.723435,20.322791)
(41.522519,25.232710)
(46.082994,27.700033)
(53.297618,49.516171)
(44.961743,33.245262)
(43.913148,45.543425)
(45.442344,28.424116)
(22.697403,0.832200)
(45.182023,22.499417)
(9.093087,12.488358)
(17.810101,43.922817)
(56.810259,55.162118)
(43.279816,12.534183)
(52.588743,60.215359)
(43.043052,15.634457)
(7.663964,27.340110)
(11.216072,53.810234)
(52.118601,43.461482)
(10.336621,37.753264)
(47.415208,28.435044)
(20.584348,52.398390)
(7.216554,11.792603)
(49.010052,60.934713)
(50.323613,18.581838)
(54.758976,55.007051)
(53.004175,5.126140)
(33.150075,56.817471)
(47.643061,57.223045)
(43.976309,35.803622)
(41.023014,52.231182)
(45.558743,31.339184)
(29.198706,8.220663)
(35.855876,34.007104)
(26.605880,34.745025)
(50.243597,49.096458)
(7.896223,1.407733)
(46.659968,26.134179)
(27.108439,53.853223)
(45.103402,35.504386)
(13.124289,49.346222)
(24.605151,53.580666)
(31.542246,1.414903)
(32.124821,3.255763)
(3.717145,14.479509)
(2.421024,29.517001)
(20.937542,47.506812)
(15.849005,45.747812)
(34.997500,42.681951)
(38.575714,51.298982)
(53.252271,3.696982)
(58.781803,49.565145)
(17.128536,7.605485)
(29.974521,58.828033)
(30.606614,58.448169)
(41.853930,43.818306)
(49.112936,1.866061)
(12.669475,20.013601)
(27.524846,11.571836)
(23.350266,36.178988)
(15.289206,42.059937)
(19.328134,28.881558)
(54.277750,53.809564)
(7.369790,47.047522)
(27.715809,5.459489)
(17.455004,45.066968)
(9.595577,54.454454)
(25.167078,15.826385)
(35.693248,31.512545)
(32.238697,27.234897)
(43.729619,0.548592)
(39.419845,24.911517)
(55.684577,54.748816)
(50.756446,32.799010)
(7.264294,26.275763)
(3.479528,23.553874)
(43.461470,42.030912)
(33.106497,4.817392)
(13.261737,17.944123)
(14.758424,47.660707)
(33.882636,5.825027)
(31.185917,30.453461)
(54.211048,29.984572)
(3.444515,7.805257)
(62.421373,5.040328)
(33.289586,37.767888)
(29.044843,28.013701)
(6.228707,4.360637)
(17.989997,46.933552)
(18.360337,23.397328)
(4.510157,17.196185)
(4.206788,12.877027)
(13.857877,45.026871)
(42.054686,2.474538)
(36.603234,34.916155)
(6.188971,17.838855)
(10.227228,60.506256)
(42.435009,32.062881)
(40.441499,17.004002)
(33.845849,33.600722)
(41.709926,45.862364)
(3.550655,6.269941)
(16.866694,24.463647)
(28.948772,35.912351)
(26.675264,9.664445)
(30.719036,11.517450)
(26.089914,28.842058)
(8.010714,22.381417)
(62.666737,37.362770)
(5.845251,14.897165)
(47.270602,0.285100)
(9.810118,24.308021)
(26.575681,4.476454)
(8.076248,18.593343)
(33.762897,28.045760)
(8.058641,28.306927)
(33.501477,50.012092)
(2.534489,18.951670)
(17.965223,44.555002)
(23.618280,38.691172)
(44.482416,55.550582)
(8.496500,37.709187)
(10.144609,37.211811)
(20.923311,0.919562)
(36.974390,0.301823)
(10.362728,40.029302)
(10.194988,2.355245)
(33.636064,47.450706)
(12.638636,15.231314)
(34.265286,2.059782)
(16.983948,4.551630)
(14.774742,2.657547)
(3.685357,15.475819)
(27.571372,45.073347)
(3.519445,61.146762)
(34.039684,20.227196)
(20.812460,33.628227)
(18.747630,26.596225)
(52.654957,60.303011)
(9.932230,46.736805)
(25.364667,36.647586)
(35.151972,28.409363)
(16.870474,60.463249)
(28.539079,36.204499)
(1.400461,22.572102)
(49.082485,46.069708)
(43.875433,59.870500)
(56.269379,6.261789)
(1.555759,50.489342)
(47.085290,35.638852)
(56.938352,20.751061)
(38.246761,45.519505)
(57.965157,23.143480)
(4.345828,26.925146)
(2.159789,13.721943)
(29.414436,38.291205)
(14.477671,37.177271)
(31.490528,14.145043)
(33.034123,19.810794)
(52.951382,27.767676)
(12.218197,9.346138)
(20.676888,15.121430)
(31.524847,7.038525)
(18.110426,57.903549)
(39.703722,14.760397)
(49.482227,32.179791)
(23.752919,8.161547)
(4.403774,15.816472)
(15.866976,18.637111)
(22.642072,29.331059)
(1.179338,0.680452)
(31.921035,36.739732)
(24.170408,12.874854)
(18.150387,44.354016)
(2.984718,27.207501)
(59.552391,27.250908)
(9.143615,10.088953)
(17.771668,31.224866)
(55.275661,15.960807)
(21.545399,32.656023)
(38.754894,32.801626)
(19.359971,47.910663)
(9.758832,14.016648)
(13.899407,21.651621)
(6.009657,40.549574)
(47.241262,39.280826)
(0.968583,25.253616)
(8.843324,27.340657)
(61.142947,27.518993)
(22.186931,36.845063)
(13.799514,17.235180)
(20.348032,41.514554)
(50.122257,54.248815)
(57.978687,7.673403)
(3.631857,16.707628)
(16.294663,28.529253)
(3.860969,8.213632)
(41.635198,13.165259)
(0.608724,37.874305)
(46.121657,55.175544)
(40.046299,36.532384)
(13.260366,5.430244)
(7.887993,52.174314)
(36.954057,1.215030)
(35.436629,27.287563)
(3.760832,34.945941)
(20.509441,15.813673)
(21.167976,34.477818)
(42.324065,40.310118)
(17.387107,57.605506)
(28.174672,53.830401)
(49.620934,3.847836)
(39.257628,34.837465)
(43.883187,54.141686)
(50.933168,1.854294)
(58.695467,48.683434)
(37.115628,8.307124)
(46.937923,30.225020)
(25.313921,37.267435)
(39.447759,38.344098)
(44.806690,37.599262)
(36.999192,19.454742)
(21.251688,27.835224)
(35.629144,21.645996)
(29.849304,14.247872)
(18.181882,24.513230)
(54.326291,17.500035)
(24.313935,60.857771)
(33.954423,3.078152)
(48.701902,39.999080)
(1.038678,11.797875)
(34.191350,44.705199)
(5.809965,46.802761)
(19.747146,28.893511)
(47.093843,39.741546)
(47.199432,6.460029)
(20.713577,20.811971)
(13.916647,48.720366)
(1.953327,55.668952)
(41.761049,19.999262)
(14.168832,56.760547)
(48.840604,30.665108)
(60.435953,11.093916)
(54.370802,59.449141)
(30.979425,52.919142)
(21.431099,33.233289)
(42.823063,46.883467)
(6.181890,9.869808)
(40.308362,5.077042)
(53.105130,14.433602)
(34.674953,29.194891)
(49.560038,46.195318)
(24.706226,26.276047)
(1.691259,20.221130)
(43.466363,12.628716)
(21.046087,7.749052)
(57.249712,5.976218)
(55.386719,49.167396)
(25.982006,52.670936)
(54.530165,10.745155)
(6.394992,9.204170)
(29.570237,31.264903)
(52.362482,24.826224)
(20.920393,24.160214)
(39.307319,12.391111)
(58.333810,60.560944)
(38.326814,18.580315)
(32.194692,23.425461)
(33.859596,29.132624)
(1.422497,19.833936)
(33.361344,37.458719)
(8.543365,17.170513)
(41.161307,33.058771)
(23.447922,9.519605)
(44.133833,19.424075)
(30.184439,1.986453)
(52.695533,8.700904)
(5.218498,46.156838)
(14.214862,51.143828)
(8.134471,52.132635)
(47.705827,17.053102)
(52.273009,27.591819)
(49.599842,24.154224)
(3.719761,15.434598)
(10.096757,33.268123)
(32.950870,45.085888)
(35.948560,35.451038)
(25.430497,37.514558)
(46.258882,57.632132)
(5.893806,34.778693)
(57.913571,16.517776)
(32.354020,14.508088)
(50.392175,36.725313)
(10.350039,51.646154)
(18.113865,0.313942)
(42.287730,35.425469)
(15.756025,15.532922)
(23.509377,40.377726)
(43.197787,11.968327)
(19.854575,22.961558)
(37.971995,4.269834)
(52.799757,4.983243)
(0.845242,46.862211)
(56.128597,7.965844)
(11.195340,13.598724)
(8.210242,14.779507)
(33.776949,14.687785)
(43.229161,38.080811)
(39.041039,9.147777)
(37.448617,31.696495)
(47.240716,32.899787)
(5.657864,55.614372)
(63.208766,6.755153)
(50.065348,26.839526)
(37.599508,32.228252)
(6.044791,12.115994)
(6.018701,36.795864)
(18.786797,20.049054)
(14.471026,26.736320)
(34.043386,7.532764)
(20.918574,14.316049)
(41.469729,14.281577)
(10.102432,8.113572)
(7.057260,56.021834)
(36.628386,33.687503)
(41.807081,53.919848)
(39.753603,33.132005)
(6.747273,54.238063)
(34.208341,26.453044)
(4.126966,23.744267)
(43.995368,4.700531)
(37.727657,48.642160)
(38.283578,59.734806)
(12.881099,56.674733)
(3.471966,3.443165)
(34.621181,3.386185)
(59.974949,25.334204)
(49.317845,14.534636)
(23.012774,4.983645)
(55.776078,36.188297)
(14.049900,21.590723)
(43.798966,27.127629)
(31.012713,20.087608)
(21.959064,49.625140)
(16.380256,24.638965)
(42.636988,3.682517)
(61.520239,41.290022)
(23.501711,22.161305)
(15.685404,33.962801)
(26.127045,16.489116)
(6.583900,21.834199)
(24.476488,51.506361)
(35.196639,12.850876)
(13.692636,52.719147)
(5.890391,34.795737)
(46.992135,8.471095)
(58.776264,53.131544)
(17.405152,6.467073)
(25.945869,2.165691)
(8.887150,6.898493)
(3.463113,30.043037)
(3.573684,21.482515)
(6.368544,45.128063)
(8.533856,52.066103)
(1.995976,5.142737)
(34.132051,61.378987)
(0.640681,5.295901)
(43.083852,22.635151)
(21.028156,19.782631)
(28.273066,16.079920)
(30.358804,27.407066)
(42.825023,51.190714)
(1.359016,47.872224)
(44.998089,47.391530)
(43.812967,13.723295)
(37.932297,0.419433)
(36.883179,45.435514)
(11.827517,42.972346)
(18.118922,53.602963)
(48.349218,0.764296)
(57.270467,29.218571)
(2.462410,42.225899)
(19.126321,37.441157)
(40.899034,31.404202)
(21.905002,42.303113)
(19.105846,33.758800)
(55.804707,55.364983)
(4.025281,29.694269)
(1.773202,30.474313)
(25.282994,22.405997)
(32.343841,47.539306)
(7.515227,56.400596)
(34.306332,45.508147)
(32.048078,17.810208)
(3.334584,38.217002)
(9.038323,31.525582)
(56.830207,28.018103)
(37.819505,29.161448)
(45.872966,5.254982)
(2.984217,48.320545)
(9.737774,7.812421)
(51.680041,27.216986)
(12.236772,20.650819)
(14.361792,13.260219)
(12.351267,27.423945)
(16.465708,53.039014)
(18.200701,51.629059)
(18.091124,52.350688)
(14.138536,7.153504)
(10.371161,40.800430)
(51.529188,27.608889)
(43.482566,14.591760)
(20.391153,50.900308)
(38.422549,29.203911)
(3.520912,39.930166)
(19.918109,0.545243)
(33.505453,55.457975)
(49.702256,5.440123)
(7.453067,52.349177)
(42.238897,40.244461)
(14.812950,33.213282)
(63.790967,3.882858)
(13.560052,52.001937)
(15.081369,18.088221)
(35.571607,25.482334)
(55.101743,54.547697)
(11.921065,30.963641)
(21.268652,50.940545)
(7.934206,25.500805)
(18.428125,13.561003)
(48.861811,23.704660)
(24.164069,26.499728)
(53.698067,26.899840)
(40.168382,39.898468)
(22.699213,5.932454)
(39.447572,24.179536)
(42.176672,27.003436)
(8.115898,49.866984)
(5.148849,27.527149)
(51.101918,37.779753)
(44.385626,10.158006)
(16.807257,22.486061)
(13.805631,43.713303)
(19.222663,50.603015)
(43.934140,9.797283)
(16.843690,21.195178)
(26.489649,4.454032)
(37.839309,45.542010)
(47.190353,16.792486)
(48.030978,15.345267)
(23.413367,45.097576)
(26.492270,6.146319)
(26.815103,42.122774)
(13.638041,16.477745)
(14.837775,52.418750)
(46.410612,54.910971)
(42.769992,49.873092)
(5.860746,13.838387)
(47.857466,44.820499)
(18.221958,26.604850)
(41.801737,28.262350)
(4.558200,47.820529)
(34.241000,38.795067)
(46.626709,27.209429)
(2.723457,25.289018)
(19.693179,52.231449)
(41.296768,24.633774)
(24.488950,49.695371)
(15.605819,38.702365)
(38.066590,18.856345)
(51.541745,30.313138)
(9.541615,2.474045)
(6.060863,6.306565)
(27.401480,7.759071)
(15.735790,6.645073)
(47.307495,2.605749)
(34.780838,2.722458)
(51.381338,18.699492)
(48.326796,34.238947)
(33.130231,50.047978)
(12.101608,19.584445)
(25.715172,35.270696)
(33.485817,8.362434)
(50.069896,22.156284)
(28.048296,45.474640)
(29.746616,7.712373)
(35.345643,24.567750)
(41.611666,40.621654)
(52.150626,58.998750)
(11.812101,2.745896)
(26.169401,52.838702)
(38.963036,51.261855)
(31.920623,24.301793)
(0.150563,26.956068)
(39.616624,50.793604)
(31.199540,15.149567)
(16.399001,7.842592)
(21.365588,35.140202)
(32.161881,28.425034)
(15.414012,10.368572)
(31.098806,52.074336)
(18.862970,9.455879)
(2.950840,1.698260)
(38.807097,24.277802)
(50.553584,39.525089)
(16.439925,53.225693)
(25.481940,19.620223)
(23.570095,54.953538)
(21.580897,18.623344)
(33.289823,30.136235)
(50.098649,29.506548)
(42.200955,52.123665)
(32.152159,22.395222)
(7.105577,36.626191)
(47.178597,47.180754)
(15.290901,35.774125)
(60.243241,24.725182)
(2.072729,38.618415)
(35.479687,23.865389)
(8.034269,37.994737)
(3.312575,52.673328)
(15.740529,27.163201)
(10.288839,24.501898)
(0.209134,46.146576)
(52.419465,55.424478)
(3.120876,15.751855)
(25.182477,12.454625)
(50.949851,46.116674)
(11.223094,19.336370)
(59.228818,15.480936)
(8.536669,45.989012)
(22.420895,45.183032)
(41.841861,22.403570)
(3.236362,45.629104)
(18.878313,44.436571)
(19.547002,32.010420)
(3.826235,19.053567)
(24.647522,10.943746)
(0.599934,3.835240)
(24.548464,21.418273)
(27.499443,21.228237)
(30.273409,42.866734)
(51.925510,7.515070)
(20.384777,8.552552)
(42.282307,33.775493)
(50.836291,31.081038)
(43.190181,8.112363)
(34.686822,27.581133)
(18.654805,37.103836)
(35.298593,14.672214)
(7.842971,29.261650)
(44.412042,32.558325)
(58.535235,24.651638)
(21.089226,34.626978)
(50.885674,2.598941)
(2.859850,8.649636)
(31.643065,10.328246)
(21.018966,46.523671)
(45.086848,56.803822)
(19.421088,14.575816)
(8.195688,48.787247)
(7.766938,8.844342)
(23.594061,5.984075)
(2.943464,14.138981)
(11.773486,21.445376)
(9.629932,23.132878)
(53.261007,45.963552)
(4.883257,48.503932)
(49.872326,55.418784)
(26.545878,58.520770)
(11.195832,18.651091)
(8.620317,26.992730)
(24.761466,9.181878)
(52.767145,31.744034)
(36.221655,17.492856)
(29.326398,35.235750)
(26.327961,61.633804)
(2.296573,28.832796)
(55.673075,43.582858)
(54.654229,46.262601)
(38.813401,39.064853)
(9.513129,36.279622)
(17.786218,24.417328)
(16.985426,43.469200)
(11.965668,39.947362)
(25.871681,34.742281)
(23.665882,38.809169)
(24.053644,3.858706)
(6.134445,32.132203)
(51.951130,38.441565)
(34.078371,42.174619)
(37.636846,0.860673)
(5.200046,60.417126)
(16.979103,36.277769)
(4.822995,51.991634)
(54.414113,30.767206)
(58.187818,0.210884)
(13.009667,9.778850)
(50.319531,55.964924)
(37.258266,12.341791)
(10.679492,49.180717)
(3.760921,0.058152)
(15.393823,50.031552)
(62.855462,27.724958)
(48.415487,33.204131)
(4.045167,52.094770)
(51.669474,41.550570)
(39.140532,29.056758)
(11.244858,16.197699)
(12.932275,28.966025)
(6.895628,1.539532)
(42.877152,56.609671)
(7.576716,23.797980)
(13.608146,4.513808)
(32.999611,3.318823)
(27.267032,53.878062)
(35.649397,0.361411)
(24.517085,8.593211)
(29.703665,4.643885)
(52.104373,43.852081)
(33.158621,17.727316)
(11.292919,5.200679)
(5.894701,28.907072)
(18.370664,47.010398)
(36.053454,19.140143)
(57.477701,41.629224)
(22.102030,35.130359)
(40.032015,14.368616)
(35.113798,43.073833)
(10.915150,10.065328)
(37.345425,4.449241)
(47.671851,62.840908)
(12.287905,11.428438)
(36.413331,30.608968)
(23.906018,13.878014)
(4.798151,60.687275)
(21.103082,54.842246)
(31.117995,0.259774)
(54.103660,37.254433)
(16.757668,17.893328)
(8.096521,5.398142)
(21.370702,20.788658)
(38.093196,5.021286)
(17.539293,51.103879)
(20.462433,18.721784)
(21.521023,23.174811)
(43.994752,8.097868)
(50.659551,12.100881)
(21.837589,23.475775)
(14.838499,28.518814)
(14.729777,35.025939)
(19.725296,39.838394)
(17.141104,15.179976)
(22.664542,53.696894)
(0.539581,36.221524)
(35.288099,29.307961)
(5.831384,41.935580)
(2.433365,8.801107)
(37.605822,30.178777)
(32.832846,0.144074)
(44.855095,17.961048)
(15.510136,38.694090)
(52.339416,58.025464)
(22.119794,11.524666)
(28.011636,40.874802)
(47.574309,30.100843)
(54.941805,23.660172)
(4.314166,23.084160)
(43.242579,30.433276)
(32.066307,16.809897)
(24.075706,32.580577)
(61.576379,51.348056)
(47.340865,46.454732)
(17.969631,54.904877)
(46.545906,3.096426)
(59.345150,20.190057)
(14.262423,46.231027)
(48.482289,48.288008)
(21.471601,22.538513)
(4.426222,54.532380)
(20.596491,13.288723)
(39.811062,6.263313)
(19.031991,13.365178)
(13.306636,21.183614)
(41.681113,17.925899)
(57.147214,44.349063)
(50.448903,14.176947)
(23.854717,29.566144)
(31.229951,24.993606)
(24.670222,37.474895)
(35.844547,45.931883)
(10.918852,11.064241)
(3.131346,10.635497)
(3.155140,32.221021)
(17.232757,46.869147)
(44.162844,22.697206)
(11.839418,27.674897)
(55.151220,19.062136)
(4.210520,53.363711)
(5.741856,36.813304)
(38.633571,59.480282)
(1.882809,18.109115)
(44.639735,18.139739)
(26.705701,49.284736)
(4.357526,51.032667)
(31.204837,31.910974)
(11.963295,51.720509)
(34.118891,24.066722)
(56.030301,11.108021)
(38.564041,8.144101)
(41.548941,48.784946)
(11.886789,6.920800)
(41.440488,49.310290)
(34.146839,47.360967)
(46.534754,33.476141)
(30.807036,27.222413)
(10.152887,29.652540)
(27.484325,11.501506)
(53.467718,18.586798)
(1.716059,22.628292)
(25.583116,52.666309)
(23.298208,13.891021)
(48.297332,26.110949)
(0.959693,33.556091)
(24.974506,4.808816)
(34.821237,18.044826)
(47.927364,20.879653)
(6.526231,37.423483)
(41.018776,15.300860)
(33.200323,7.445231)
(57.241006,22.304901)
(53.615295,41.023891)
(2.344264,3.185166)
(22.993885,3.421199)
(2.458438,26.115165)
(47.324115,19.064981)
(43.548140,6.691524)
(10.079599,44.322770)
(39.740361,34.236886)
(51.407216,39.489387)
(44.428295,5.321840)
(2.480292,22.701130)
(49.917862,47.991056)
(36.314554,53.849435)
(48.922263,41.022633)
(41.425868,26.586833)
(10.818048,58.728436)
(1.663265,4.112283)
(2.591378,58.563294)
(19.732332,2.019062)
(35.032324,49.352078)
(53.399607,3.366959)
(26.972627,6.385385)
(26.154387,54.115966)
(2.538134,31.468276)
(6.485628,4.103947)
(8.091491,13.551851)
(53.818272,33.238528)
(47.577559,33.474908)
(12.744670,22.615651)
(13.797390,28.158320)
(58.154144,37.549865)
(56.668137,24.165896)
(28.683137,34.800026)
(35.520313,56.368725)
(28.773879,23.445939)
(46.287688,38.413725)
(57.940151,16.515726)
(46.886832,26.580444)
(8.771950,33.657737)
(39.906115,52.017777)
(17.169636,3.529416)
(55.007219,36.604296)
(42.379886,25.680797)
(12.019946,42.794056)
(22.578413,51.635107)
(8.488027,19.044114)
(56.863820,34.708201)
(44.564983,5.900060)
(27.971185,7.082551)
(6.417163,18.440569)
(25.868292,22.657196)
(31.027104,47.329852)
(20.014321,30.242487)
(27.084108,9.201828)
(6.329633,8.541797)
(1.098578,41.243384)
(47.710582,17.734131)
(45.590090,14.552716)
(61.561911,43.825808)
(33.075159,19.188462)
(0.500731,2.062484)
(50.969206,3.764908)
(31.021979,6.678067)
(4.566572,53.165731)
(52.260278,33.705172)
(24.492850,21.501638)
(13.021656,1.815531)
(38.025956,2.677068)
(12.438394,0.076236)
(29.711379,47.758051)
(7.078074,30.384443)
(9.936350,11.889799)
(15.072406,57.841099)
(5.951550,10.731129)
(14.202965,18.550221)
(24.505204,52.575162)
(43.027376,53.307129)
(52.253786,12.983650)
(48.335538,39.689001)
(51.390188,42.000886)
(51.074013,53.962877)
(38.478947,8.657442)
(32.558373,29.642405)
(36.943702,39.398237)
(15.226449,24.746788)
(6.759139,29.576373)
(13.138973,3.203675)
(36.070136,54.492225)
(25.103476,14.221170)
(10.546084,15.892981)
(29.432390,26.273247)
(37.194462,44.717570)
(40.193907,3.019028)
(24.588275,21.769001)
(34.084938,30.323961)
(39.606364,38.709072)
(3.806302,15.820840)
(25.223544,12.814308)
(34.155568,6.464392)
(0.936876,32.842265)
(54.578267,28.321610)
(26.357637,30.038448)
(22.908704,13.040799)
(52.374240,19.714292)
(30.357181,0.251664)
(52.659722,46.385880)
(14.484742,42.190488)
(35.184912,29.629783)
(25.574690,23.575708)
(42.140905,3.175205)
(4.959824,20.003920)
(35.611990,48.679489)
(7.080420,49.605457)
(31.631214,17.784173)
(20.153138,60.908276)
(16.773148,29.246515)
(24.260531,25.024473)
(48.741426,8.256985)
(46.803207,48.181020)
(45.929950,29.478630)
(51.090456,11.177255)
(32.815212,48.812754)
(39.207491,6.262942)
(5.171131,39.993627)
(20.566399,40.211875)
(18.003049,39.014878)
(25.410960,15.768199)
(55.619762,47.007370)
(56.583875,60.042651)
(36.546635,41.414387)
(22.983227,43.356663)
(47.492984,5.855540)
(41.160298,28.183665)
(7.759637,56.878974)
(3.957100,35.361448)
(47.111793,32.368536)
(13.702312,35.382720)
(1.437912,46.865251)
(56.809767,43.346222)
(15.233564,11.593323)
(25.250179,50.772218)
(22.031495,30.098733)
(16.925558,48.391949)
(43.966977,19.701847)
(62.074234,20.193327)
(18.934508,49.337163)
(54.174642,32.891532)
(45.345364,5.056843)
(48.868252,34.159671)
(56.211358,3.525566)
(24.976972,48.489783)
(23.860284,14.055541)
(17.937363,48.712052)
(21.785584,7.163662)
(24.384937,19.773493)
(43.931507,4.906391)
(63.188379,49.705253)
(4.893778,19.657888)
(12.945563,34.091788)
(52.844114,63.636361)
(46.969919,48.899516)
(12.354396,43.272311)
(59.714024,29.904678)
(56.130586,0.799484)
(14.331999,25.435309)
(23.401048,24.379441)
(53.560287,17.430348)
(53.509050,10.619024)
(39.968660,54.396478)
(28.359794,23.231535)
(36.955895,7.439797)
(4.901891,51.050419)
(26.221100,33.939884)
(20.637115,30.630824)
(9.807779,49.102693)
(11.311753,22.775445)
(27.570268,17.560469)
(49.319830,54.274774)
(15.121910,18.922006)
(11.951116,33.655716)
(33.429623,5.078896)
(48.404956,46.689481)
(14.134627,30.540907)
(47.243725,7.649145)
(46.500190,34.592955)
(29.431359,18.581742)
(28.744861,28.633808)
(42.498183,45.645357)
(7.941544,39.800334)
(39.758240,47.378267)
(20.216261,2.011324)
(54.088468,52.629646)
(19.314168,18.707825)
(12.886569,20.015906)
(16.302086,7.586027)
(16.778970,40.640746)
(18.500473,53.435141)
(8.866444,44.653722)
(8.408656,48.247853)
(25.540597,27.418028)
(23.632916,31.236564)
(25.715195,15.988931)
(9.837989,36.189949)
(21.120637,21.681964)
(10.925988,9.106348)
(50.625550,49.285696)
(9.467754,11.450797)
(31.875715,26.276845)
(28.360839,30.035462)
(46.111000,12.709442)
(28.676929,21.332498)
(36.736099,49.366830)
(48.429870,41.733022)
(16.553415,58.416459)
(6.943992,53.676928)
(57.301134,44.318686)
(23.945626,49.110631)
(46.343600,27.813770)
(19.118472,2.849660)
(39.839788,17.815909)
(47.672512,1.037664)
(1.508900,38.852366)
(35.933256,2.639473)
(2.706976,34.763073)
(3.798885,2.319572)
(58.876402,37.929737)
(56.302338,41.878871)
(0.726570,50.768282)
(47.137288,46.626799)
(33.899010,50.385974)
(13.102980,31.567898)
(4.965434,14.825504)
(21.883984,19.100119)
(40.462535,39.251324)
(29.262637,3.436702)
(26.588877,32.552357)
(7.691255,59.649198)
(30.626265,14.496202)
(44.717809,45.386397)
(47.557652,45.317814)
(6.138397,10.024052)
(22.909918,7.351196)
(39.344872,8.983237)
(15.378685,16.382487)
(19.956575,12.549831)
(9.408146,54.022085)
(52.169777,33.841763)
(10.417073,45.403822)
(37.755294,33.401210)
(4.901886,45.824716)
(22.563531,14.678358)
(9.109646,0.292046)
(21.435346,19.851195)
(39.003551,16.837192)
(28.552349,25.102784)
(33.668371,21.688641)
(45.512026,50.888942)
(30.532114,56.109643)
(55.957864,9.487294)
(20.931555,43.806768)
(4.464907,16.637182)
(9.014346,27.893807)
(54.705778,48.085182)
(41.974116,44.222811)
(44.789544,32.386212)
(16.584244,26.280208)
(16.945821,12.953604)
(34.195013,19.232012)
(46.170625,26.322025)
(26.991861,2.290579)
(36.991603,51.169969)
(30.448295,9.868215)
(15.483026,21.899817)
(47.831527,32.681042)
(27.725012,24.666732)
(45.438683,3.163077)
(25.291528,56.327382)
(23.473603,54.489560)
(49.294723,45.678307)
(53.630676,48.417065)
(51.925815,13.777771)
(37.972129,15.168277)
(36.504456,53.074241)
(41.296188,15.710525)
(32.421888,23.640534)
(8.813534,32.652146)
(41.006415,50.648630)
(32.376548,11.353513)
(49.527778,33.048694)
(25.075598,40.945503)
(7.742100,11.406305)
(40.417838,33.017699)
(8.234330,52.833544)
(13.542112,47.476973)
(57.405067,31.587295)
(12.251327,38.799121)
(59.768929,13.920697)
(10.749597,34.003705)
(61.991890,49.589587)
(52.563236,33.653801)
(23.537636,17.876502)
(0.055212,6.427051)
(59.648689,29.109734)
(39.989143,5.420966)
(1.654622,27.897046)
(55.547095,32.860822)
(50.210020,0.207539)
(17.274920,31.581265)
(49.453282,12.973827)
(27.962959,40.437417)
(52.157668,51.090883)
(7.436636,14.076395)
(32.988771,43.368513)
(50.457593,55.231892)
(34.148898,44.049005)
(36.192972,58.445143)
(38.583130,51.485845)
(12.027445,10.733598)
(46.081328,18.524213)
(6.124182,45.277370)
(15.365586,18.645517)
(53.155351,58.935445)
(44.616371,7.300981)
(37.749678,41.311076)
(39.417111,3.288307)
(30.898666,22.512658)
(34.195925,40.687357)
(7.265194,38.911837)
(36.243060,12.331504)
(4.099053,50.719904)
(52.439357,48.641831)
(0.031344,7.883227)
(20.453913,7.170046)
(7.361635,34.888036)
(14.825253,18.347492)
(0.215164,32.823485)
(27.889611,12.638303)
(1.821225,21.887963)
(38.284372,5.043996)
(0.258467,8.866956)
(32.013267,55.583986)
(31.684404,25.453683)
(7.746669,18.968683)
(44.194506,13.718404)
(13.066331,20.343574)
(32.722533,37.139827)
(38.525145,42.287338)
(8.651903,11.491631)
(16.055761,37.652684)
(15.970842,61.092251)
(11.489527,37.164490)
(28.508922,13.385703)
(28.825930,17.752133)
(22.762977,29.996584)
(35.948236,9.092442)
(24.177887,22.723108)
(3.809076,11.424730)
(3.914002,10.687255)
(38.797049,4.544397)
(43.677670,21.951881)
(43.256023,20.319813)
(40.083511,47.944371)
(27.699135,31.742098)
(60.524223,0.351225)
(38.436350,27.650321)
(11.519511,49.675023)
(50.716208,6.774224)
(19.298789,22.380438)
(29.893767,9.821011)
(33.712001,20.636592)
(2.411154,61.941851)
(14.451916,46.554466)
(32.516611,1.975485)
(26.749435,26.545614)
(56.235181,22.700414)
(16.502982,5.338581)
(51.978752,42.153569)
(52.149452,20.159185)
(2.019445,40.563179)
(19.548222,53.513498)
(13.849601,19.120716)
(39.682554,39.263848)
(20.208986,54.340268)
(44.478304,37.524809)
(19.126418,9.740762)
(28.294840,17.156827)
(15.379282,5.100420)
(5.315581,6.137876)
(11.652206,23.806131)
(38.660780,7.193968)
(13.757314,19.425452)
(9.147445,17.427986)
(43.334645,18.494298)
(23.629280,37.575580)
(23.928680,50.354652)
(10.690980,1.404410)
(35.550498,7.167505)
(57.564231,4.306110)
(14.019093,1.531432)
(8.411349,44.208496)
(34.587557,14.636441)
(35.982017,10.123779)
(56.038805,20.245043)
(11.224565,27.192739)
(4.618722,55.718037)
(46.130135,33.684364)
(27.579740,34.186920)
(52.080606,39.978714)
(8.393366,42.282477)
(31.729785,43.106370)
(51.157746,26.710745)
(16.427100,11.213248)
(58.792511,51.781380)
(0.176760,29.476172)
(58.207846,22.574375)
(10.481882,35.006839)
(21.220178,13.514982)
(41.423294,0.388846)
(41.980166,31.028443)
(17.346731,36.321525)
(40.249649,25.586467)
(46.330043,2.316262)
(30.738337,55.814090)
(10.968206,41.818228)
(57.563037,51.646230)
(30.437385,31.958402)
(51.303032,33.065159)
(22.174120,7.331941)
(51.052918,46.916160)
(33.492956,34.913612)
(26.693891,5.594064)
(31.817405,51.979670)
(25.882302,31.162178)
(18.120460,35.292380)
(59.095178,52.004148)
(33.669506,39.404618)
(18.618968,19.617923)
(33.989077,38.249110)
(50.156525,33.391698)
(45.446251,8.572497)
(9.555310,13.139895)
(47.243523,44.577940)
(58.424401,41.999085)
(37.264154,2.034360)
(13.292872,47.299604)
(17.371546,3.916161)
(60.041604,21.298225)
(47.022994,10.370864)
(40.037786,23.772632)
(31.450034,53.786414)
(47.170442,37.735898)
(1.958209,13.334086)
(4.145839,8.290983)
(47.734943,27.409983)
(41.622864,5.354735)
(9.308855,9.501936)
(9.577289,37.564030)
(44.505426,30.068098)
(14.659219,12.836064)
(51.280168,13.707483)
(19.835111,4.205177)
(33.214266,50.072576)
(50.455444,32.664277)
(0.697038,19.788749)
(32.053002,9.328587)
(57.589591,40.415601)
(46.254162,41.656063)
(49.585157,43.558009)
(42.773065,7.817173)
(47.877236,11.926604)
(25.783581,36.126362)
(45.610914,5.565689)
(58.766151,53.890484)
(9.706931,55.870674)
(5.985813,12.919857)
(8.380856,42.412241)
(9.133915,41.861468)
(48.442585,50.373370)
(4.539055,8.268290)
(34.051653,10.369353)
(41.410022,32.858727)
(36.213214,60.487781)
(21.718903,43.257741)
(20.566973,3.606264)
(57.730489,47.605872)
(15.353511,44.612754)
(55.669647,12.368877)
(34.576358,23.962428)
(36.078125,60.092174)
(26.729915,60.277943)
(15.419614,16.049542)
(48.250472,19.612203)
(58.534375,53.997388)
(13.642560,24.713076)
(45.839510,41.299884)
(27.298232,22.546349)
(46.035827,36.645932)
(42.808614,31.991239)
(42.209748,2.503681)
(3.514298,37.840652)
(15.956876,27.238222)
(6.404589,44.261878)
(46.678232,3.828693)
(9.639851,22.715648)
(26.165060,2.100435)
(34.910244,9.025050)
(39.812493,44.864602)
(23.625719,49.268479)
(24.228799,52.298980)
(51.630482,40.038435)
(24.695545,15.518650)
(50.661732,6.614212)
(36.887995,48.300826)
(55.403894,45.341919)
(33.559372,16.232961)
(23.005020,58.023523)
(3.569740,39.398557)
(0.216370,5.055445)
(19.874988,12.245687)
(19.987288,32.732953)
(37.021373,23.991165)
(35.107080,20.374310)
(15.296863,28.572534)
(23.583819,15.356290)
(5.884758,16.211937)
(52.668076,49.961884)
(11.215817,53.293379)
(28.218909,44.029571)
(35.277467,18.342342)
(11.939727,46.435447)
(22.043915,26.440655)
(34.449992,32.526168)
(21.015194,56.545004)
(40.405195,24.683658)
(56.834616,52.661939)
(19.129149,30.773164)
(9.793370,27.192162)
(2.351157,44.581486)
(35.981960,48.855485)
(50.466795,2.404166)
(48.456360,46.285976)
(29.164883,14.838717)
(23.635325,12.696634)
(37.781518,2.604391)
(55.853961,26.500040)
(43.549882,51.025866)
(38.041193,53.954922)
(38.400323,22.624427)
(29.530875,54.989731)
(48.878954,36.102924)
(31.459992,49.556870)
(14.421745,41.278262)
(44.096461,11.095239)
(14.192133,7.488257)
(25.786391,22.363825)
(41.946084,4.230492)
(25.374583,52.662261)
(30.122135,32.463143)
(17.879612,46.449125)
(3.853370,8.149301)
(17.235209,4.589393)
(45.815563,45.162091)
(59.506477,29.937654)
(55.084212,46.145905)
(59.816324,20.309901)
(27.983941,31.935583)
(40.283437,3.625768)
(20.780926,1.736943)
(44.171421,23.262006)
(10.249289,35.716138)
(38.732402,37.200816)
(34.761991,52.927768)
(3.431783,2.266504)
(30.928862,19.709610)
(10.227978,52.573028)
(0.147690,34.831982)
(45.198520,48.657227)
(27.768864,14.257367)
(46.748643,45.722755)
(14.779121,50.805082)
(24.551760,12.138036)
(11.077815,4.272014)
(25.214417,18.797448)
(37.320615,26.396212)
(50.397603,34.083924)
(8.127514,40.353239)
(45.461101,24.766162)
(18.728217,39.291034)
(32.792511,31.423094)
(22.097406,38.249285)
(15.828877,56.138377)
(35.981921,30.639770)
(45.341097,37.904340)
(30.775758,22.787535)
(35.601376,25.171552)
(42.735124,54.086443)
(19.671429,40.383608)
(4.879417,30.114682)
(28.653130,18.756125)
(51.747178,5.622624)
(62.320568,18.624024)
(34.769345,50.919342)
(7.524812,16.726499)
(4.370836,0.180176)
(36.711100,2.705163)
(51.091759,37.321071)
(3.275186,44.705417)
(6.273813,21.828322)
(48.381651,34.069898)
(30.293808,33.460040)
(20.039228,51.275803)
(61.919323,31.339641)
(1.842328,12.375021)
(11.290814,11.455155)
(54.381799,49.501522)
(9.220465,25.015231)
(20.382006,41.515585)
(33.438880,33.226418)
(19.442715,17.331888)
(18.123330,4.373548)
(31.198308,34.446941)
(20.935426,40.305317)
(3.278448,59.175921)
(0.916490,1.818387)
(30.123534,18.507286)
(32.865283,35.384274)
(33.019572,6.637632)
(39.532754,49.549415)
(28.259610,21.080583)
(50.624651,41.532218)
(35.789399,39.780996)
(26.957304,12.561586)
(7.243829,14.159586)
(35.020404,17.623656)
(44.709162,42.896166)
(9.673720,50.165425)
(40.646751,36.045994)
(40.586321,34.921678)
(64.171332,9.909410)
(53.113732,8.457203)
(13.534287,27.219864)
(3.787867,36.676647)
(38.930150,49.510795)
(19.144108,15.368358)
(41.655336,21.490153)
(18.367748,30.938410)
(7.788916,51.546790)
(17.601402,24.504124)
(16.436454,44.705641)
(17.892883,51.141885)
(37.799195,24.501861)
(63.614840,14.247732)
(47.955947,37.733451)
(40.092325,28.340425)
(45.607527,43.808708)
(47.573999,41.303495)
(47.223938,6.924489)
(6.319423,44.896660)
(17.706488,7.027172)
(47.334094,37.714568)
(1.843476,10.646509)
(31.805050,53.513634)
(42.806272,4.405238)
(12.822177,11.395993)
(32.895987,31.026907)
(13.514834,3.739456)
(39.380371,22.206712)
(44.951288,16.182319)
(52.616925,16.420171)
(37.710893,40.199417)
(23.141438,37.431257)
(45.935768,35.459980)
(39.477767,9.924860)
(60.711397,11.730594)
(17.992286,48.962903)
(6.519744,34.672251)
(7.265519,43.395602)
(25.737824,15.959667)
(24.773527,50.995727)
(15.996192,35.773389)
(40.737205,39.967386)
(8.712438,51.197512)
(20.502140,16.341257)
(0.141252,8.802792)
(25.173043,0.680300)
(44.644283,6.334596)
(15.694065,13.712931)
(1.313669,53.120184)
(7.640140,24.361418)
(56.178389,3.270796)
(1.666215,2.357195)
(33.100440,45.154062)
(18.671942,63.486711)
(5.518985,10.465147)
(51.340467,20.324270)
(15.199451,22.684415)
(16.042380,7.657097)
(27.562319,35.114617)
(4.867417,4.074344)
(38.674961,51.302715)
(7.018754,53.334599)
(19.591599,17.227426)
(0.165267,39.120906)
(23.354514,58.310106)
(13.325510,6.703881)
(18.126629,16.579206)
(44.831842,33.373264)
(16.295498,54.377251)
(49.006181,24.595877)
(11.450332,38.543828)
(35.219691,49.931825)
(6.019502,20.944235)
(30.450383,10.902556)
(17.218199,47.963047)
(45.934400,21.639129)
(25.213153,47.733818)
(23.787328,36.922232)
(55.512013,24.270406)
(34.812432,26.147208)
(53.393463,5.935751)
(30.552982,39.527023)
(29.110983,6.738640)
(21.339503,40.470028)
(29.090498,64.751698)
(2.630749,2.865170)
(39.425325,12.380276)
(4.705848,24.415376)
(17.861764,18.834849)
(2.392672,7.972358)
(7.064166,12.305944)
(43.181995,5.451567)
(28.188762,53.857611)
(48.734427,46.682469)
(35.233921,23.630968)
(14.116820,7.288693)
(6.681315,3.213449)
(42.437575,15.061228)
(11.878002,27.387349)
(52.582520,20.873357)
(38.524762,39.157139)
(1.880900,15.731449)
(43.030465,36.657861)
(16.764918,50.473268)
(23.171824,49.696027)
(7.190016,14.552441)
(14.264719,45.025624)
(23.979494,3.536138)
(44.396273,11.999745)
(49.373204,36.965833)
(34.077617,34.044240)
(33.604249,34.356972)
(38.389142,51.977199)
(39.172550,46.691933)
(58.736423,40.183487)
(54.406302,13.584575)
(28.322225,3.852491)
(3.198058,54.991263)
(20.422315,15.871572)
(31.261535,28.323819)
(47.290914,3.190761)
(11.664296,13.383286)
(35.773556,6.043327)
(33.087523,18.445570)
(53.306422,23.353231)
(47.171758,11.987776)
(48.828154,26.505938)
(38.685604,36.720908)
(43.895391,26.501325)
(38.468823,14.827961)
(46.528171,1.809917)
(8.184999,51.052248)
(39.252930,27.242528)
(23.002244,37.259921)
(27.931410,46.574093)
(33.933507,0.200538)
(43.100781,25.505225)
(46.351084,38.373778)
(58.377942,48.171884)
(58.860867,48.801590)
(55.851487,25.013151)
(25.111443,18.776170)
(46.287174,49.397105)
(10.268755,44.325165)
(28.494464,41.136977)
(34.565642,31.074033)
(41.023220,49.548338)
(14.639722,53.636740)
(15.384870,14.098385)
(17.263876,22.326943)
(46.825575,53.279533)
(50.968354,20.885318)
(41.539597,58.767691)
(20.801433,29.497140)
(28.744012,20.316837)
(4.954308,51.699864)
(52.085215,41.776717)
(9.597557,33.268915)
(47.667586,34.247254)
(55.779908,14.215948)
(43.736341,25.794671)
(25.988878,22.941805)
(18.252717,45.457463)
(40.498085,41.131858)
(24.958653,2.390123)
(17.517698,61.801830)
(26.784626,7.586919)
(44.893013,39.051744)
(14.749303,42.600282)
(33.581530,55.995153)
(20.731309,9.462846)
(31.973343,0.991201)
(47.811355,20.966266)
(51.371705,42.946560)
(31.379040,14.620283)
(12.953415,17.242211)
(19.167518,53.886694)
(6.127017,45.210414)
(1.108161,40.736996)
(17.226218,22.165720)
(45.656866,53.085231)
(56.619146,36.742346)
(21.095609,4.664755)
(42.910942,50.102700)
(27.046013,54.488748)
(15.297251,23.078917)
(37.740823,15.687350)
(50.996942,49.508026)
(5.392507,45.348318)
(25.386781,9.496007)
(40.505923,14.450512)
(11.981106,52.160424)
(39.907018,43.934292)
(34.704284,41.241006)
(55.188467,32.437267)
(21.928499,29.725093)
(10.885042,54.684452)
(61.840012,26.805316)
(35.198281,38.390037)
(18.735009,31.013542)
(0.812068,46.571732)
(20.184554,35.415099)
(5.601238,28.692112)
(48.912946,1.969063)
(11.113622,12.081382)
(55.069359,15.466473)
(0.723932,5.096173)
(25.768678,42.875391)
(42.096179,5.587172)
(26.547918,2.358591)
(21.083220,42.942793)
(49.142135,21.810635)
(46.961892,49.739761)
(15.096427,63.313373)
(10.758457,58.291408)
(5.184410,43.707329)
(26.529460,52.049266)
(4.821735,54.526042)
(15.829551,43.182205)
(0.193961,2.687369)
(22.245737,4.255668)
(33.673443,23.858701)
(9.296891,52.115617)
(47.352319,40.641593)
(55.684744,34.849754)
(61.320942,42.969243)
(4.247995,33.462180)
(16.917654,14.877682)
(32.489825,14.602500)
(51.837362,47.148773)
(32.944263,59.002205)
(46.308796,3.499552)
(26.321882,16.942789)
(42.515911,18.465207)
(39.552608,46.143169)
(22.324339,12.413126)
(55.539564,44.890170)
(7.646205,6.688904)
(14.265084,46.796840)
(31.131974,26.145962)
(29.196915,27.267324)
(3.464695,25.398346)
(6.305394,11.621975)
(41.581102,46.781141)
(3.038861,48.344165)
(30.875253,16.154426)
(50.135612,4.342024)
(6.140823,18.094572)
(5.767325,49.534777)
(13.861863,8.718958)
(0.311242,0.987104)
(43.267220,26.985580)
(52.168082,21.310198)
(9.061660,31.986437)
(19.347859,61.414130)
(35.843240,49.906940)
(21.241716,12.892735)
(44.629859,6.511855)
(3.778703,50.905906)
(15.288873,23.256091)
(61.105990,0.703322)
(47.589790,8.775860)
(12.404563,53.052591)
(13.017844,26.244321)
(20.287274,50.811609)
(16.480891,23.007743)
(24.318162,9.384627)
(32.449340,44.518356)
(15.068817,29.862657)
(53.830888,31.147191)
(48.444099,38.607299)
(20.963774,22.200923)
(2.854150,16.638005)
(29.543804,32.998038)
(55.129432,7.654191)
(9.508691,46.986599)
(15.837495,10.513194)
(36.230785,20.012984)
(1.766574,16.367731)
(7.082802,49.541744)
(38.459947,14.433780)
(17.785628,57.912729)
(28.331488,45.381848)
(6.448154,9.165565)
(16.861120,13.659497)
(36.726694,23.728004)
(30.802873,6.180463)
(26.405591,47.341109)
(52.025362,20.439859)
(1.169172,25.154904)
(20.112537,4.914822)
(44.555159,6.664719)
(23.482551,51.540874)
(19.909041,38.754564)
(49.648691,25.026211)
(25.557043,45.880041)
(35.736676,59.518411)
(55.863536,3.301423)
(24.881856,8.640074)
(54.699665,19.640189)
(58.737509,2.928527)
(24.702006,2.344268)
(9.020025,23.017639)
(29.804414,0.263844)
(15.730865,59.758498)
(20.324528,4.830596)
(16.874342,21.886725)
(10.137872,10.798655)
(12.475155,25.691278)
(48.830064,35.095611)
(33.921921,40.252863)
(41.385727,34.620457)
(2.772927,40.610816)
(14.421618,28.229123)
(57.466013,9.668947)
(46.022314,46.607816)
(23.064939,31.865285)
(21.264154,7.533822)
(48.602000,3.175746)
(52.554350,46.719938)
(46.586427,10.323011)
(3.067430,35.257080)
(24.193073,49.888776)
(4.756564,22.824958)
(24.200134,22.461502)
(23.556773,39.416033)
(30.995526,11.602804)
(8.037453,22.324578)
(18.503269,2.506404)
(46.435792,38.707551)
(32.552023,36.575926)
(9.369580,50.475685)
(48.544288,41.786754)
(8.910915,51.941016)
(22.685079,32.027682)
(38.138993,13.727490)
(35.576733,59.788439)
(4.158370,53.387945)
(55.634135,5.294203)
(51.637571,17.486858)
(11.366131,12.576523)
(27.815665,33.057439)
(25.748488,60.945894)
(40.024937,31.840465)
(60.354212,36.253771)
(16.799231,19.017521)
(49.160263,45.636988)
(24.908629,37.330457)
(40.027661,44.219779)
(54.609319,28.747717)
(28.369336,19.240214)
(45.232128,37.536222)
(4.972306,35.441875)
(44.017431,52.057816)
(39.648471,6.583613)
(31.333548,42.585128)
(12.353819,40.438977)
(9.289968,32.987203)
(57.059545,43.078038)
(27.115993,40.122759)
(53.409614,19.986059)
(23.385828,7.370232)
(35.680931,12.212777)
(27.027565,39.400796)
(27.734635,24.103808)
(8.079237,36.281279)
(36.907690,31.360521)
(15.962403,5.244607)
(48.144657,50.797583)
(12.560107,55.113462)
(19.609493,36.630019)
(44.294740,12.679229)
(0.074854,31.789090)
(12.578535,4.549681)
(54.555412,45.847791)
(4.323258,49.187549)
(41.103484,33.912905)
(58.513165,22.183009)
(51.139375,48.272803)
(27.352797,19.065264)
(48.293010,42.518592)
(4.207724,1.104909)
(34.215087,0.826671)
(42.260995,26.305561)
(28.181410,34.564262)
(40.540307,5.951813)
(2.054013,41.378341)
(27.231847,45.509527)
(35.424783,53.359426)
(37.806332,49.759172)
(46.655400,30.706730)
(19.817711,22.588992)
(7.210882,3.648148)
(21.102847,39.645610)
(49.120210,37.473169)
(24.879261,1.641438)
(37.915705,23.166078)
(20.285376,40.167234)
(17.743596,13.439736)
(6.124697,27.516692)
(26.306170,40.538762)
(25.936487,31.277537)
(35.209556,36.745955)
(10.870971,58.500686)
(12.898075,34.073963)
(19.658302,17.132682)
(15.719727,19.194149)
(55.381268,53.061205)
(30.973081,33.111066)
(48.976379,54.339864)
(2.044204,32.021174)
(16.230765,50.702133)
(0.972312,11.043953)
(19.717022,22.502044)
(39.079534,41.963680)
(43.716639,31.432173)
(14.514778,51.618584)
(47.224773,2.936131)
(51.125880,21.723897)
(29.455775,34.953066)
(7.842373,31.446653)
(34.036817,22.815798)
(52.867013,44.977833)
(32.399885,15.483762)
(49.969336,9.325733)
(57.724113,20.607641)
(0.873319,33.924913)
(43.237516,10.855483)
(22.438771,36.012301)
(52.305625,41.240167)
(8.025634,25.176222)
(32.684764,40.599733)
(18.428422,5.891514)
(21.226325,52.830907)
(12.674180,36.960350)
(27.718362,58.049660)
(49.208189,3.146331)
(15.225905,38.755521)
(14.668456,0.378515)
(51.090782,25.303395)
(21.904344,37.452503)
(8.351318,1.265389)
(48.766557,8.260691)
(2.204424,38.232076)
(19.023773,50.175357)
(25.981851,5.536361)
(13.370923,35.758829)
(8.997945,15.441822)
(10.796845,43.230963)
(37.664839,1.041743)
(1.042084,6.194019)
(18.251517,2.322065)
(48.632126,17.286316)
(3.318274,30.434566)
(8.649792,11.255029)
(37.592898,34.557918)
(6.397137,39.317110)
(15.655958,51.062452)
(43.807184,17.583849)
(50.574607,18.906233)
(6.827521,17.207911)
(20.738887,12.975062)
(23.661323,47.450101)
(12.218949,3.454058)
(34.788955,17.604144)
(37.745816,45.894838)
(20.116535,43.935585)
(8.485209,52.501947)
(50.621863,29.550489)
(16.623216,50.179896)
(26.612223,34.332982)
(25.596489,42.660951)
(45.316299,13.643092)
(4.025730,34.333073)
(41.239032,49.202921)
(34.923553,2.972042)
(0.389167,18.104848)
(37.155220,6.872189)
(33.848111,23.232656)
(35.735183,47.666306)
(22.415767,19.338722)
(16.634699,60.556735)
(11.245675,43.256863)
(33.147252,36.305889)
(7.202149,22.696232)
(4.277664,41.798914)
(59.521052,44.221019)
(27.135115,31.780577)
(23.456553,17.258191)
(0.539159,1.257919)
(33.531603,34.179283)
(0.923909,27.686345)
(51.933644,32.091992)
(42.466934,40.916506)
(36.342062,42.627713)
(27.410157,41.001827)
(23.991312,25.264781)
(48.407315,30.720168)
(30.360505,58.593442)
(0.133525,17.256320)
(26.869245,2.060536)
(11.238875,11.935057)
(49.860128,18.461696)
(28.588618,17.513838)
(4.139228,34.118959)
(14.650915,27.954809)
(49.123279,27.267365)
(54.829398,22.847564)
(49.012113,29.524158)
(16.437868,49.683732)
(44.050524,32.546114)
(37.947918,13.322572)
(44.191555,57.036581)
(2.260779,27.849776)
(13.500362,9.916554)
(8.218354,33.850850)
(40.025708,60.195291)
(11.453746,44.731937)
(38.698179,10.447616)
(50.932072,18.149376)
(20.836325,37.641562)
(45.827451,34.476744)
(37.791334,36.906234)
(17.246315,2.089339)
(36.877700,20.488217)
(31.358048,52.918625)
(10.699395,45.529898)
(42.807470,12.891971)
(48.740171,40.638403)
(36.556999,7.833565)
(4.676391,44.907775)
(38.192809,30.049635)
(34.377439,52.147493)
(35.062090,34.126937)
(39.766124,28.628486)
(2.795845,10.296167)
(27.475292,0.934558)
(26.857563,42.890570)
(22.466710,22.634274)
(20.533810,51.611857)
(33.934749,0.073394)
(26.290198,31.097521)
(33.302228,49.390155)
(57.853301,30.447116)
(21.254654,19.274568)
(9.080721,51.188575)
(54.615556,31.283299)
(52.294910,1.364260)
(3.898641,29.225857)
(39.096687,34.758722)
(42.375581,45.389088)
(32.920409,38.321024)
(44.096375,34.379060)
(3.839703,13.143021)
(59.276698,6.766721)
(41.838227,57.957371)
(22.648562,57.508704)
(12.226444,17.723995)
(21.628781,3.958954)
(14.126975,10.485827)
(4.656502,37.866644)
(54.194420,39.312934)
(49.449780,30.582250)
(0.086301,36.027918)
(48.079818,41.313408)
(24.637666,54.064717)
(6.329945,46.347183)
(21.756659,23.517701)
(52.899997,46.581845)
(1.011908,35.844335)
(54.475704,19.958687)
(49.307610,46.634760)
(5.520057,38.919478)
(27.257565,34.943955)
(15.431659,3.622393)
(37.402200,0.657202)
(7.507325,47.651229)
(13.062568,18.834062)
(26.067603,37.040723)
(45.630504,42.195101)
(8.135077,53.516393)
(12.574567,57.038065)
(5.807247,57.033729)
(39.542572,45.384669)
(48.411376,18.850903)
(51.209847,22.483022)
(28.720535,6.961788)
(1.882630,19.207847)
(45.643863,25.806374)
(18.822673,58.748540)
(17.377050,46.205150)
(34.984498,13.921478)
(6.872948,3.202841)
(18.119108,13.276719)
(48.695154,4.196475)
(50.587875,22.149511)
(36.870246,10.438356)
(53.435518,51.651835)
(34.417816,37.553714)
(2.237791,43.039413)
(58.509979,32.009427)
(7.697626,10.799923)
(18.851943,23.430570)
(23.621235,6.645817)
(37.737209,18.884780)
(13.521405,14.609667)
(36.628261,53.613298)
(34.499587,4.836716)
(51.982863,33.091028)
(20.975389,12.312309)
(26.484127,31.738486)
(55.313981,13.224140)
(43.043139,15.649536)
(26.606247,7.245287)
(31.037741,43.977258)
(16.495460,45.826444)
(44.667307,18.682421)
(10.777272,29.850982)
(42.013768,58.211822)
(51.573957,14.402155)
(9.062867,2.666015)
(5.694828,25.583527)
(16.488233,20.495718)
(57.581599,8.858208)
(54.796024,22.028444)
(34.546785,11.541205)
(25.522202,15.696444)
(17.464138,12.835050)
(38.432376,20.680899)
(4.263091,42.691552)
(46.238961,52.337721)
(41.689443,5.421954)
(50.240774,43.703254)
(32.260682,33.259422)
(44.277097,18.971846)
(18.460843,22.156002)
(46.665696,36.569811)
(43.603077,3.768641)
(7.580238,5.760171)
(57.560646,1.266592)
(42.232481,8.538891)
(9.775964,46.594093)
(15.601990,18.346617)
(16.144419,35.098873)
(49.512965,34.871138)
(32.106263,17.918750)
(22.549740,3.117136)
(44.956473,34.936514)
(24.642428,43.903100)
(36.284715,11.551636)
(20.140572,57.784049)
(33.880959,55.511502)
(20.683776,49.011267)
(47.651250,38.540621)
(6.278972,52.236655)
(26.283384,43.322413)
(46.645801,31.186678)
(30.401505,4.564779)
(42.313663,15.226940)
(17.462608,12.347916)
(15.601511,37.366577)
(19.511613,59.815268)
(35.333973,34.356442)
(6.863331,46.522571)
(56.442386,32.946316)
(9.951627,42.600390)
(52.451322,4.794985)
(28.863600,26.357011)
(54.244577,22.191149)
(33.363779,14.249313)
(8.605611,45.475709)
(5.035749,34.352766)
(41.036007,50.302379)
(45.407864,21.673560)
(45.294401,17.027797)
(28.740301,2.102509)
(41.057710,51.127514)
(25.503473,30.944084)
(39.442159,37.919029)
(49.154109,27.358176)
(30.589222,41.570651)
(40.747316,25.006047)
(26.259479,4.523389)
(34.342895,5.276736)
(22.853828,59.839708)
(40.646447,17.949702)
(5.360287,34.962242)
(28.311722,7.387964)
(31.057958,28.143768)
(50.822495,25.971996)
(55.797834,18.471940)
(4.108444,34.896139)
(40.211222,32.005012)
(15.118432,17.024689)
(8.609422,47.815592)
(33.338194,17.134429)
(42.674451,18.911245)
(17.084878,28.451702)
(15.114526,11.153630)
(44.868816,52.750068)
(49.221093,28.022683)
(41.602519,39.095692)
(0.492609,54.357111)
(17.420714,12.546602)
(25.463953,34.828315)
(12.297493,12.997792)
(22.948763,7.188441)
(23.827608,61.706193)
(33.200969,38.993397)
(19.494510,27.612464)
(6.227553,7.649808)
(34.677439,37.088359)
(3.865374,10.559719)
(40.659089,34.244757)
(12.392234,36.582354)
(2.315989,63.835619)
(48.056379,36.032669)
(41.151539,23.800678)
(45.827333,5.429844)
(17.011972,14.911649)
(34.154875,19.415362)
(40.996481,23.526911)
(25.350562,54.377614)
(45.624993,42.614808)
(35.361115,50.798804)
(24.197733,46.309364)
(16.533778,41.450741)
(24.598039,52.945042)
(3.908617,5.273971)
(21.767195,26.067677)
(3.322465,35.670739)
(0.590085,15.882549)
(45.056342,33.469811)
(22.197247,20.698166)
(0.938631,37.291967)
(2.711687,44.310709)
(1.516939,64.218271)
(21.237455,40.953268)
(7.496967,18.051067)
(52.398834,47.315564)
(47.507869,6.826183)
(24.385195,52.477141)
(11.303680,49.193546)
(39.715088,51.710417)
(30.376616,5.244711)
(34.340202,38.646875)
(23.690581,31.046667)
(47.995875,32.664248)
(10.547154,7.962929)
(34.470595,42.637115)
(33.169693,50.105284)
(49.986388,18.455241)
(25.924775,27.483650)
(34.758367,39.084579)
(22.612313,58.023285)
(0.674638,8.421775)
(8.508315,43.564962)
(38.270083,47.560392)
(49.783920,1.126465)
(2.054074,39.234795)
(10.535479,32.043136)
(10.322849,43.613384)
(51.202705,44.182987)
(30.631033,8.467878)
(27.103123,41.520796)
(30.436046,21.351243)
(22.693768,4.767397)
(20.287013,10.339387)
(22.674637,11.443660)
(4.332286,0.143723)
(15.379843,61.260535)
(3.087969,55.761058)
(49.145450,28.678474)
(34.030932,2.876275)
(49.498000,1.342731)
(39.156831,29.291688)
(17.904438,9.268257)
(7.537950,52.484167)
(43.819335,56.657672)
(44.927193,36.032672)
(53.797119,32.536468)
(26.364113,28.703535)
(47.994207,23.767492)
(14.172773,37.937451)
(43.804709,12.734650)
(36.482491,27.774898)
(29.690409,4.604744)
(57.508401,53.982150)
(22.770168,31.731130)
(59.717578,7.848756)
(52.692029,46.048817)
(15.216672,34.224921)
(9.598510,56.548489)
(45.028600,30.860733)
(3.292906,35.300865)
(43.120085,20.562561)
(44.940793,20.430203)
(14.290739,0.268151)
(10.848819,26.233882)
(42.921860,20.076844)
(23.768292,2.962410)
(39.210467,29.871010)
(7.870028,4.410060)
(46.926191,49.253606)
(11.033853,33.452093)
(6.272852,5.153920)
(8.305354,34.810667)
(40.010650,3.844888)
(22.027662,5.123161)
(52.200341,3.064340)
(58.233886,39.522586)
(27.146572,27.478394)
(20.536518,1.453108)
(56.900820,24.763174)
(30.719919,22.332559)
(36.841115,37.363540)
(3.618781,3.082416)
(36.041987,11.363087)
(55.815572,27.707299)
(6.490530,58.562726)
(56.138634,53.589844)
(29.317507,26.346261)
(40.738507,12.626539)
(6.781302,36.335190)
(43.612707,34.485771)
(30.356762,43.340494)
(63.284475,18.474459)
(58.097241,5.476572)
(10.493256,43.879159)
(5.261877,6.210586)
(36.020091,53.551598)
(55.546477,13.975504)
(4.044057,0.672145)
(48.736581,32.078671)
(10.056806,7.940937)
(34.340016,22.797962)
(41.309136,7.080829)
(4.436904,52.887643)
(10.970003,37.638925)
(42.833208,9.518132)
(46.912743,18.305278)
(14.526968,0.971129)
(1.044738,42.772955)
(28.921636,38.893096)
(38.571074,46.609660)
(34.704793,50.389601)
(6.124646,27.655749)
(5.773152,42.133395)
(36.742151,33.330107)
(29.546564,18.287268)
(36.406380,27.034651)
(9.601763,38.442863)
(45.431759,37.147708)
(22.025257,2.124042)
(30.323754,5.712740)
(36.692997,14.149080)
(41.297988,16.073620)
(58.065797,21.975621)
(43.827763,36.011892)
(52.252828,10.431968)
(12.559729,21.172116)
(56.961114,11.033480)
(25.730541,12.662862)
(27.966869,10.793064)
(11.045132,10.980923)
(47.951270,11.782596)
(37.625058,26.398262)
(20.520771,41.845259)
(20.230729,18.671532)
(12.500964,22.414053)
(22.372472,31.966654)
(38.647598,19.447419)
(38.241230,22.732291)
(16.517161,31.693247)
(4.660308,50.971730)
(7.758127,13.051081)
(43.067052,14.128500)
(2.286539,33.442606)
(17.904360,39.437852)
(28.347219,33.134158)
(30.763046,43.296645)
(24.906427,33.463638)
(38.820612,31.526140)
(41.371390,38.957041)
(40.142666,54.981214)
(4.050452,20.941053)
(11.158197,16.553807)
(27.131839,7.800417)
(8.010283,20.756305)
(1.381987,14.541207)
(9.932498,50.634133)
(44.974549,56.747868)
(15.754592,14.662528)
(14.155748,7.568944)
(49.030504,20.625984)
(16.890547,13.000762)
(42.763894,17.626726)
(46.504890,59.561904)
(17.517337,50.107900)
(42.999865,61.357166)
(44.842009,20.810852)
(48.319045,52.422438)
(22.207245,2.082698)
(37.081292,47.437672)
(49.264635,24.239844)
(52.827329,28.288614)
(16.518439,49.809078)
(26.038838,2.880371)
(35.208329,24.097563)
(39.252806,43.082257)
(32.049046,28.935880)
(49.796935,39.870773)
(35.629884,23.060715)
(3.229361,39.626440)
(10.201826,25.292374)
(39.069516,40.377892)
(16.390933,49.657518)
(8.128153,24.594252)
(27.576497,2.846800)
(50.198117,23.368548)
(7.608278,29.449444)
(41.361725,16.005827)
(51.137473,29.376257)
(47.389805,3.725887)
(23.405244,12.207987)
(37.955819,31.705361)
(28.214557,12.440350)
(25.333635,1.431581)
(20.998382,44.857307)
(0.843654,4.492521)
(31.554723,16.582780)
(50.095428,46.664503)
(25.067436,9.294064)
(2.986136,47.060278)
(42.675437,14.862904)
(47.015992,3.858369)
(56.024245,44.664748)
(35.813898,13.787066)
(0.488415,41.851503)
(38.242947,54.975721)
(13.239740,36.547986)
(43.261761,55.620260)
(24.899988,8.811503)
(7.767436,8.086077)
(57.857139,34.114598)
(31.183344,31.767690)
(24.412988,48.519072)
(45.545685,32.588790)
(23.758312,38.322795)
(20.927748,0.819923)
(3.684917,1.847972)
(46.544318,34.881057)
(27.779970,27.858590)
(38.774198,47.104107)
(33.760915,38.742935)
(6.939297,49.287391)
(59.041113,11.455650)
(24.632176,26.389297)
(20.181613,5.877867)
(49.530056,45.041197)
(16.892479,22.110961)
(11.239802,31.208125)
(59.082367,41.313968)
(37.176926,56.374589)
(14.621324,20.804678)
(22.808410,12.136023)
(41.026480,29.384632)
(51.816862,45.684881)
(57.573504,23.067696)
(2.692739,27.753582)
(5.391731,36.484012)
(19.688546,49.724561)
(47.601516,57.947452)
(26.440578,49.513748)
(2.394002,29.016083)
(6.227798,33.985470)
(31.816986,29.383591)
(1.256719,34.316462)
(37.125247,60.023867)
(1.811133,39.895430)
(35.953640,42.962901)
(23.121229,36.384363)
(24.430154,7.792219)
(30.095726,33.149418)
(39.426559,57.892162)
(24.914385,1.217087)
(19.511925,47.397978)
(35.778589,42.004044)
(30.349318,53.755313)
(5.353508,30.775758)
(59.203056,49.683355)
(51.854855,12.152631)
(11.513829,4.993906)
(52.299359,7.417666)
(8.920546,32.269188)
(16.232584,18.039877)
(32.416789,20.450532)
(15.817723,2.707167)
(5.966828,31.594838)
(32.021053,59.151215)
(13.118165,17.694563)
(18.896713,26.974173)
(32.015180,36.398100)
(11.387166,27.032352)
(11.354151,54.248335)
(9.230258,56.957888)
(1.797018,32.436490)
(43.837028,11.187553)
(28.294287,27.145535)
(22.315247,53.605643)
(6.141695,4.996445)
(24.067078,38.236123)
(26.777322,18.029908)
(28.217191,2.612312)
(36.712188,38.554990)
(55.584544,21.330459)
(13.376943,27.960214)
(60.991290,51.433423)
(24.884312,14.391775)
(49.329150,10.918845)
(10.361215,18.001898)
(29.631516,39.727946)
(1.961550,5.223960)
(0.825769,53.630268)
(61.450473,49.462569)
(0.139553,57.455796)
(53.038149,23.410638)
(49.099642,0.845159)
(59.834568,14.947455)
(33.675856,49.638040)
(18.106589,16.119628)
(51.527365,21.786513)
(21.082296,13.489997)
(24.379182,42.342461)
(53.313471,12.958710)
(51.418204,34.930202)
(29.597615,40.094731)
(43.252820,29.146826)
(24.024870,32.807201)
(34.694816,64.082708)
(38.183730,49.818387)
(52.940072,6.660480)
(7.566724,34.740772)
(1.496819,47.224742)
(29.601044,1.357439)
(37.736406,3.445400)
(24.329914,2.518617)
(34.340260,39.138831)
(45.788554,17.317286)
(38.502130,7.010965)
(34.615598,6.060213)
(25.703028,37.758949)
(30.755467,18.486084)
(5.579322,56.838476)
(11.162997,45.512175)
(27.292922,47.649093)
(28.508293,52.819616)
(1.281517,54.291883)
(4.504428,34.629066)
(44.321939,41.070599)
(41.255359,6.987674)
(48.940261,21.724608)
(44.312005,18.867543)
(37.372189,29.805524)
(59.922439,52.512324)
(11.350981,33.021185)
(40.028659,48.194946)
(31.953064,2.499104)
(12.270617,20.433941)
(50.597442,46.661614)
(26.197798,42.610010)
(45.947478,9.518604)
(53.474458,29.820804)
(24.362288,40.388460)
(17.504408,17.593561)
(7.586874,17.838044)
(23.518045,26.235464)
(14.408370,62.042413)
(12.643658,14.408842)
(5.131681,21.986667)
(29.145050,52.169738)
(47.140610,50.201690)
(41.811801,15.054702)
(46.340326,23.343158)
(3.207344,52.085991)
(29.382860,20.372615)
(55.005594,25.502723)
(45.138414,31.481181)
(34.323894,31.985581)
(58.677598,43.377208)
(18.958600,22.905189)
(20.943909,40.560716)
(59.647297,31.925069)
(35.805729,31.528677)
(8.773788,2.541488)
(46.252654,47.485835)
(6.420889,6.474261)
(2.068389,60.275448)
(53.943732,49.745173)
(35.064740,29.931385)
(9.745472,23.547554)
(48.845513,23.818934)
(9.933929,24.993853)
(36.637386,4.439329)
(30.315785,50.867031)
(17.184666,46.084184)
(55.141880,52.303262)
(62.779715,13.081960)
(10.466680,25.004692)
(42.960804,16.083528)
(8.659768,26.850963)
(24.066510,34.026814)
(26.359809,7.902893)
(23.627547,35.500475)
(11.837632,8.005388)
(10.432636,2.336781)
(14.409204,45.460694)
(5.818480,36.690574)
(34.066648,29.517157)
(17.425096,29.025039)
(8.556128,56.618720)
(16.455852,35.113676)
(34.107279,39.282426)
(8.339331,24.222551)
(1.686177,52.406784)
(25.874844,47.351820)
(16.702344,43.562898)
(41.078108,51.621846)
(3.244394,6.595266)
(19.481117,5.846000)
(51.060378,48.131983)
(42.430791,39.744718)
(35.857829,6.919521)
(9.667344,26.036364)
(39.132310,45.771863)
(8.878763,4.383785)
(13.698525,1.911894)
(32.162187,4.056366)
(37.156470,31.497172)
(57.555068,49.262353)
(29.799436,16.861974)
(33.925361,48.313673)
(0.843647,17.453842)
(34.416253,46.587309)
(10.806755,25.116780)
(18.992501,26.732358)
(23.221947,22.190994)
(24.448041,31.968257)
(23.806039,4.121487)
(14.502067,3.139702)
(40.254100,35.253411)
(16.962880,15.558228)
(49.771529,52.564232)
(2.440276,34.790770)
(54.283467,39.645209)
(22.928044,18.824222)
(3.154975,31.677325)
(2.530155,33.908572)
(12.702108,20.229956)
(5.554966,22.698800)
(16.909829,20.118042)
(5.685659,1.463853)
(24.342373,18.038229)
(6.933736,20.272147)
(13.791763,39.035409)
(21.953932,27.403480)
(56.194040,18.275686)
(53.532913,38.570432)
(9.564554,40.731006)
(25.213716,49.514332)
(40.512854,30.644281)
(31.966538,4.128196)
(52.735693,24.806243)
(41.224624,49.238513)
(17.709436,26.923280)
(1.564625,21.306579)
(36.196514,24.072531)
(8.048836,30.295371)
(25.671592,20.211115)
(43.768093,29.624285)
(33.622350,28.405797)
(54.834604,31.271597)
(34.933210,61.215136)
(54.010393,23.616483)
(48.161393,49.326022)
(50.435931,6.981669)
(2.128920,4.077448)
(10.019864,16.048602)
(0.762475,22.392032)
(33.921331,38.084521)
(5.375708,53.908702)
(0.092214,30.295239)
(33.812966,6.110294)
(14.164201,37.004464)
(4.790055,12.503257)
(12.620134,8.449019)
(51.807889,32.680600)
(6.241399,3.429297)
(47.166471,34.338627)
(25.952405,34.542103)
(1.498493,19.149050)
(12.114650,13.136165)
(26.667426,8.661380)
(14.808979,21.991421)
(16.809449,27.342585)
(53.671724,28.324508)
(4.861110,14.911118)
(4.245817,18.587752)
(27.539663,11.281198)
(14.823260,35.094887)
(22.688338,35.762274)
(33.729488,54.884640)
(55.975759,11.553421)
(27.887044,32.849237)
(17.622858,41.252645)
(24.469553,53.329130)
(44.961311,5.712923)
(48.327942,34.539912)
(11.158029,25.297288)
(43.792724,29.362782)
(3.093469,2.598099)
(62.333091,35.980020)
(16.189813,54.339075)
(47.467468,18.699975)
(51.502477,27.652023)
(18.804253,48.037899)
(15.394068,0.314166)
(37.898462,34.161991)
(51.715434,52.917832)
(41.000126,35.086231)
(8.562556,1.989588)
(17.157186,28.343794)
(2.908320,0.266493)
(48.042847,53.053845)
(57.481569,9.404636)
(47.201013,48.980264)
(5.383437,31.605689)
(16.542839,34.265729)
(15.879008,3.409493)
(27.334831,15.517239)
(12.159834,6.828873)
(38.018923,0.162648)
(43.364740,12.111170)
(33.668384,29.288902)
(14.316700,48.724142)
(42.155157,51.114246)
(5.068711,4.612850)
(0.547632,30.730864)
(21.475143,3.664985)
(22.174110,57.749505)
(24.855171,34.278857)
(17.264404,51.512876)
(26.236711,5.256495)
(43.671036,25.474554)
(19.896085,8.054176)
(46.846008,13.273925)
(18.700364,24.857452)
(57.799946,13.379747)
(29.029926,52.892748)
(46.662852,33.201079)
(51.893005,50.616621)
(28.985481,44.339112)
(41.640476,22.368263)
(7.831415,6.934590)
(50.644683,5.977025)
(53.921079,30.347710)
(13.548572,21.188259)
(48.347482,4.783949)
(37.297451,51.737192)
(4.660316,16.131282)
(24.062924,44.868271)
(12.867495,18.106614)
(3.141238,7.844034)
(39.953487,11.293978)
(15.374830,42.145024)
(17.137094,51.808656)
(19.944349,47.796370)
(32.792840,47.572967)
(2.845462,19.407243)
(57.246487,28.844454)
(30.034162,11.342375)
(56.743231,33.406455)
(54.523270,41.996558)
(25.935519,33.662581)
(30.883452,45.632967)
(41.794910,20.195143)
(6.336261,47.802641)
(52.888696,58.108033)
(29.414980,53.815998)
(51.723474,37.350207)
(36.508660,51.692157)
(44.494677,26.860414)
(5.573237,21.487743)
(47.353476,2.784045)
(5.408613,20.823408)
(20.398941,26.903429)
(43.419372,10.326015)
(38.423572,38.838969)
(54.335655,48.208516)
(6.785415,11.929687)
(41.213492,54.720747)
(35.874225,34.166097)
(35.477340,24.941168)
(26.126324,45.845202)
(51.523125,23.480923)
(24.010460,11.069310)
(10.241407,19.180883)
(52.961075,54.112199)
(40.601033,41.963629)
(58.319701,44.611505)
(13.807771,50.868372)
(4.657607,27.521737)
(3.803637,24.456069)
(58.121483,3.538766)
(56.743793,51.614196)
(27.629432,45.620982)
(56.156063,0.615260)
(13.472964,50.543384)
(19.202342,5.389938)
(36.063013,42.138654)
(4.809975,43.385005)
(30.466239,35.705437)
(38.304395,15.563501)
(31.840074,1.459855)
(50.572440,10.122035)
(37.205328,11.479977)
(3.155711,47.276581)
(25.791323,31.215058)
(24.905713,58.773988)
(4.551797,36.320471)
(12.492729,57.164128)
(34.753038,10.804236)
(42.811034,22.252023)
(14.373573,7.361025)
(59.566916,34.712534)
(29.105263,17.627196)
(43.119220,32.207686)
(48.552135,29.155011)
(37.679035,12.906824)
(12.080809,22.385731)
(4.889674,34.486489)
(30.923584,5.184145)
(27.248232,13.710504)
(38.766788,9.256312)
(44.934883,21.661129)
(42.708598,6.171143)
(37.064361,45.320129)
(4.268852,39.833499)
(3.544689,38.232106)
(23.359032,47.081731)
(12.199192,0.500338)
(16.923582,4.861853)
(0.663886,36.564869)
(28.324960,31.585651)
(7.786512,54.551094)
(11.385252,41.984095)
(3.051128,58.733796)
(59.735859,46.262123)
(58.069438,22.647125)
(44.774777,33.903072)
(50.128315,7.179407)
(47.302393,12.015401)
(36.204192,48.589691)
(25.082018,53.087787)
(39.513939,14.232287)
(52.161897,41.419288)
(39.173824,53.475931)
(54.935271,3.581426)
(37.130953,25.710292)
(36.959026,40.086462)
(48.514520,22.452543)
(29.130824,31.179674)
(39.649325,24.746111)
(41.076128,42.069011)
(55.553975,47.376593)
(44.137311,28.489470)
(21.037265,15.271799)
(49.901070,21.021709)
(26.168610,44.314349)
(45.722512,20.557942)
(43.733309,5.057494)
(17.856082,30.083161)
(50.513581,18.316102)
(3.843259,51.015198)
(31.300144,6.818244)
(2.970147,4.864764)
(39.123757,52.896560)
(19.421254,0.843882)
(41.412275,49.174175)
(51.373259,41.018265)
(31.339979,8.295348)
(53.337814,35.428348)
(44.684949,42.850877)
(61.473964,59.606529)
(28.420894,12.848136)
(25.303536,25.277605)
(22.347653,54.432158)
(2.740760,43.599292)
(18.740307,39.253206)
(26.690440,21.168934)
(53.126674,36.617863)
(26.942803,23.730324)
(13.151734,10.357943)
(13.781687,34.669469)
(40.237909,21.439509)
(10.487723,35.597295)
(8.324975,13.845766)
(10.185046,3.457592)
(41.644409,52.758601)
(38.263346,8.638980)
(37.946456,3.492118)
(21.961018,28.340000)
(64.315731,35.085509)
(41.845930,10.396094)
(5.066787,47.505195)
(34.644984,11.222611)
(56.016849,30.033619)
(34.257012,19.468919)
(35.607227,7.467170)
(22.023693,30.416875)
(35.534319,25.698423)
(63.905236,40.467219)
(42.646753,2.378339)
(0.791135,2.917837)
(33.302600,38.336852)
(7.202590,12.510254)
(37.143644,2.878339)
(50.033099,25.326874)
(1.100198,44.945186)
(45.844880,23.509156)
(35.823260,2.808154)
(10.026169,7.062516)
(34.929305,42.937488)
(35.808988,6.391800)
(35.085833,17.517614)
(18.569812,44.373401)
(11.867641,9.509532)
(9.558091,29.811376)
(52.056588,12.059011)
(46.222263,13.621160)
(38.097139,2.501627)
(57.503216,16.566599)
(32.185799,25.206483)
(38.508441,24.444721)
(30.100592,24.905657)
(12.428959,29.995542)
(11.709069,37.993088)
(26.369585,42.771723)
(4.319463,9.141960)
(19.849666,34.498197)
(2.513953,31.627544)
(52.885943,42.533564)
(21.160700,53.811142)
(11.971801,23.823905)
(32.564565,10.208577)
(25.799807,19.841504)
(30.509513,18.489268)
(32.395583,35.309287)
(15.165049,15.908551)
(1.567304,22.834013)
(33.757967,36.820856)
(25.457015,28.096533)
(14.533882,52.232090)
(12.673713,18.919152)
(25.989258,3.713321)
(3.918670,46.727491)
(11.090794,5.367991)
(45.177147,48.871985)
(18.778370,1.223235)
(12.491754,27.966967)
(5.621108,17.595871)
(2.707725,50.510370)
(52.787800,37.870891)
(59.320815,31.368181)
(1.188201,14.349095)
(47.234759,17.855507)
(37.052712,11.880460)
(43.917707,30.129051)
(9.390084,20.330384)
(45.657580,21.539175)
(49.635227,19.457828)
(48.772919,9.029505)
(42.663117,41.263517)
(4.741974,7.981698)
(26.712039,48.090795)
(1.549417,48.606399)
(35.864678,35.552744)
(21.659907,7.819091)
(2.746560,54.668006)
(44.331167,3.230349)
(17.423752,4.426869)
(9.229502,11.243797)
(22.571820,32.900661)
(58.772325,51.263084)
(27.042282,28.139872)
(3.814999,24.642714)
(33.484978,52.711170)
(44.697730,9.042511)
(20.343350,8.924200)
(19.878615,22.256928)
(44.066980,38.944064)
(10.291928,28.518251)
(7.001198,26.786042)
(12.232330,20.009545)
(1.219994,23.045226)
(24.647262,54.798326)
(19.719860,50.158593)
(16.150134,3.552702)
(25.260170,26.393531)
(50.014465,35.004980)
(52.881770,58.911213)
(35.486036,28.651703)
(15.145576,8.882279)
(0.023418,50.654019)
(26.329597,45.734381)
(48.751553,8.211432)
(28.184564,25.918417)
(0.670954,36.972863)
(42.503454,38.902583)
(11.151655,53.417273)
(39.425051,0.364594)
(9.202432,24.210056)
(12.919000,52.030615)
(38.317262,55.071956)
(45.854806,46.849359)
(45.475767,12.828913)
(16.689290,48.466975)
(16.335939,20.574706)
(26.114128,18.705667)
(1.870665,55.286672)
(56.514272,34.537912)
(35.057789,54.497521)
(17.121233,30.590087)
(28.475174,29.395748)
(34.811473,23.951727)
(24.466286,42.682280)
(1.361661,44.231851)
(43.751459,26.897817)
(6.735849,4.250262)
(41.625992,10.483237)
(9.522135,24.579691)
(57.406965,8.036913)
(40.597741,16.873569)
(13.505289,31.091267)
(52.072842,32.127826)
(54.123439,1.681602)
(51.523355,17.973442)
(14.273590,9.799468)
(21.190178,13.685430)
(28.776382,3.903479)
(27.431070,30.537205)
(1.392550,23.584143)
(25.116317,4.391643)
(11.425582,49.080875)
(1.558595,20.749596)
(15.152773,61.497443)
(31.915627,4.738541)
(31.847520,45.603507)
(15.387033,53.306388)
(42.309458,12.790639)
(46.721088,31.226120)
(33.275484,31.958702)
(44.738756,62.141291)
(59.767673,1.675780)
(26.197278,23.783637)
(56.015347,41.007062)
(59.105921,20.080847)
(21.096159,46.790594)
(36.802968,52.390451)
(57.761263,39.455943)
(3.463296,26.864241)
(60.494749,2.032169)
(23.399650,18.656030)
(11.018797,10.600024)
(44.254511,14.316121)
(11.445423,38.576234)
(18.356284,18.438228)
(51.000563,14.115509)
(10.584063,56.918532)
(48.661496,33.072637)
(35.062580,28.916307)
(52.674070,51.673903)
(15.596403,34.261445)
(61.836006,39.440242)
(10.399877,59.088953)
(22.577466,31.421347)
(17.780073,13.567152)
(17.076687,56.414253)
(0.241941,4.290723)
(53.323399,29.187321)
(43.976993,37.589038)
(23.849022,30.930565)
(17.843645,21.474762)
(19.270280,32.060209)
(34.060949,20.874295)
(43.913596,14.404287)
(34.420572,19.634431)
(21.146086,8.343760)
(35.764577,61.833036)
(54.201355,53.028394)
(26.779472,29.472446)
(5.744602,4.971165)
(46.624215,22.130920)
(31.090197,32.628879)
(40.558167,59.965104)
(5.976535,38.354882)
(39.890658,19.789534)
(27.876796,48.043395)
(34.048017,13.720870)
(36.508132,33.268757)
(24.727715,8.465782)
(21.273164,55.926386)
(46.869000,44.770411)
(30.533426,9.968340)
(51.809708,24.693793)
(12.538030,23.837257)
(51.041711,25.375346)
(15.879752,10.468787)
(5.861394,32.399510)
(36.002264,23.999335)
(3.903651,46.598545)
(35.760069,45.731748)
(43.419684,18.243755)
(40.746437,14.147703)
(24.581496,33.114927)
(27.354440,23.984253)
(35.606475,7.008078)
(5.100536,52.349825)
(13.304406,20.138396)
(36.222876,4.290078)
(49.599541,31.452452)
(37.684549,43.200672)
(15.490428,36.571054)
(15.832923,18.977122)
(21.406019,35.026609)
(27.712317,42.603259)
(45.107101,46.856932)
(54.090009,23.492065)
(13.585185,44.519173)
(56.380197,14.480733)
(32.263382,55.231740)
(10.889101,26.800941)
(52.527932,39.441745)
(12.019279,21.142066)
(18.084587,34.478719)
(13.400417,52.141462)
(26.099792,9.753574)
(42.753920,48.587377)
(5.759953,28.896988)
(22.323395,10.686110)
(8.119969,34.557219)
(43.600432,27.818171)
(21.213974,52.862661)
(50.797023,39.390393)
(8.898257,45.548125)
(1.161763,30.026973)
(15.884591,49.814149)
(24.158783,30.825686)
(12.465178,14.978961)
(51.329757,41.759761)
(21.123171,41.130379)
(36.998951,27.858225)
(5.588838,11.055733)
(22.340070,49.102041)
(59.734652,24.054754)
(48.364731,3.327348)
(16.858041,5.703294)
(25.202484,58.304180)
(9.994548,17.292064)
(48.052268,39.215540)
(18.778339,4.192171)
(44.114570,37.692974)
(44.406340,53.896795)
(45.656787,47.649704)
(44.867543,54.005465)
(23.896033,22.314421)
(24.807275,12.102431)
(9.557678,16.197099)
(33.117730,40.114784)
(49.036199,0.961006)
(1.453734,24.044298)
(16.624887,26.193282)
(35.748077,32.966334)
(50.472653,33.459321)
(13.786237,37.249304)
(30.298812,18.679815)
(2.543674,49.695176)
(0.259467,54.973557)
(39.435944,50.610904)
(58.298346,51.599814)
(16.177961,2.482879)
(51.223141,59.825053)
(9.723543,5.396134)
(28.370838,45.338169)
(24.839004,13.459737)
(34.940167,8.364950)
(2.951767,23.110740)
(51.757822,32.757054)
(28.651650,0.838554)
(51.330539,24.500334)
(6.069191,27.601795)
(4.884522,45.595540)
(1.335145,0.270641)
(18.666439,25.551961)
(57.469990,36.333010)
(42.037615,13.758557)
(10.391892,23.277133)
(15.651676,8.780630)
(2.652634,2.940922)
(13.382409,21.735299)
(13.998616,25.947688)
(12.782529,14.348413)
(14.652324,14.630781)
(33.074159,52.644852)
(24.746182,7.337676)
(40.324380,48.416905)
(29.356447,1.162616)
(11.291109,34.665481)
(31.983954,41.334168)
(32.998218,26.202824)
(14.664669,2.790230)
(57.591454,48.826036)
(46.334759,16.482629)
(46.581574,9.489423)
(23.096555,60.559148)
(9.449591,5.356981)
(48.021826,39.536487)
(5.520472,34.430566)
(17.527754,43.566768)
(51.491323,32.194713)
(4.287145,24.925567)
(20.419780,4.007054)
(26.753324,17.188136)
(7.113105,47.648745)
(33.173436,26.560260)
(25.191280,16.647308)
(56.975545,16.225479)
(53.091037,0.042881)
(7.169487,28.017101)
(30.568844,3.741563)
(21.063457,38.303512)
(13.797631,16.525507)
(3.602480,14.802336)
(58.162725,53.262458)
(44.559049,38.867305)
(45.587383,32.916481)
(39.585692,8.465558)
(23.004410,13.960542)
(31.674334,7.046264)
(9.649974,48.385452)
(29.548147,20.860782)
(48.223078,24.715794)
(24.258862,45.775676)
(52.221887,11.053926)
(13.500084,18.599127)
(53.548304,29.178791)
(52.440577,11.335827)
(43.304297,50.626823)
(35.007525,17.069360)
(13.715169,12.512301)
(28.329394,24.549635)
(34.564132,59.338675)
(52.396447,14.615951)
(36.953410,32.971520)
(28.154877,17.422173)
(53.265139,44.574074)
(23.343193,14.504469)
(38.178678,26.578631)
(40.019082,0.090367)
(22.256341,30.782299)
(50.253623,30.232380)
(6.806967,23.788601)
(2.267687,26.796618)
(54.742667,16.832666)
(53.097389,47.946786)
(49.713708,17.789706)
(17.388111,52.009025)
(46.548122,49.382260)
(30.337237,29.883169)
(57.930480,35.240141)
(26.750780,20.568789)
(58.624442,32.412643)
(6.979671,31.649811)
(9.711403,30.268385)
(18.729454,1.718350)
(9.966348,15.624498)
(5.188858,36.586411)
(44.583269,47.856296)
(25.060969,57.259074)
(33.554070,24.054969)
(43.594916,6.895324)
(47.930578,7.553943)
(20.521926,50.285833)
(52.822218,45.058155)
(1.490596,51.106813)
(35.018339,29.955804)
(17.426398,50.850577)
(42.230350,13.919522)
(9.039766,42.110767)
(22.124811,13.188060)
(36.192481,50.501401)
(30.909296,23.547218)
(23.838823,47.899118)
(25.687838,17.218622)
(59.472387,0.150051)
(45.164120,37.480639)
(50.703001,7.796388)
(8.783582,14.250473)
(45.488576,54.613823)
(2.013472,3.594977)
(13.539178,26.112108)
(36.342536,50.625211)
(5.484921,15.779802)
(23.851444,57.668517)
(36.909307,33.802350)
(3.295005,30.926294)
(44.141647,13.676518)
(44.872884,43.737813)
(34.915721,39.942435)
(11.748995,57.931573)
(18.843071,18.211826)
(52.704881,7.514138)
(60.336060,50.325192)
(3.056795,41.772709)
(27.495238,0.946232)
(29.618146,56.909319)
(30.838004,14.100762)
(52.269806,48.607877)
(28.296809,6.613559)
(58.346516,30.407484)
(40.220961,7.431310)
(32.318001,38.104447)
(17.098537,51.463815)
(37.698012,27.748298)
(34.249538,33.970831)
(5.547318,6.015673)
(27.288160,38.731244)
(30.792897,34.880345)
(59.685000,58.000505)
(21.620198,13.190030)
(54.654224,11.905001)
(18.218798,59.681708)
(53.055510,24.595800)
(48.349044,50.208314)
(40.497030,48.871731)
(25.482725,57.790665)
(48.680128,2.557053)
(13.382438,61.174922)
(16.197281,9.314721)
(30.436788,36.482343)
(51.376977,38.233592)
(29.237397,37.076389)
(8.396638,22.858077)
(51.096851,18.911270)
(11.883730,12.366944)
(40.751950,2.093251)
(29.926184,48.118842)
(16.927451,62.868735)
(40.568045,26.304179)
(33.240293,16.605542)
(20.665584,58.145351)
(25.130099,47.735881)
(44.182217,39.160245)
(53.352931,30.230931)
(39.564613,47.674409)
(1.971301,9.183385)
(40.814163,56.690653)
(12.997483,48.383019)
(17.220622,0.164692)
(18.268299,21.832605)
(18.867321,21.898012)
(18.414780,5.332480)
(40.990336,58.530508)
(13.564702,16.287719)
(2.852082,44.116725)
(38.651153,49.951731)
(3.988154,8.551486)
(0.412549,8.481210)
(5.996375,46.768587)
(40.977228,30.691264)
(14.242147,49.228481)
(7.191830,17.417325)
(50.435932,44.437175)
(11.057526,50.387879)
(51.361627,17.452127)
(9.014392,40.905600)
(13.231120,44.087641)
(45.283608,46.196230)
(18.049965,33.921798)
(12.652537,15.203925)
(34.776167,50.551068)
(35.735332,47.018215)
(35.273255,6.462020)
(40.213360,28.233902)
(58.490413,29.059591)
(59.068945,40.419188)
(49.382467,10.294584)
(28.941047,23.908484)
(29.079255,3.836228)
(58.783424,2.434976)
(29.131244,30.053756)
(34.948878,34.071552)
(28.022089,22.928604)
(50.111039,37.962054)
(30.472575,10.648879)
(42.949091,60.703386)
(50.034072,30.085765)
(48.090423,31.832227)
(58.937640,38.404454)
(20.548737,24.105128)
(35.816216,11.936896)
(30.567992,9.288499)
(42.391843,49.830448)
(3.966253,46.596960)
(59.606517,35.177391)
(8.584622,22.371434)
(3.842990,17.110631)
(0.724524,32.546634)
(44.332297,1.342004)
(1.824536,24.244981)
(22.418912,12.414485)
(53.079312,35.883414)
(34.140500,4.042495)
(25.913526,23.988702)
(8.432931,46.559926)
(34.688795,54.441615)
(14.551738,6.597023)
(49.341627,45.679404)
(3.048086,50.565643)
(37.492219,8.334243)
(39.480104,2.690369)
(8.000900,30.589806)
(20.475697,35.071081)
(43.929104,24.741980)
(33.202311,7.578629)
(58.089828,48.741719)
(43.138373,1.452423)
(18.700518,3.797187)
(49.903774,23.610060)
(39.134081,23.051145)
(25.494843,60.044562)
(44.738246,39.882835)
(4.171674,35.728213)
(12.420467,24.107126)
(45.098603,10.739321)
(14.892853,17.397958)
(48.373191,3.445978)
(36.937034,53.304524)
(18.002100,10.706790)
(47.554904,30.279321)
(24.204330,4.107182)
(28.560360,36.370516)
(27.541501,28.687923)
(26.002454,34.832075)
(61.527606,34.561814)
(56.466116,24.035238)
(31.779883,32.009945)
(15.059150,42.353793)
(17.545976,12.546395)
(14.306271,2.792563)
(52.551673,54.906689)
(58.109190,17.320775)
(55.999254,49.672456)
(44.807549,32.026285)
(52.671318,58.368789)
(27.724458,27.491179)
(57.293496,53.210794)
(49.823025,0.673642)
(41.087947,52.260996)
(1.713646,55.716207)
(22.868152,45.028387)
(2.691480,22.648662)
(22.563085,7.193434)
(42.409897,19.756023)
(5.451628,11.350610)
(16.574927,45.574669)
(44.391556,47.108844)
(49.977145,29.261329)
(35.725033,19.199340)
(6.577651,7.989359)
(39.771015,32.713300)
(49.697187,14.147874)
(46.102595,32.462866)
(50.485567,3.461555)
(20.092279,40.626094)
(39.288492,21.020384)
(6.468000,18.698543)
(31.939767,20.949820)
(6.210585,53.806786)
(0.568069,37.450983)
(44.049040,11.971308)
(48.232403,1.191820)
(9.548051,9.630488)
(33.893761,42.496872)
(22.174855,28.589016)
(7.990378,8.789088)
(11.021508,50.192396)
(8.787782,14.293629)
(38.793426,50.124929)
(31.839838,1.560182)
(29.011624,10.170533)
(31.572338,52.523601)
(10.191308,56.785455)
(33.899284,8.226260)
(6.780722,10.551053)
(48.088155,10.220433)
(49.491616,59.133715)
(32.996757,51.509149)
(46.839698,45.750136)
(42.297529,45.986004)
(27.076826,16.493988)
(39.333448,51.396722)
(41.930762,6.946646)
(8.721201,21.065776)
(28.209134,37.415926)
(60.795444,37.391564)
(22.392590,43.375437)
(41.901589,50.174373)
(24.723419,26.828594)
(34.784587,41.462669)
(38.834781,39.444632)
(51.041492,34.511357)
(35.332305,17.244001)
(4.095056,45.117421)
(50.352824,33.545884)
(34.611691,10.304856)
(9.456750,48.639794)
(55.895872,31.259155)
(38.475392,12.939978)
(30.960355,5.524967)
(1.778425,24.219681)
(28.591354,16.695735)
(30.148334,31.377661)
(40.775418,40.302739)
(32.173246,16.320810)
(2.388659,19.707899)
(39.824389,38.723069)
(6.779402,54.751349)
(6.009030,28.417001)
(6.918087,33.908274)
(23.475781,49.957260)
(3.165967,28.208826)
(15.819955,14.525312)
(16.750367,57.371512)
(9.827107,22.706892)
(27.659393,19.884557)
(43.847633,0.894832)
(21.951456,22.756822)
(27.697033,8.937086)
(11.984397,44.171673)
(25.600387,5.783240)
(47.350235,3.329636)
(30.190877,31.869211)
(40.170375,34.158567)
(53.291698,34.487069)
(39.138930,20.271328)
(36.090810,11.999067)
(52.398240,7.559224)
(16.293964,52.078261)
(21.844134,35.091042)
(27.566409,15.805592)
(20.562113,43.748770)
(45.315955,57.492779)
(17.194513,10.356607)
(2.045705,44.542467)
(26.328649,0.321783)
(32.819951,45.796869)
(23.790473,3.731612)
(50.383357,11.201215)
(15.237870,2.414375)
(26.741356,28.995491)
(4.518028,9.957542)
(48.320450,34.306351)
(10.671209,38.427387)
(43.865507,52.056714)
(49.067774,51.017591)
(29.872345,18.750852)
(50.863971,9.684126)
(0.699646,6.749669)
(1.354133,20.668564)
(11.846762,3.298258)
(29.844119,18.391456)
(40.016731,52.831807)
(18.182539,0.017827)
(62.076865,19.775868)
(34.235492,19.433582)
(53.704609,55.870552)
(31.348293,33.657467)
(30.765589,11.658758)
(41.907245,14.172625)
(12.866494,11.363471)
(32.589993,39.085710)
(38.941620,34.881499)
(22.393407,41.351551)
(6.370224,3.569321)
(35.490307,7.448841)
(18.064750,29.295423)
(29.435357,46.207404)
(30.871834,16.467773)
(35.976244,26.007786)
(45.762338,42.673788)
(22.598806,49.222942)
(5.848765,18.603110)
(53.063113,30.993762)
(13.283343,51.625688)
(21.121349,28.018463)
(20.697787,22.566757)
(61.171794,6.449610)
(59.669457,15.110166)
(13.772008,20.764254)
(29.378349,50.017356)
(17.708275,30.578582)
(7.927585,17.903437)
(24.459552,9.572084)
(55.101937,19.917274)
(6.751511,18.506458)
(36.811086,15.211801)
(1.423355,25.450078)
(62.372502,8.187374)
(6.441160,12.651391)
(35.192164,16.554090)
(33.047417,54.311922)
(43.081746,43.917356)
(33.766632,29.156905)
(47.787717,46.511303)
(15.341430,32.831341)
(43.720989,11.820324)
(38.684549,50.585297)
(31.539178,2.949369)
(61.651583,7.075319)
(31.155496,58.219787)
(38.672761,45.413036)
(22.153222,41.230151)
(46.624865,15.845494)
(53.463754,22.533735)
(22.325514,19.831871)
(26.533513,37.395728)
(8.141603,5.522648)
(22.840329,14.977361)
(3.629265,41.687162)
(40.865848,11.594036)
(6.918334,62.705368)
(38.369369,30.053734)
(0.933421,19.613812)
(53.441688,19.319382)
(8.552299,1.051154)
(28.682223,33.400118)
(45.621583,28.857444)
(41.358462,0.699006)
(21.512477,15.880109)
(39.220082,31.966897)
(20.627696,41.914400)
(54.454514,23.013315)
(27.107856,33.856201)
(3.755105,59.720301)
(55.432132,14.874090)
(16.534720,34.782030)
(25.997044,12.964044)
(30.430687,3.349617)
(18.712252,50.218653)
(4.661505,20.506645)
(44.486288,15.761490)
(54.796604,3.439058)
(54.996986,60.211000)
(11.729848,22.375891)
(49.461127,26.853309)
(35.102977,31.232062)
(10.462085,21.429250)
(29.128893,35.201445)
(23.903103,27.519617)
(1.844145,39.232907)
(38.810063,1.452966)
(50.717131,30.309409)
(56.934790,34.328383)
(25.785352,25.261887)
(32.007150,4.740007)
(13.847721,18.355668)
(35.779663,4.593186)
(17.394277,16.093936)
(16.896283,33.183151)
(21.414906,0.427590)
(2.258120,47.696309)
(2.760237,42.518009)
(15.251362,48.960119)
(38.390324,5.201763)
(19.812346,31.126542)
(26.594900,47.653527)
(33.271920,50.911314)
(6.604893,21.365607)
(23.498811,14.632722)
(12.187171,18.562070)
(40.373808,10.287159)
(63.573042,43.009271)
(36.186223,39.003910)
(6.848090,11.600839)
(20.545722,43.789957)
(20.127042,30.522057)
(11.061627,40.079906)
(14.969888,55.178815)
(27.270073,54.244856)
(30.133656,42.861428)
(12.462833,15.087783)
(4.939122,0.644333)
(45.760489,42.923966)
(36.687494,20.304001)
(28.876021,11.590237)
(55.232748,0.163186)
(40.632866,22.501087)
(33.266536,53.717374)
(58.744366,13.677185)
(9.367903,1.422428)
(21.423568,25.040102)
(9.071341,30.051202)
(1.467727,4.107780)
(49.126600,27.723834)
(17.954704,23.882737)
(19.802699,46.580128)
(46.958254,53.038477)
(33.751588,37.478569)
(39.519874,8.793600)
(8.515939,40.521095)
(17.179263,28.567615)
(28.152079,46.048617)
(22.209050,30.166388)
(38.572625,46.100488)
(49.264003,60.684671)
(38.258861,8.038224)
(26.480715,7.228254)
(24.552854,7.091122)
(15.493065,33.142153)
(46.839117,49.795808)
(30.174011,23.936294)
(38.268991,33.565748)
(2.460968,29.508858)
(18.327577,15.884409)
(38.173294,22.188734)
(19.291904,0.521862)
(47.602094,35.800474)
(9.466144,30.703980)
(39.910967,30.850000)
(37.609334,20.394352)
(21.013712,2.746105)
(52.408330,3.419352)
(11.036615,48.803090)
(56.813982,33.779000)
(48.484636,42.874450)
(10.559856,13.498045)
(45.410637,56.678472)
(42.054863,12.972157)
(9.152863,59.810439)
(29.451039,5.377984)
(41.066328,10.168182)
(32.602648,22.511026)
(29.405247,33.323486)
(58.956693,11.922388)
(34.172780,54.882375)
(16.667534,46.457277)
(9.465596,53.165939)
(32.637104,37.707571)
(46.129927,31.045051)
(60.796677,27.029412)
(5.700014,22.028970)
(4.477105,7.849387)
(51.153853,58.196073)
(16.703864,28.442357)
(33.494516,47.637294)
(13.539653,40.654644)
(37.638669,40.090163)
(59.112210,27.888314)
(40.287623,1.003915)
(9.643907,33.598103)
(12.974425,22.820510)
(6.173474,40.951026)
(48.474259,36.625617)
(10.873661,13.966942)
(33.776893,45.818573)
(52.882215,45.880200)
(6.588932,17.106461)
(28.627679,24.734540)
(40.771191,7.389183)
(51.996937,23.615489)
(43.258319,36.338851)
(31.418888,37.159670)
(46.335313,50.151971)
(38.474471,48.082520)
(0.319138,34.647356)
(14.898001,36.391114)
(43.184846,27.264939)
(12.175367,34.701048)
(38.475958,14.323968)
(2.583459,8.527722)
(31.447072,34.315636)
(49.920030,5.299367)
(33.662753,4.971855)
(11.992963,62.724836)
(13.667167,44.054319)
(24.780394,47.802851)
(36.968874,49.015025)
(9.120082,23.208596)
(2.447039,38.569967)
(58.752576,16.565555)
(37.924236,7.200939)
(42.089537,47.362189)
(23.226963,47.070945)
(25.975823,45.005461)
(41.955879,5.617623)
(10.067633,11.911994)
(11.330768,29.144859)
(11.963628,50.148813)
(26.174595,5.829018)
(22.339791,63.107279)
(42.661855,61.171493)
(2.648380,27.869950)
(18.122487,44.002840)
(10.532704,41.182498)
(1.210576,3.899390)
(32.500119,40.646500)
(46.333247,18.696252)
(30.098209,0.903299)
(2.421866,26.347319)
(16.554949,44.640534)
(42.693940,16.025196)
(6.272516,43.621537)
(33.025495,6.362074)
(48.670891,44.123463)
(54.468027,20.118191)
(9.332773,41.442316)
(28.427654,35.030559)
(56.138173,9.627657)
(28.243382,53.112643)
(15.427427,25.981275)
(53.840642,24.837071)
(38.908585,18.497431)
(13.965363,12.397012)
(44.981965,55.835607)
(3.222238,29.489288)
(12.564926,26.447699)
(17.048796,45.067343)
(49.912755,11.777556)
(42.222724,47.709266)
(0.546934,6.647840)
(25.748322,6.455310)
(23.394276,7.776293)
(9.521501,6.191435)
(31.446847,48.294271)
(47.159878,28.840897)
(23.919561,35.614221)
(50.800261,39.063706)
(14.313505,32.352457)
(53.915201,42.064715)
(32.478510,24.080782)
(37.865471,8.870646)
(8.653314,28.258109)
(57.672364,8.179446)
(46.620391,48.712416)
(20.682260,55.967569)
(48.390191,22.489083)
(13.319540,5.230892)
(34.682051,8.017891)
(51.136965,13.312460)
(4.168860,9.116718)
(35.671599,42.141248)
(33.828831,34.882203)
(43.992630,4.171563)
(23.281067,13.942027)
(10.509221,4.643961)
(42.719478,19.202937)
(6.730735,25.871365)
(3.265559,57.517729)
(26.126255,52.759429)
(6.832850,13.037134)
(1.617543,17.492102)
(46.321618,23.264638)
(29.432152,13.979526)
(22.542998,14.621031)
(19.033545,5.094198)
(24.929605,4.012075)
(35.574049,21.682334)
(29.092954,44.611307)
(27.260852,27.633889)
(24.390063,13.133621)
(61.750766,41.572249)
(28.797251,56.111658)
(1.226662,56.266216)
(33.040700,44.184983)
(49.621688,18.774998)
(24.508455,22.379286)
(52.289876,22.729492)
(49.298889,24.458778)
(5.671295,21.107312)
(0.736437,12.165669)
(26.334983,5.781918)
(11.220705,8.387349)
(56.718763,32.513837)
(36.371734,57.954968)
(55.822533,14.896460)
(22.867100,57.606281)
(34.248039,9.287862)
(43.934972,9.133126)
(9.509146,46.901793)
(29.682932,39.608725)
(44.936618,24.852187)
(10.359760,58.540185)
(6.728998,57.193675)
(3.178093,30.755398)
(19.232390,9.416896)
(36.502093,21.912758)
(56.149519,19.105569)
(19.252740,11.208880)
(9.049323,11.636953)
(57.297788,15.611881)
(54.761369,16.245135)
(57.812778,10.916079)
(49.387532,17.400662)
(36.026817,40.990221)
(4.314124,18.837930)
(15.434187,48.748071)
(14.801231,18.024701)
(12.929181,14.670604)
(44.602043,2.793388)
(28.970219,18.710057)
(4.851224,26.388346)
(15.363130,20.369114)
(8.102383,53.322347)
(14.502609,45.197355)
(19.646359,44.839094)
(4.412914,16.970042)
(17.557734,11.740949)
(30.226979,3.303636)
(56.463358,17.419989)
(4.606021,3.123714)
(13.456336,45.538202)
(13.037644,36.439188)
(5.511352,48.905203)
(11.547110,48.679893)
(50.448078,55.182882)
(23.435464,7.837028)
(31.246427,20.329804)
(5.284907,33.582699)
(29.904817,52.534010)
(40.017236,54.417087)
(16.118978,38.535648)
(31.248741,27.810066)
(30.853018,52.107722)
(12.544640,5.134535)
(60.361276,36.624342)
(52.329615,10.530174)
(1.777840,48.798860)
(50.207058,4.479465)
(28.455801,60.078031)
(33.584275,21.914072)
(2.199797,28.152944)
(35.128197,54.349231)
(50.723985,22.853205)
(6.134236,20.206099)
(32.583328,41.147176)
(0.876808,12.594931)
(12.869327,24.415469)
(19.316421,28.335597)
(40.143209,30.976573)
(51.567688,30.672919)
(13.902130,57.241419)
(17.568853,9.566453)
(49.370531,44.147133)
(38.621374,43.552606)
(10.841564,26.625453)
(24.378832,44.897833)
(27.343369,41.173631)
(40.846267,29.546895)
(23.353761,56.304969)
(23.359637,19.031187)
(23.382917,13.922251)
(53.363541,54.718718)
(50.858983,2.811916)
(30.426761,32.703353)
(42.628305,15.610333)
(55.299060,33.884788)
(50.680272,33.808410)
(52.836815,36.870053)
(57.869370,27.751212)
(0.211752,42.903961)
(42.015208,9.148484)
(35.984574,13.300763)
(44.295996,33.191978)
(60.821913,20.096018)
(20.760167,60.583010)
(58.228920,7.474538)
(31.372886,56.534546)
(46.616684,39.061700)
(6.041133,50.735453)
(28.670342,11.728948)
(52.766574,25.448810)
(61.251169,44.039683)
(41.849859,4.395863)
(62.361150,12.659286)
(44.193088,54.431316)
(25.152788,32.056344)
(0.709885,0.524284)
(0.390646,55.665809)
(5.573442,52.977133)
(42.834694,39.675920)
(38.491849,55.612365)
(55.002395,21.723173)
(28.616264,3.309588)
(41.271034,25.834716)
(40.191937,0.898789)
(7.702177,37.760866)
(24.357914,54.311113)
(2.175545,29.581563)
(4.553755,26.780941)
(17.421905,23.579851)
(57.551689,50.599530)
(29.751631,49.996312)
(1.054903,50.832466)
(6.170499,16.247368)
(5.961576,36.080106)
(43.718858,46.124336)
(33.990702,28.850921)
(43.793260,2.361813)
(27.994644,15.114634)
(1.946093,12.032183)
(46.169392,41.276442)
(34.366686,18.645049)
(21.674036,30.760923)
(32.287707,6.964402)
(7.638596,16.148444)
(19.937820,36.357481)
(38.343028,52.219662)
(1.216694,53.173252)
(10.577612,4.197827)
(22.272047,16.927608)
(7.434220,31.016051)
(21.329274,27.834571)
(35.632190,21.507606)
(48.124103,2.604506)
(23.699840,10.425636)
(0.045889,3.181951)
(5.048341,52.882680)
(17.695771,40.886651)
(21.711394,39.363292)
(5.024656,21.801583)
(42.810411,26.489424)
(19.748935,3.567119)
(54.690408,52.897625)
(42.387084,43.111513)
(40.158481,32.203904)
(10.559505,7.261378)
(8.928029,44.912691)
(8.283667,58.159742)
(49.438685,35.975825)
(28.902719,48.316506)
(49.318921,46.815762)
(26.869084,48.390408)
(41.632387,19.052986)
(19.639357,12.339259)
(41.838983,54.659583)
(51.900900,58.044292)
(33.887954,28.438793)
(55.895660,12.649743)
(19.178077,8.770780)
(0.770312,29.027274)
(47.305680,53.130762)
(47.657971,22.382711)
(48.670839,32.430838)
(52.021127,35.438095)
(45.940953,37.907441)
(34.287350,34.791774)
(36.365309,17.313458)
(58.382529,59.841097)
(2.950377,46.402446)
(0.681098,40.963804)
(18.056871,13.098437)
(52.667616,44.862755)
(9.765118,41.074894)
(41.923591,9.568896)
(50.951255,33.195627)
(49.643273,22.288439)
(9.702718,22.549952)
(44.299861,48.881944)
(16.461370,1.752156)
(28.408030,34.549603)
(8.436673,4.975424)
(19.776546,16.695692)
(1.425790,5.755976)
(54.955012,3.304060)
(2.503967,14.581127)
(18.084040,46.185070)
(44.033749,0.739058)
(42.018942,16.458886)
(39.962023,27.525185)
(40.782450,24.497391)
(48.581727,36.895556)
(56.307191,52.366978)
(32.240486,12.559070)
(49.256671,51.399710)
(38.629019,32.597874)
(30.614900,18.630578)
(29.123358,8.681489)
(47.705093,56.106465)
(16.394067,49.536155)
(6.943500,17.570438)
(36.313557,10.533943)
(31.524499,38.146103)
(40.895256,12.835167)
(24.344390,35.998721)
(21.475471,20.713113)
(20.698307,21.980525)
(46.342010,7.588531)
(1.274076,51.056153)
(27.915674,7.627520)
(59.784535,12.555425)
(48.775704,50.557851)
(56.247818,51.297363)
(12.668411,11.374187)
(27.191540,45.349651)
(53.447917,49.283385)
(40.401725,48.461663)
(29.427299,27.100678)
(52.753993,19.182552)
(2.824438,3.619327)
(64.080960,45.642216)
(12.376610,12.933228)
(13.206926,23.863969)
(22.316465,46.866875)
(15.420566,43.542492)
(29.996045,39.960453)
(7.300939,21.092637)
(8.704280,44.926595)
(28.897609,39.516873)
(31.051295,11.322961)
(25.969588,48.865646)
(5.002567,18.132110)
(3.623239,3.517225)
(21.165457,50.511482)
(51.371521,23.566587)
(54.191490,21.690623)
(20.436585,34.350046)
(21.449085,55.122700)
(57.605338,16.751383)
(38.222911,45.113499)
(10.151610,29.042102)
(3.377017,20.876653)
(48.217374,44.111680)
(10.462203,29.540689)
(22.116605,2.722028)
(36.022970,19.701594)
(47.120557,11.585555)
(46.642835,19.127430)
(49.961609,52.631594)
(3.094339,32.259576)
(24.569560,31.939320)
(0.937728,31.079974)
(44.472038,30.013151)
(38.311874,30.914077)
(13.531849,44.919831)
(54.304625,58.371010)
(34.405386,50.413274)
(27.479566,28.409480)
(46.315652,5.591876)
(4.066222,23.835939)
(23.002788,38.040100)
(47.730634,38.168538)
(8.831480,14.360081)
(31.686680,55.633210)
(44.472037,9.778054)
(0.602158,8.950411)
(29.905225,46.737910)
(5.945154,22.408342)
(35.491164,14.199702)
(1.467690,29.491206)
(30.444525,44.991142)
(9.418060,42.934315)
(40.253631,18.717055)
(11.097429,7.520846)
(57.228442,57.101039)
(59.490033,12.530900)
(4.969719,53.563921)
(7.936983,17.404438)
(34.631272,13.794875)
(37.888442,54.871255)
(44.843154,21.690545)
(60.910943,7.419917)
(44.029196,36.202058)
(36.043946,19.647076)
(11.728936,0.651203)
(30.956627,28.247731)
(1.016929,35.123087)
(20.922925,46.519810)
(20.770330,11.916185)
(33.385629,21.975933)
(59.121057,5.572029)
(48.698281,5.566592)
(43.165016,41.540835)
(1.593611,17.101576)
(34.606187,24.668490)
(5.069659,31.077742)
(19.113856,22.596001)
(32.669176,47.038961)
(5.190444,43.552530)
(16.961411,40.707741)
(18.637765,26.304242)
(10.791202,34.692916)
(12.703221,32.099911)
(10.185862,33.391858)
(40.148512,54.716019)
(10.594130,25.772220)
(4.918528,29.465940)
(49.166751,26.671401)
(8.806923,7.028831)
(36.796645,4.221758)
(12.108599,12.197289)
(48.092406,29.483937)
(44.355290,41.541273)
(46.804148,39.998250)
(32.537355,8.998221)
(22.974913,8.034178)
(61.359099,27.313720)
(5.956526,2.909349)
(24.925723,39.010914)
(38.034814,27.702612)
(9.315355,47.159728)
(37.176590,3.679191)
(44.950025,50.287255)
(37.380181,25.116551)
(13.767106,30.404309)
(35.365340,40.108902)
(42.078369,44.643550)
(22.754556,13.521290)
(12.185184,27.822897)
(12.891062,36.910229)
(1.351149,45.040281)
(29.390913,6.984576)
(15.397474,40.986625)
(32.322770,30.603907)
(1.762371,48.552649)
(30.531089,48.614533)
(9.874414,34.348200)
(25.291241,24.992712)
(53.479286,4.015254)
(30.188390,4.305012)
(11.418111,0.735585)
(23.583710,0.617815)
(20.725016,37.565769)
(24.188824,30.488293)
(13.099840,24.272944)
(8.770059,45.639602)
(48.132462,18.970417)
(53.532018,45.816740)
(53.162693,22.184826)
(45.977329,22.076274)
(21.850030,25.604196)
(37.414181,19.975150)
(22.116226,19.992882)
(50.447209,34.944857)
(17.347929,4.437375)
(9.185491,31.621537)
(36.046447,57.283114)
(40.982739,19.577634)
(31.893535,25.049938)
(19.307592,36.963269)
(5.100080,47.562615)
(45.096106,24.879572)
(16.429881,35.546099)
(8.808748,3.265749)
(20.568640,3.781150)
(39.653712,48.384097)
(9.219703,14.565423)
(52.868500,9.011291)
(15.150843,14.772056)
(26.799460,40.830026)
(31.655292,52.212292)
(42.259047,52.297749)
(23.763509,45.141717)
(22.447362,41.837984)
(31.003792,39.176532)
(6.719225,14.137206)
(21.900310,11.180005)
(16.902575,26.378862)
(37.326292,31.634396)
(59.892141,37.909984)
(16.274328,51.115016)
(39.869311,20.506676)
(46.980504,36.122940)
(19.165976,40.723958)
(35.144963,36.448745)
(51.513091,49.588684)
(11.352797,25.806586)
(21.017945,26.130735)
(51.657576,48.145643)
(39.799452,6.283298)
(7.690714,16.938221)
(14.261475,35.503652)
(51.287855,9.355734)
(29.932060,59.920598)
(55.378434,49.073370)
(58.915093,6.271027)
(59.018943,2.542844)
(0.677485,4.043738)
(16.325805,4.199537)
(60.097166,7.486276)
(9.796740,34.510367)
(34.607025,42.337567)
(34.804228,10.736423)
(29.713752,18.520902)
(53.095582,24.412724)
(3.875332,3.470126)
(56.554838,17.222632)
(58.759253,47.564696)
(8.479796,23.731898)
(32.471266,25.521517)
(16.421983,43.797668)
(2.413291,37.907964)
(39.085782,46.883865)
(51.608064,18.989051)
(21.771476,52.822262)
(16.034320,43.284114)
(15.821613,31.189270)
(17.662009,24.748263)
(18.875954,40.075142)
(16.993275,46.491904)
(12.940412,8.488971)
(9.822680,4.377025)
(3.894020,6.371603)
(6.849201,27.852805)
(30.361429,34.281691)
(12.233422,46.752122)
(32.399973,16.534480)
(12.570668,44.248580)
(52.658256,25.098987)
(1.605829,35.973773)
(23.898100,19.661938)
(26.298679,39.159900)
(52.260338,44.713329)
(14.285313,4.192850)
(20.724594,22.915035)
(43.018982,34.919204)
(45.338618,26.788314)
(56.271749,15.126831)
(26.377474,10.238321)
(15.912614,16.998123)
(7.123341,37.678722)
(18.447876,26.339069)
(46.171965,31.818564)
(43.224429,23.143060)
(39.869178,50.032072)
(14.577755,15.457987)
(54.443951,1.533390)
(33.044086,19.355335)
(53.250391,30.914780)
(46.922717,26.644587)
(24.388018,34.232902)
(17.221813,12.719407)
(29.709711,4.805759)
(55.371653,57.852004)
(52.158834,25.167310)
(44.654257,36.664945)
(36.534259,11.585090)
(40.214385,14.530395)
(5.391527,10.633246)
(10.534375,38.187589)
(13.694201,5.918903)
(63.562540,2.830981)
(18.771058,20.136236)
(3.725524,46.131138)
(37.243260,27.927857)
(54.145521,50.652404)
(36.198557,15.536217)
(23.763421,32.361000)
(19.787005,17.947067)
(51.938135,54.841567)
(37.566502,9.601612)
(42.160380,28.835441)
(35.346147,4.298550)
(47.340016,46.074910)
(13.098839,46.297452)
(11.181786,33.259147)
(0.375829,13.037686)
(45.802932,30.631995)
(48.299319,54.745577)
(32.946583,45.196932)
(43.478602,34.684746)
(47.383525,46.401090)
(39.806851,47.361037)
(21.084384,31.062264)
(22.551256,53.731438)
(45.429759,8.655696)
(18.486373,47.837659)
(44.060060,11.330951)
(35.666570,19.689601)
(3.802891,3.358582)
(27.265866,6.478716)
(52.843945,12.067068)
(23.744441,43.640475)
(4.092267,1.387479)
(37.176078,20.811652)
(17.100703,30.627640)
(22.074981,20.067479)
(5.125523,1.570477)
(43.734216,31.480284)
(47.166501,45.670699)
(21.013147,16.102150)
(20.901004,32.401621)
(42.787106,30.105771)
(44.663279,20.056125)
(52.045407,48.350225)
(49.522989,31.178837)
(53.245094,31.512493)
(33.587078,27.362932)
(51.491523,37.820498)
(13.611537,20.239196)
(47.322651,26.790969)
(17.564620,5.667475)
(32.942568,14.251347)
(2.992839,51.862374)
(54.829075,35.594529)
(60.780781,51.189639)
(54.808794,28.074291)
(42.631628,3.618525)
(15.513111,30.054493)
(17.404622,10.874368)
(37.507294,43.994407)
(50.526512,18.907831)
(5.908202,23.843287)
(7.492394,40.265538)
(15.636330,4.509177)
(20.904725,10.899785)
(9.247177,32.767507)
(40.603245,4.926575)
(21.751175,26.244035)
(17.987469,47.207678)
(35.184192,16.679774)
(12.023147,49.309325)
(10.712915,7.325880)
(29.729423,28.085989)
(45.672111,35.269259)
(35.700588,11.073079)
(51.243162,2.816601)
(7.141313,31.097627)
(26.640489,43.331864)
(34.876303,5.414865)
(15.815250,43.467465)
(10.910994,5.413715)
(20.013739,45.311731)
(14.885652,49.070767)
(42.588249,57.111690)
(6.555133,58.453905)
(12.437677,14.579173)
(21.497586,47.654309)
(55.522638,29.230658)
(58.698930,37.330307)
(1.462245,20.776766)
(16.511311,34.091171)
(28.220319,38.625006)
(24.178488,28.138068)
(42.061703,32.514217)
(42.678777,51.603257)
(3.536356,61.245702)
(55.390092,14.166687)
(25.964967,30.569254)
(45.611278,31.313294)
(29.648922,24.112338)
(8.601855,37.689531)
(35.741359,48.072129)
(49.136897,41.231407)
(34.864823,38.967602)
(33.931581,53.892166)
(4.385333,21.861946)
(26.294450,44.545322)
(57.648963,34.800324)
(13.956183,32.150944)
(4.064139,36.336912)
(22.036641,36.015413)
(55.000130,6.246102)
(9.914782,43.677954)
(54.751521,44.678130)
(10.332719,8.370952)
(30.320892,33.111553)
(43.396983,54.509701)
(42.179677,1.262076)
(23.612638,27.957715)
(47.599605,32.796612)
(45.747732,2.523215)
(39.744843,23.915554)
(22.595357,58.525238)
(43.641488,21.628182)
(16.592135,28.352665)
(28.273900,44.151061)
(12.122668,53.935530)
(22.235514,12.850761)
(24.954150,50.586972)
(42.936871,42.289277)
(6.133723,27.452847)
(61.326641,43.764621)
(7.422077,5.315419)
(47.179300,29.001414)
(13.061392,52.816873)
(24.217865,21.009572)
(40.632286,28.308127)
(4.586724,4.791693)
(27.899543,51.091321)
(30.510193,13.484456)
(8.330244,24.704340)
(40.687763,39.854381)
(8.138649,51.255892)
(19.970716,3.542131)
(53.613095,16.400726)
(37.950231,42.251742)
(25.519556,44.246770)
(32.092055,42.832850)
(37.126722,11.738439)
(31.707395,50.766206)
(11.981880,6.882149)
(27.030285,38.304206)
(43.102948,41.561865)
(1.753175,15.311817)
(51.657938,3.203395)
(49.223165,44.804880)
(7.871346,41.344628)
(40.122771,10.242257)
(52.487063,23.472294)
(4.030494,35.813283)
(61.122020,53.389206)
(48.580931,45.927625)
(1.473787,6.441489)
(37.579131,24.123883)
(45.379447,49.534340)
(50.737111,6.377736)
(48.014863,31.186057)
(35.049636,26.429557)
(14.857268,9.125619)
(44.192187,3.108257)
(17.509361,14.767178)
(44.073712,41.893361)
(8.711907,44.666292)
(22.950771,2.203228)
(35.507346,0.167530)
(8.685993,52.095526)
(20.745492,28.661100)
(8.670321,52.295351)
(47.854823,21.015930)
(19.421277,26.552929)
(46.996962,0.631847)
(51.953922,18.682174)
(49.990532,22.203078)
(39.923905,55.402605)
(20.150059,1.727500)
(24.339428,26.495998)
(4.482309,15.021793)
(45.880111,15.762210)
(51.283940,43.247319)
(50.849314,8.690899)
(5.630662,33.315715)
(34.524242,51.234929)
(2.375017,1.227825)
(55.879133,4.735050)
(53.302589,9.169570)
(57.678370,7.543949)
(1.078829,38.504061)
(45.308952,17.476254)
(5.208580,25.541761)
(9.360832,40.876282)
(57.471718,15.262806)
(34.362091,8.673151)
(50.573843,20.546433)
(22.942456,38.381590)
(45.463048,12.974030)
(47.937994,21.259582)
(50.838055,49.678160)
(41.197432,14.134793)
(5.406615,17.829591)
(22.643866,18.644208)
(37.955298,37.527251)
(5.184279,44.002943)
(22.219484,11.002317)
(9.276374,41.504900)
(50.073105,47.634290)
(33.653663,48.432459)
(21.975707,23.418023)
(48.564371,27.897525)
(29.344805,45.463311)
(34.903683,21.897712)
(6.005824,56.340581)
(47.658304,38.992284)
(51.815391,39.604074)
(25.137864,7.770023)
(14.447506,11.013524)
(21.111040,28.900877)
(18.061298,12.680854)
(31.305470,50.352294)
(10.453951,47.067120)
(7.826833,11.912628)
(55.973783,49.672227)
(23.057863,15.790847)
(16.735495,8.497988)
(10.221478,31.996450)
(0.173902,30.697978)
(3.490799,27.147955)
(56.028782,8.001751)
(13.143776,28.519466)
(2.787859,43.241301)
(13.606223,19.674567)
(4.783678,46.454845)
(32.388966,43.334110)
(33.366730,15.623554)
(17.951651,0.465616)
(36.260479,18.046639)
(27.257308,5.843585)
(5.011185,44.269355)
(9.476396,22.484935)
(56.182057,44.938315)
(26.555495,17.295405)
(42.731274,5.029047)
(30.839293,11.247899)
(3.211431,43.597793)
(13.255879,6.237735)
(0.784332,16.789318)
(53.665725,49.445041)
(4.980067,20.163696)
(18.297730,52.500612)
(18.630261,9.286123)
(46.546600,56.665574)
(56.585061,22.800748)
(16.757908,57.991577)
(54.579256,20.350416)
(22.578836,9.959903)
(22.591760,43.829444)
(17.407601,32.175063)
(2.177501,0.428328)
(8.691198,17.261507)
(25.028567,9.806444)
(2.564739,0.751735)
(4.014779,4.978035)
(43.772328,53.476871)
(40.319290,50.769567)
(49.406792,12.457784)
(45.847047,23.010107)
(26.020444,17.393104)
(10.917676,21.651463)
(26.186587,9.357950)
(32.635597,12.990332)
(42.691078,20.543342)
(46.287695,4.831337)
(16.798954,61.951899)
(51.265891,43.629523)
(16.819138,1.546794)
(45.201843,14.260206)
(21.510364,11.971210)
(22.676051,31.424430)
(12.141885,10.165245)
(55.974403,15.870133)
(4.756037,59.332325)
(23.445369,43.829044)
(21.340675,24.448991)
(12.213739,39.872361)
(6.155080,8.345460)
(63.687803,25.382999)
(52.756960,56.644196)
(5.984737,5.705925)
(34.671932,2.228750)
(21.552922,39.534572)
(32.875359,49.822468)
(53.018148,23.086913)
(22.900362,41.928371)
(50.845866,13.792285)
(33.050508,15.606531)
(20.986074,52.475007)
(2.493835,29.166763)
(49.407162,51.627083)
(58.422062,28.773994)
(0.353971,24.487001)
(22.350640,15.148642)
(13.648154,36.944772)
(31.494636,49.989706)
(22.565583,52.813420)
(47.759347,16.945845)
(0.185510,49.980111)
(34.965729,43.297548)
(16.006178,43.744679)
(3.470416,1.478811)
(25.032612,47.608768)
(14.179027,41.130129)
(8.611852,0.127528)
(32.692871,36.101318)
(37.839096,2.161493)
(41.379095,54.106094)
(27.252322,27.508607)
(44.215612,11.851888)
(6.270193,17.109147)
(2.649443,25.196698)
(41.149364,31.847521)
(37.736682,5.284241)
(33.846344,42.427407)
(22.204785,41.510943)
(52.497142,17.787146)
(1.725450,52.505874)
(46.737083,45.235239)
(10.719211,0.791499)
(33.188721,39.322451)
(15.946770,6.383033)
(10.169539,10.095770)
(3.537025,40.705138)
(42.028117,51.446125)
(47.368395,32.309725)
(12.843858,36.523993)
(18.046594,50.578448)
(47.993383,24.015837)
(31.052397,57.787928)
(36.832932,14.206062)
(22.258425,36.959270)
(9.382136,15.037608)
(33.773388,28.523537)
(46.830352,9.932704)
(5.647929,23.389358)
(46.830777,36.325114)
(58.160890,50.643369)
(28.465239,1.664943)
(32.456283,1.923478)
(40.285403,17.439366)
(18.678488,6.309381)
(16.219961,50.262405)
(48.157119,33.486895)
(19.471971,47.584718)
(13.800796,6.327890)
(48.696871,38.296611)
(55.925673,16.111285)
(8.385677,46.835036)
(46.411690,20.349347)
(39.825040,48.044105)
(23.780822,26.391932)
(28.140361,35.594199)
(17.320976,40.310095)
(0.103652,12.969547)
(19.667514,12.639887)
(29.501362,43.157911)
(16.855267,39.225570)
(52.508171,13.108580)
(23.101671,28.585708)
(6.846501,8.143945)
(10.419230,13.913466)
(10.419473,12.565627)
(9.026364,7.043416)
(41.700164,51.724908)
(20.182949,29.655398)
(29.248004,4.295200)
(18.609723,10.265123)
(3.649541,56.508825)
(2.894535,51.161582)
(53.202665,47.328286)
(3.030697,17.287339)
(27.260007,4.450819)
(3.350301,41.327344)
(30.773750,40.497489)
(50.806064,46.469312)
(39.832464,57.257489)
(14.809270,46.651195)
(39.571117,14.213502)
(29.099118,6.064851)
(2.024246,7.727790)
(2.575538,19.544020)
(33.757358,9.287383)
(44.464403,12.099963)
(12.062689,36.783629)
(50.915657,43.427404)
(28.819679,35.988277)
(1.864207,25.744373)
(56.684036,3.917782)
(19.514182,21.038470)
(9.321288,20.969223)
(30.711374,29.680937)
(20.977469,53.356904)
(46.115004,33.440623)
(37.273002,13.383620)
(21.839022,3.842006)
(18.384196,7.628969)
(13.308168,48.932110)
(39.574850,34.800909)
(53.105035,46.499681)
(48.347043,21.620144)
(53.292129,37.432091)
(63.125052,2.189918)
(4.024681,31.840363)
(31.110126,46.740596)
(6.992727,25.348730)
(16.753305,21.603390)
(4.872753,26.934098)
(8.501947,3.418264)
(2.080975,17.495939)
(55.825406,40.795203)
(15.575150,16.908656)
(55.165398,7.784270)
(12.095064,25.508063)
(31.620097,33.308786)
(0.865922,46.940996)
(2.895444,7.377573)
(55.072515,36.080185)
(3.523157,27.168450)
(35.565602,39.850451)
(11.690210,17.657975)
(39.224221,40.636076)
(44.352956,33.694192)
(35.620287,32.538190)
(50.956430,25.057831)
(32.779520,1.388106)
(44.361020,42.766012)
(48.665622,3.283605)
(41.631882,25.927336)
(10.910842,16.582217)
(17.019138,5.061977)
(53.437974,17.755721)
(7.314521,53.958276)
(11.532717,28.362048)
(57.928933,46.004804)
(52.312904,42.040886)
(52.604693,46.081532)
(1.258407,29.878703)
(39.809828,33.001639)
(21.680775,22.736202)
(32.706239,48.054788)
(43.794943,44.988054)
(39.828074,44.131674)
(52.880047,10.486227)
(35.759101,54.897540)
(17.375188,50.912486)
(41.740153,47.745025)
(6.823636,41.966161)
(33.769943,16.250141)
(0.662460,30.578194)
(37.295676,45.511739)
(24.522830,60.546506)
(4.907925,30.049334)
(9.787646,23.794872)
(59.879523,22.771354)
(26.646121,33.709065)
(5.230819,27.599664)
(32.000333,28.003391)
(10.761958,27.343814)
(27.473293,28.986834)
(49.349574,48.167032)
(39.766964,28.832609)
(4.402901,29.195956)
(8.831856,28.065378)
(32.470205,32.168446)
(51.847794,36.779059)
(50.828174,24.467496)
(4.429847,8.792545)
(19.962031,12.930860)
(56.877677,33.611339)
(59.128427,34.668856)
(6.948027,39.363261)
(0.535816,54.065514)
(57.877683,18.325194)
(51.218364,13.472743)
(50.508412,33.409411)
(3.407129,5.354687)
(19.895786,5.284001)
(51.828254,45.148062)
(21.343686,17.301061)
(8.267140,33.633445)
(38.352483,45.652521)
(55.622822,51.330691)
(47.025337,36.336055)
(46.261648,31.655904)
(25.570601,10.299508)
(21.925009,35.265940)
(16.100266,11.440745)
(29.101566,14.060582)
(25.556346,30.840140)
(49.661095,42.170409)
(47.070792,40.952160)
(9.611749,41.645953)
(23.947280,15.305736)
(39.877908,13.478831)
(27.056123,16.108171)
(49.843735,39.504179)
(18.224393,19.125732)
(50.458236,47.463697)
(1.965268,50.921471)
(37.150636,47.815467)
(21.580519,25.423527)
(52.819215,38.459596)
(16.999750,34.724473)
(19.244564,28.659893)
(14.174478,27.902235)
(15.377540,18.476400)
(38.118537,29.806158)
(26.499165,30.817166)
(56.685462,9.449866)
(23.818156,7.725991)
(58.704849,26.376493)
(0.855974,8.161947)
(23.554953,14.243488)
(29.539905,35.830612)
(16.733584,5.376279)
(47.705686,5.996854)
(13.145457,21.880378)
(28.531941,16.886597)
(9.784180,34.321449)
(18.018704,50.212519)
(46.575086,0.056590)
(41.950097,20.605450)
(2.051550,9.475268)
(56.002291,50.634951)
(16.014108,1.606168)
(23.824972,10.074525)
(22.500742,31.185215)
(39.760476,30.882120)
(26.687164,3.960541)
(37.104379,31.433232)
(22.959878,6.482363)
(39.458280,12.636219)
(43.387980,2.573242)
(41.339365,7.297340)
(27.956146,48.502631)
(54.668913,6.768390)
(44.143228,48.980462)
(4.572161,41.271499)
(12.554049,50.913067)
(33.814758,43.768113)
(41.802172,31.410493)
(9.177366,41.650030)
(36.488940,21.944693)
(11.550990,37.172440)
(43.077783,7.729073)
(41.150131,60.616318)
(2.400238,49.157277)
(59.265768,3.805790)
(32.633076,49.721416)
(13.966149,44.069975)
(25.406795,1.842045)
(54.536621,17.097037)
(19.520892,3.952335)
(36.006290,49.468740)
(7.580470,37.555246)
(11.728150,36.203646)
(36.802334,23.217747)
(39.102825,26.654851)
(31.380865,17.379883)
(32.383106,23.339161)
(28.574115,19.112485)
(15.651966,23.837281)
(29.395420,28.992502)
(30.580268,13.886853)
(53.163429,37.615694)
(14.181852,51.994476)
(62.394621,4.712799)
(51.244765,21.781870)
(14.852474,13.597534)
(35.408793,28.582592)
(8.497111,8.468889)
(0.612017,29.979342)
(61.644036,3.558303)
(8.551600,4.137192)
(15.422762,50.377780)
(60.788979,11.802858)
(50.519416,22.387951)
(28.579607,46.636005)
(26.115540,34.289432)
(33.457877,19.627848)
(27.140467,10.042994)
(13.994745,10.080858)
(32.913746,10.949222)
(41.084709,20.334799)
(21.010309,53.085818)
(31.885445,50.758963)
(1.272553,24.745866)
(45.403988,26.887960)
(16.023961,54.437806)
(25.968858,18.430593)
(2.479278,23.305982)
(47.269214,34.575760)
(14.385386,36.749168)
(40.438348,17.536264)
(2.816616,47.635815)
(4.828442,59.907397)
(52.409702,43.486846)
(9.697923,3.632106)
(33.882903,30.225524)
(59.282493,17.561073)
(15.709686,17.875038)
(27.702481,39.197719)
(1.783341,47.964205)
(53.473945,6.945468)
(43.188997,6.258497)
(41.559927,5.996216)
(26.502699,14.883085)
(2.227666,29.717734)
(22.873249,24.973872)
(1.398698,13.810300)
(43.185506,17.553362)
(7.228951,29.744147)
(39.584031,58.282900)
(31.538023,33.043450)
(62.027250,42.680505)
(41.086151,28.307547)
(48.627541,40.071460)
(46.382407,37.543155)
(56.730299,15.886721)
(23.668055,29.643591)
(52.353499,47.621039)
(50.734942,43.058677)
(20.398944,46.570930)
(28.748672,31.893695)
(49.138664,40.202658)
(45.984340,13.880084)
(9.226254,29.823758)
(10.189025,27.722847)
(46.961231,33.603584)
(16.028776,31.622174)
(36.472783,24.588403)
(44.288235,8.639747)
(54.716577,24.803351)
(24.766406,21.307878)
(7.907623,53.898990)
(46.691568,3.101754)
(12.798537,24.829349)
(48.779527,15.921878)
(47.705980,17.312366)
(30.605577,2.828251)
(21.995739,27.454575)
(3.487521,29.830657)
(34.605156,37.655909)
(27.530996,37.445253)
(25.483936,0.936936)
(48.519807,47.052201)
(24.975697,46.420449)
(24.157220,55.322106)
(13.229873,14.442716)
(52.177906,28.325997)
(22.538521,48.152856)
(18.777440,22.764252)
(47.388199,53.508900)
(26.867578,34.407590)
(19.246490,22.307380)
(5.006579,31.160687)
(42.635741,10.526109)
(18.377682,14.078397)
(29.327209,43.149321)
(48.308378,17.606963)
(17.241850,16.507360)
(29.340704,6.389552)
(33.344317,23.294538)
(62.292236,31.749712)
(48.394550,21.185937)
(25.134120,14.665582)
(24.474478,4.466334)
(8.673992,25.666073)
(52.728031,20.207681)
(11.535863,26.607572)
(43.955957,29.803000)
(46.992783,20.484118)
(2.044287,46.339210)
(48.061535,35.967086)
(58.738075,52.673262)
(53.758348,28.172140)
(53.728102,13.145586)
(41.137701,15.195643)
(37.828734,52.128478)
(9.437045,56.430953)
(5.991083,7.009796)
(28.934677,27.830888)
(11.562889,59.750684)
(51.692483,45.680723)
(28.142406,9.484023)
(1.452051,6.796944)
(12.126445,15.754558)
(26.295712,2.187447)
(6.415107,42.163273)
(5.429593,32.704125)
(26.532011,29.079264)
(8.572117,46.694511)
(0.193483,36.865720)
(45.897524,9.974498)
(49.227720,21.301028)
(42.595988,13.630894)
(2.242637,1.549537)
(39.480639,52.143319)
(34.109160,54.726491)
(57.536575,47.914800)
(31.363250,26.077292)
(32.924985,0.699797)
(27.435648,25.693510)
(6.438845,62.771822)
(27.015103,50.913290)
(43.496049,17.920696)
(18.122045,13.687606)
(28.852368,38.580548)
(5.241984,3.986030)
(44.496836,58.049209)
(23.392755,37.726100)
(51.409862,13.278408)
(10.850258,52.287888)
(38.024343,39.612699)
(9.623680,4.115041)
(47.645284,4.629679)
(49.206878,53.673561)
(50.114489,11.081583)
(32.383750,15.364086)
(42.376677,36.878963)
(19.681343,30.762451)
(49.603490,36.616404)
(39.904676,38.101035)
(4.578850,56.327090)
(43.239442,54.051833)
(9.862970,33.037654)
(44.311603,26.421107)
(54.261510,33.172664)
(17.884674,33.999598)
(27.624582,50.819856)
(8.574165,24.060662)
(19.013491,1.441179)
(19.134435,49.436171)
(23.870411,41.425426)
(4.063535,40.917490)
(28.280345,41.928215)
(34.110471,19.415711)
(17.322134,35.936859)
(53.452322,6.981609)
(33.126462,17.066081)
(13.517210,31.134298)
(28.460077,48.332305)
(58.071726,32.980294)
(4.062677,33.061489)
(23.081424,41.118911)
(16.862830,39.121092)
(35.793415,34.496559)
(46.378965,49.164008)
(53.144838,24.707828)
(32.920192,43.643955)
(13.339361,25.731080)
(41.737477,40.921558)
(13.843305,4.631136)
(28.713891,40.441833)
(9.820570,60.195147)
(41.184775,15.297872)
(22.249423,25.899072)
(46.286854,47.608891)
(14.788278,62.037521)
(6.801757,43.731456)
(42.798915,41.272241)
(29.721872,25.425713)
(19.346051,35.603878)
(55.508887,21.984511)
(33.839345,17.848033)
(51.552054,11.271444)
(37.962021,57.266782)
(34.633861,49.692648)
(41.837959,30.804665)
(44.328394,39.318625)
(13.088563,41.710529)
(2.632622,7.064796)
(44.429502,36.706588)
(9.343010,20.879196)
(10.946616,19.544786)
(56.059371,22.354042)
(53.897605,38.900231)
(52.909219,7.688580)
(53.675226,56.343239)
(27.247234,40.253361)
(9.340008,53.261015)
(52.170561,43.739877)
(32.004609,40.276178)
(17.118159,1.649916)
(15.009725,35.076552)
(23.124096,16.651567)
(46.838552,25.253406)
(7.206082,61.417367)
(54.254471,48.651422)
(5.732528,42.544090)
(2.359737,35.933030)
(24.805950,43.360085)
(49.433427,17.186010)
(34.732370,0.366055)
(1.179853,12.822003)
(21.954228,31.659512)
(6.968169,36.486580)
(36.078130,57.915844)
(64.733030,37.533311)
(37.889694,36.179417)
(16.818984,21.467842)
(19.814576,48.039592)
(20.997658,4.810620)
(22.842747,38.704056)
(42.314412,56.236201)
(16.788062,7.939468)
(23.508608,54.028393)
(21.761629,0.727795)
(50.010970,3.634616)
(0.358615,33.994929)
(51.718457,3.619209)
(7.879095,28.488279)
(24.683935,26.627869)
(5.992316,20.481429)
(23.033425,3.098953)
(0.823509,2.470739)
(0.608006,5.101576)
(24.746579,6.112344)
(28.376717,48.043627)
(26.375772,6.578690)
(19.156576,37.902637)
(12.503852,13.460434)
(10.858870,15.812781)
(32.403351,27.494341)
(47.488817,30.873816)
(54.875069,16.204502)
(52.353835,12.185759)
(41.119931,33.140184)
(49.459629,23.797446)
(11.267288,20.665217)
(53.441426,46.959740)
(4.649738,17.748361)
(22.778330,18.032372)
(25.851820,55.004059)
(41.718544,36.606151)
(34.546194,0.769417)
(50.228672,25.841693)
(12.256826,3.838826)
(6.749234,8.966880)
(55.595864,26.232373)
(42.900467,18.255898)
(24.987502,28.952850)
(22.814124,15.249724)
(34.688072,49.679683)
(42.971261,7.654739)
(46.086037,5.242131)
(31.511145,33.241479)
(25.642573,26.217456)
(35.166872,40.543656)
(2.320945,39.041320)
(13.823808,64.577722)
(46.109034,8.188976)
(37.420095,2.975484)
(39.950408,63.728588)
(25.542910,7.652076)
(13.392961,15.153376)
(42.364671,57.857215)
(28.146795,29.766561)
(38.906299,2.041372)
(7.568008,16.038433)
(17.479442,28.348768)
(37.676400,8.707032)
(51.148198,25.222378)
(47.872278,5.438947)
(42.166285,23.461192)
(2.720577,42.349524)
(32.495166,19.320972)
(18.606500,2.601722)
(19.621637,14.178713)
(38.784979,55.251779)
(35.084538,47.499584)
(33.661257,22.165396)
(25.108884,12.378531)
(64.539950,58.020947)
(44.363731,19.556538)
(52.257409,28.439321)
(22.744957,57.287310)
(41.089006,2.153290)
(32.969397,8.824945)
(6.461329,55.714991)
(48.633387,29.887431)
(53.935709,7.668725)
(52.099094,29.307687)
(14.180986,32.673556)
(60.766920,8.053269)
(48.218468,5.853757)
(22.744577,28.395850)
(15.215431,42.015512)
(60.036174,29.374164)
(51.759791,10.955615)
(7.436762,25.066066)
(19.386948,25.361722)
(45.858564,11.566383)
(34.901286,39.555509)
(30.512878,45.432776)
(12.074382,26.766884)
(7.305900,8.891103)
(33.735203,39.059571)
(7.337259,14.066018)
(23.758300,10.414080)
(38.407263,46.477301)
(15.471464,16.942565)
(42.030325,24.396064)
(22.369651,38.838544)
(26.363042,2.568758)
(6.152890,0.786336)
(12.806407,14.270567)
(32.654941,51.301558)
(12.221105,46.552485)
(14.691755,63.096483)
(10.870748,54.650591)
(23.537851,14.161121)
(34.002459,2.341672)
(30.213071,6.194481)
(21.936397,22.879705)
(5.946989,62.488227)
(19.255480,13.895642)
(19.873234,48.117123)
(43.996233,14.437382)
(37.451286,42.621941)
(52.604247,27.571565)
(41.870329,5.914572)
(26.472914,29.015321)
(9.305272,27.385956)
(50.087107,25.779003)
(37.994965,28.279374)
(12.603541,56.969730)
(47.841175,39.985518)
(56.737847,43.189741)
(46.519667,16.643887)
(39.751692,36.419670)
(32.449600,31.793595)
(39.788330,52.173185)
(46.592394,22.077793)
(52.808847,53.408668)
(34.203659,43.546311)
(0.356012,4.575756)
(55.508624,36.833589)
(31.875619,35.912421)
(53.110622,38.326510)
(52.439687,37.952525)
(46.309659,47.694822)
(33.615426,43.430310)
(27.036975,10.781577)
(27.906638,23.439899)
(18.748385,48.023317)
(43.563227,45.797801)
(28.157528,16.048896)
(7.321060,50.981430)
(1.212398,26.149287)
(35.362392,5.950187)
(28.468554,23.720532)
(48.421884,7.250643)
(53.509591,25.492161)
(17.097487,47.496359)
(35.621904,6.895426)
(57.076433,17.895729)
(50.262157,59.485937)
(1.881140,3.404630)
(1.365537,10.844392)
(51.348324,14.065257)
(17.073078,11.574366)
(32.259487,27.388453)
(50.997373,5.626966)
(38.380199,55.265314)
(46.956987,9.339131)
(63.807428,22.002005)
(23.877284,31.684485)
(10.386953,19.421025)
(16.730467,24.995264)
(38.428802,5.670325)
(50.837133,1.014113)
(3.651356,16.208155)
(30.141933,18.407666)
(16.496622,58.809626)
(37.983395,28.128854)
(9.398731,6.977285)
(45.646476,10.896703)
(23.411448,47.857552)
(43.261396,30.222318)
(23.666891,57.348433)
(26.632965,50.688246)
(55.469427,22.705136)
(6.829592,18.781252)
(46.477815,29.512690)
(29.128977,58.912650)
(58.208497,14.903482)
(17.361390,34.003910)
(18.015025,43.632555)
(61.057282,36.574170)
(4.668584,25.820699)
(1.351083,23.252290)
(22.168393,36.540808)
(36.365650,27.390881)
(1.029058,36.850032)
(42.030821,7.385693)
(20.917783,1.331943)
(44.810727,15.915080)
(6.922185,31.631748)
(28.867593,14.471823)
(19.824496,45.584341)
(48.649894,7.368338)
(36.070717,9.635026)
(41.577746,22.926928)
(3.206895,35.574598)
(15.044529,12.664855)
(9.289984,19.043418)
(59.806973,58.536131)
(3.101273,36.713315)
(22.208350,32.664572)
(48.742933,0.934076)
(58.750479,48.776150)
(43.260978,9.678107)
(31.163992,7.127627)
(35.747185,31.379441)
(3.031404,14.520101)
(46.379863,34.795091)
(59.242174,16.058288)
(36.963424,13.386315)
(40.862102,39.805770)
(23.509248,33.942452)
(29.632091,39.603225)
(19.452511,2.522996)
(52.737686,50.378264)
(44.971839,44.531061)
(12.836424,34.149119)
(12.273924,15.653152)
(35.201069,49.108362)
(37.456611,28.786283)
(20.516206,17.400825)
(14.898606,43.319578)
(25.065689,37.446690)
(4.042663,0.382777)
(40.691771,10.662837)
(5.692468,13.047314)
(55.136996,40.966742)
(48.024873,19.117224)
(0.922180,22.450343)
(28.349197,0.838644)
(19.173237,35.686162)
(46.428765,29.819482)
(22.034031,18.071559)
(26.192501,49.736691)
(34.593265,31.782781)
(20.492014,49.414516)
(17.524558,8.886404)
(16.868454,8.398429)
(51.703272,13.426517)
(15.523527,3.201005)
(39.844977,49.445815)
(21.679855,20.441394)
(38.507612,11.492996)
(35.750458,44.180314)
(35.454471,51.375281)
(33.198154,14.990102)
(39.474757,10.920120)
(33.464837,28.966645)
(46.121059,1.271979)
(23.407419,22.456005)
(2.391000,54.662601)
(7.216251,18.239137)
(43.781487,12.417199)
(38.993666,22.810846)
(3.502661,15.443708)
(5.678675,31.199953)
(9.890392,54.439896)
(30.495439,27.203990)
(46.964852,38.289528)
(33.985862,4.986849)
(17.573401,28.907869)
(46.883926,2.394705)
(42.897851,17.905492)
(56.250019,19.848897)
(11.244509,53.030942)
(22.629839,41.413552)
(45.799680,14.502243)
(44.104621,7.386319)
(43.387587,27.043015)
(51.057737,19.424267)
(15.580302,35.767613)
(14.738370,29.250422)
(25.034510,12.611695)
(39.361298,39.896998)
(45.261111,40.992870)
(20.129965,2.536623)
(38.172710,6.606975)
(28.807755,6.390664)
(22.532846,46.185148)
(3.135969,31.240039)
(20.834338,30.560595)
(57.873526,23.375546)
(8.543528,1.482843)
(45.612152,27.513713)
(7.354466,61.377167)
(27.158624,14.552920)
(10.866739,28.392978)
(20.331528,50.026899)
(40.340155,23.014185)
(45.372459,3.241196)
(53.324361,30.452489)
(42.555636,29.130161)
(39.625490,12.995487)
(11.756047,26.282086)
(41.616409,5.226538)
(39.417174,50.568566)
(5.657355,43.105944)
(14.678309,44.912879)
(54.740648,31.769429)
(13.703222,39.278324)
(51.410958,36.109949)
(23.790777,16.608140)
(11.677702,61.212672)
(54.377226,17.429790)
(8.372928,25.201994)
(57.321275,49.201100)
(8.384621,1.976369)
(22.183988,1.202762)
(49.256032,4.674958)
(44.572296,52.212753)
(53.236506,22.943076)
(13.101148,26.070909)
(45.948173,34.834144)
(56.570397,44.112981)
(43.076453,9.361029)
(15.583776,26.123805)
(54.011610,12.392481)
(22.477558,7.340332)
(11.066306,27.168530)
(51.598257,48.123877)
(46.051133,43.865553)
(3.432586,1.754388)
(8.727891,44.560515)
(23.206627,15.588026)
(35.956271,21.433264)
(1.572635,29.007943)
(9.505482,52.138030)
(16.068955,50.181648)
(17.034158,28.049741)
(11.304714,38.002575)
(23.394118,9.277760)
(35.530970,14.669756)
(48.166463,24.681979)
(1.195893,26.396010)
(35.195942,15.369713)
(30.876789,41.934688)
(56.420361,41.792339)
(18.931269,24.275104)
(35.452448,30.276705)
(39.632468,36.225213)
(38.874159,49.300930)
(35.728348,48.221020)
(48.359978,42.118547)
(21.123762,39.493587)
(12.429043,12.866440)
(38.702017,10.940885)
(50.893079,6.543704)
(42.344101,18.241496)
(3.910827,14.619387)
(43.226851,27.560984)
(55.551429,7.148194)
(48.244703,46.467383)
(44.450993,50.437322)
(43.550279,18.606197)
(8.024037,5.132973)
(15.706552,40.674867)
(4.849882,29.289945)
(58.645659,1.189585)
(31.889848,45.948857)
(9.828373,10.793532)
(7.984428,53.121982)
(46.961359,26.436641)
(37.807599,17.016252)
(8.957637,40.976275)
(11.263374,8.231925)
(39.150504,36.954756)
(55.725945,45.121219)
(46.946785,27.510859)
(15.643642,48.176247)
(47.209331,49.649490)
(29.027960,39.381589)
(49.820278,9.073805)
(10.030316,47.670787)
(22.720750,4.166367)
(6.207642,6.749174)
(24.361659,50.484018)
(0.100865,8.463458)
(24.766772,9.938936)
(36.040552,23.447305)
(7.247174,4.323400)
(29.637821,7.237243)
(13.148950,37.482743)
(15.783684,13.746806)
(0.150236,12.921669)
(4.479822,26.799696)
(24.040446,38.383575)
(29.504519,26.391191)
(4.156642,29.774910)
(7.220848,28.622038)
(9.170849,16.419729)
(19.803193,46.070540)
(13.558975,36.424864)
(41.533748,49.096100)
(4.529202,20.307320)
(55.333973,50.546826)
(48.469613,10.147593)
(4.492038,51.414021)
(9.801556,50.355855)
(22.189625,53.593094)
(53.754140,46.179690)
(35.014401,35.768769)
(39.344157,31.888952)
(45.903846,0.198957)
(20.075336,33.879057)
(44.845490,11.815260)
(14.895928,40.853727)
(44.426989,45.869251)
(30.077622,11.204786)
(19.210822,35.868585)
(15.798820,50.110631)
(1.454150,4.472893)
(30.137198,14.746450)
(27.117301,36.689626)
(38.004424,33.611916)
(23.127885,21.395172)
(47.161892,58.761695)
(30.781497,2.091815)
(3.301128,42.075230)
(32.859270,8.053934)
(25.824102,2.801800)
(35.517499,41.851423)
(1.913242,18.995115)
(55.601139,5.929582)
(45.896417,19.494739)
(8.987656,16.358527)
(41.957172,36.762730)
(37.574770,37.756935)
(9.110889,47.939150)
(2.725086,19.601750)
(32.480021,10.950568)
(19.748896,26.697517)
(8.454697,48.435197)
(51.295822,40.470176)
(45.234714,34.683256)
(14.129428,40.218223)
(29.590126,52.512739)
(41.851382,21.793555)
(17.285334,23.997307)
(54.328708,5.530535)
(22.548971,44.528984)
(34.775889,32.630389)
(28.769575,50.139100)
(50.332753,53.344178)
(61.306094,12.716845)
(44.538282,20.592800)
(55.838692,8.231315)
(8.693872,41.126474)
(58.328485,18.189767)
(23.946769,2.633375)
(38.113624,5.389238)
(35.659429,13.541687)
(15.403939,32.309120)
(15.371210,50.764636)
(26.328282,14.508673)
(36.343417,52.204381)
(29.243514,16.551773)
(36.590030,14.717735)
(46.793104,46.038707)
(19.739065,35.053830)
(4.440692,27.330838)
(32.160596,6.003346)
(37.156159,21.987320)
(37.247879,36.409827)
(13.059629,44.745258)
(48.216530,42.660003)
(42.012315,25.163860)
(35.879785,39.455213)
(13.790236,9.780487)
(37.123724,22.873779)
(20.564531,50.531843)
(17.308646,10.015895)
(7.698799,45.542281)
(56.142664,19.855325)
(11.467699,39.596863)
(42.153961,27.427504)
(39.139258,48.648077)
(2.204580,25.369100)
(52.925914,39.807319)
(18.444939,22.724219)
(31.983743,36.380977)
(41.280240,50.071086)
(36.435630,12.303433)
(12.002083,49.988523)
(6.450435,28.352253)
(31.284152,24.482606)
(31.563016,16.475324)
(32.764302,22.618302)
(49.943298,36.644417)
(5.849775,48.830053)
(42.422120,13.578831)
(27.892471,46.869336)
(7.129804,35.284210)
(23.332103,16.248195)
(58.430680,8.635839)
(55.416172,41.994306)
(34.111577,19.773540)
(0.301338,44.569595)
(39.860202,35.514947)
(7.564213,30.708849)
(29.160675,21.556948)
(14.306207,37.471479)
(10.656107,60.124457)
(30.518232,40.340729)
(22.422008,30.717108)
(41.310981,8.621283)
(42.909809,11.292357)
(22.000067,51.572218)
(51.577989,53.210509)
(9.751060,51.526616)
(0.608225,33.051111)
(1.324350,26.848863)
(45.972465,45.519532)
(3.511742,23.632073)
(22.651023,28.482367)
(11.087778,45.474132)
(28.747601,3.327312)
(53.253076,8.910085)
(1.485809,25.835425)
(51.451620,45.934127)
(12.175760,32.211592)
(38.827789,29.990100)
(43.598944,53.461842)
(35.850517,45.289751)
(30.673536,6.579318)
(14.623689,54.745142)
(35.794373,29.467121)
(13.404889,18.004819)
(36.251060,58.036218)
(37.988494,10.591838)
(7.418988,37.605658)
(9.967747,53.552848)
(61.305481,4.423442)
(31.735064,53.262457)
(26.004911,19.445587)
(24.732758,31.102562)
(46.276509,40.075143)
(38.233759,32.671188)
(3.294898,17.405613)
(5.067983,46.783722)
(42.231761,37.561096)
(52.810652,30.977274)
(17.043728,52.081328)
(12.461368,24.236015)
(3.448381,8.962283)
(45.967246,45.879007)
(2.728834,62.560709)
(54.807088,6.689898)
(23.320047,25.446519)
(18.676910,25.695786)
(40.488473,47.207049)
(17.446462,26.571144)
(46.797022,10.726041)
(24.791012,20.113422)
(18.745555,20.087376)
(6.158212,32.259172)
(46.532053,10.421263)
(47.648209,40.057847)
(6.330312,48.521659)
(37.670429,29.553878)
(41.390328,11.706063)
(22.195782,47.350764)
(21.911196,35.620963)
(21.982131,2.427047)
(3.705916,21.082767)
(10.568328,52.316821)
(40.374317,37.961896)
(22.413941,39.623107)
(18.086845,4.566710)
(13.467986,49.237327)
(33.863621,1.949576)
(52.006956,40.939136)
(49.089799,15.525414)
(13.732655,36.199550)
(9.867000,31.018835)
(25.800772,55.594716)
(47.336201,2.592368)
(13.633072,48.353050)
(28.349322,44.608208)
(37.907337,23.935168)
(1.947059,52.563451)
(3.806344,51.908278)
(56.574732,44.072142)
(48.486094,40.480409)
(47.942902,5.998390)
(6.645129,57.381522)
(30.178432,42.321527)
(41.328091,37.186628)
(17.436453,2.587818)
(3.071434,9.789921)
(58.966591,23.576152)
(26.460010,25.804252)
(48.171069,20.673064)
(6.718153,54.309982)
(37.150882,51.158219)
(45.833587,26.061949)
(6.247372,49.908135)
(60.106382,13.803785)
(3.526917,49.797134)
(2.604719,22.235489)
(10.584580,36.527322)
(20.026998,8.307986)
(15.435169,22.791546)
(2.369403,37.808316)
(15.815232,30.059784)
(13.794921,19.655036)
(8.706414,46.826853)
(42.615915,3.793047)
(49.483772,7.641653)
(5.160446,24.665755)
(8.906207,5.102988)
(15.388616,23.446232)
(54.756431,14.288308)
(49.363954,4.763160)
(21.241835,21.598226)
(20.794605,53.416961)
(41.544967,28.389070)
(47.272672,48.170431)
(48.951229,15.469984)
(46.123525,51.176645)
(43.581776,12.334313)
(51.561258,11.751107)
(58.708032,22.594390)
(53.087204,53.158610)
(41.345207,31.074151)
(53.430577,37.229025)
(34.716279,22.106098)
(33.009767,11.124918)
(11.953552,15.067425)
(50.266530,23.683805)
(54.240431,41.714791)
(24.730284,7.705164)
(3.368667,52.742723)
(6.266444,41.303108)
(25.271406,56.697957)
(43.201270,37.066154)
(36.017075,43.634286)
(16.435166,40.977337)
(39.997691,12.648024)
(17.713432,54.535737)
(51.939857,50.982387)
(50.492575,55.440841)
(34.252612,30.349747)
(32.722377,45.858486)
(7.373912,41.193600)
(31.055163,16.415021)
(2.739140,37.356096)
(24.746631,17.400138)
(14.678488,5.697941)
(20.476794,46.863287)
(18.880371,51.275454)
(1.273640,2.911515)
(41.882401,21.882076)
(33.477664,56.339641)
(36.215833,47.674656)
(37.492924,18.067290)
(23.635266,25.389656)
(0.652322,20.734023)
(48.200911,55.029946)
(16.598551,45.838511)
(10.271301,11.361910)
(49.169866,14.218368)
(33.001337,5.396141)
(12.036294,24.009169)
(20.961801,23.030386)
(17.404263,31.022590)
(11.864998,51.071465)
(13.649855,60.982022)
(28.566451,15.479740)
(12.456640,6.809010)
(50.347235,43.570309)
(20.525171,28.278717)
(10.032069,14.369480)
(59.072302,40.146519)
(30.343467,53.316968)
(6.655702,55.138863)
(37.903028,27.682120)
(26.049370,1.145631)
(26.501967,56.788486)
(31.236025,30.166050)
(32.642144,13.971641)
(26.518598,23.693887)
(32.381184,18.532138)
(4.404069,41.606914)
(42.782622,25.562087)
(1.036862,40.259128)
(16.913989,44.674061)
(29.521723,1.170651)
(39.250858,5.798985)
(53.841728,50.638027)
(44.364642,34.559016)
(44.921936,44.535375)
(39.924790,21.149031)
(8.818722,54.183760)
(40.520043,28.134973)
(7.185046,0.293316)
(25.391151,51.366575)
(8.844424,35.472453)
(43.955693,0.694942)
(39.147450,43.021058)
(16.390986,46.133464)
(42.739758,4.820329)
(12.177066,17.165229)
(3.893966,15.584974)
(51.678070,29.492197)
(7.876387,2.444218)
(60.377260,49.511035)
(6.514570,18.226442)
(54.665546,13.136417)
(3.129942,36.981135)
(14.233841,17.535672)
(13.103208,7.036029)
(40.746237,32.828516)
(10.804152,36.891448)
(30.932275,41.455909)
(31.294870,43.512242)
(37.169573,22.573916)
(32.157680,5.478042)
(34.151720,0.882241)
(7.962855,27.253907)
(18.408491,41.151421)
(21.579272,41.364182)
(10.296779,40.386749)
(44.199798,44.158118)
(33.157609,4.748053)
(22.215619,28.314438)
(10.718939,12.432892)
(29.123822,17.898253)
(36.245547,5.671810)
(21.006866,1.388875)
(4.731871,41.183118)
(34.227410,37.957330)
(39.030169,5.895861)
(54.390894,37.442661)
(46.455603,31.959010)
(14.462983,41.057554)
(37.707905,15.435881)
(11.597137,4.563202)
(21.831364,3.953108)
(37.837473,19.650613)
(55.837430,56.035751)
(35.876493,47.730710)
(35.677036,5.159332)
(46.200697,26.978579)
(27.671636,49.554759)
(6.438644,22.914308)
(42.380655,62.851760)
(10.535881,55.411187)
(12.081889,37.412794)
(34.046605,54.201878)
(45.138778,23.780731)
(31.787463,11.567074)
(34.895949,7.553596)
(10.730844,4.906673)
(9.305527,24.989273)
(3.843282,23.738733)
(43.918926,6.526706)
(46.845507,0.912333)
(53.185357,32.796799)
(52.190719,15.762678)
(8.650548,53.754166)
(46.279190,36.880762)
(26.287420,7.412085)
(3.334549,12.634898)
(12.136968,11.445014)
(42.419389,31.457200)
(29.972306,34.769609)
(21.630784,4.241832)
(44.019957,21.381722)
(34.959464,46.649996)
(15.046901,35.822234)
(39.155359,12.528857)
(28.941663,16.830874)
(8.354249,44.138742)
(7.086351,21.880912)
(37.643893,7.734587)
(46.316909,53.422113)
(58.951860,44.634542)
(20.883052,40.154407)
(35.814985,35.320053)
(3.824398,29.870226)
(31.394454,14.119094)
(12.353765,2.484145)
(54.662497,18.743826)
(48.212955,4.331578)
(30.628927,1.634508)
(5.665979,35.234621)
(57.407947,35.332860)
(19.927790,31.202956)
(22.664152,17.018530)
(9.093929,42.244449)
(38.273546,20.213117)
(7.806262,19.549223)
(25.574125,12.866053)
(52.585573,49.324260)
(30.612333,38.384675)
(41.132297,6.809574)
(7.417447,15.862184)
(54.107739,54.051582)
(33.212133,19.558713)
(19.489680,9.034089)
(13.594100,52.178921)
(18.574562,2.797518)
(41.603312,7.297577)
(16.573712,13.352189)
(33.106647,33.475700)
(32.389607,24.657514)
(53.998478,47.021028)
(13.797509,33.887520)
(31.646369,9.295799)
(30.974823,57.144977)
(29.022989,7.561076)
(17.601627,52.664747)
(46.633672,15.329502)
(20.186677,15.496639)
(28.465957,6.372649)
(36.203668,42.563065)
(48.908252,9.949137)
(15.283688,53.489483)
(25.007015,2.411567)
(29.916389,10.831213)
(15.035332,32.750285)
(31.502505,22.253900)
(7.790128,30.033171)
(44.759487,13.507559)
(5.335933,30.100033)
(34.527535,33.854727)
(18.645926,28.291519)
(7.991354,30.463724)
(15.572650,11.667565)
(1.924409,0.783556)
(26.739730,12.934637)
(8.392892,2.360680)
(7.787493,0.972851)
(42.133292,20.793556)
(8.419329,10.813351)
(49.726275,29.303623)
(33.881491,4.125459)
(21.328154,19.716540)
(31.835201,7.235043)
(37.116363,34.703043)
(19.125732,31.800424)
(32.534633,35.152743)
(41.949043,44.992512)
(34.805289,21.161838)
(55.539254,32.460783)
(17.700874,48.898512)
(50.521560,4.236306)
(31.978433,3.170482)
(26.760201,29.773099)
(48.573356,25.844492)
(34.324631,31.430731)
(48.092400,53.242179)
(61.893248,25.835208)
(32.632580,34.326345)
(10.042379,21.280529)
(55.541167,56.359343)
(13.601206,32.599178)
(39.177802,48.922638)
(42.469852,24.149631)
(3.519902,37.756167)
(42.595509,12.971133)
(23.440859,41.640572)
(38.027924,22.610122)
(24.590612,4.189703)
(47.485506,49.180821)
(26.750066,41.332928)
(9.060804,21.215510)
(5.001271,35.558456)
(39.838623,17.250094)
(52.636336,28.151385)
(31.413426,39.033909)
(27.017743,4.423711)
(2.232686,24.231319)
(47.435483,1.851357)
(43.711867,24.198721)
(21.097637,12.942761)
(52.776642,46.871281)
(12.557416,18.158070)
(27.813331,6.468600)
(24.597530,33.952885)
(15.975768,22.575820)
(16.758430,28.880762)
(47.218725,22.716167)
(56.446758,17.470252)
(21.574515,13.411816)
(2.059237,46.967255)
(5.191179,52.810954)
(31.031824,11.853078)
(49.407372,30.626778)
(21.058719,31.048011)
(20.633468,16.253644)
(25.932234,41.766020)
(19.989115,2.347582)
(29.633250,28.458727)
(48.825777,15.494824)
(26.241988,11.535163)
(15.587181,37.520978)
(18.785940,52.037282)
(46.133290,35.941382)
(29.059326,16.649452)
(17.541894,33.267536)
(22.986913,10.883728)
(46.066784,28.568123)
(33.216496,1.793239)
(15.303217,17.320123)
(13.224887,23.025715)
(42.277953,30.242081)
(9.725924,35.452886)
(1.774125,46.444474)
(19.351842,11.075270)
(3.971163,19.092327)
(32.723855,37.035577)
(14.924052,25.337944)
(19.319516,51.343962)
(7.113133,23.111883)
(6.222913,24.033845)
(39.186121,33.140778)
(11.691744,17.933686)
(32.813362,53.796771)
(36.958435,29.307474)
(29.610946,11.726753)
(25.759211,55.571356)
(26.576425,3.580947)
(14.487164,14.902266)
(3.770046,7.152738)
(12.180626,16.884217)
(1.379859,54.704221)
(50.662077,9.224385)
(44.842391,34.264515)
(52.895590,55.702800)
(30.517710,41.672088)
(31.693773,1.121366)
(42.734016,6.861767)
(3.469054,24.303222)
(2.187382,50.281015)
(0.507253,35.861064)
(25.338108,36.416988)
(21.163845,7.081229)
(29.799153,29.945178)
(23.659635,51.061800)
(32.155661,50.550726)
(46.116485,44.215230)
(31.033082,10.103612)
(47.902035,55.284933)
(28.044897,35.812747)
(14.228840,41.180133)
(8.779253,45.381938)
(26.403892,22.932462)
(15.472342,27.331331)
(59.359588,41.663651)
(41.699597,21.314139)
(6.658445,6.187496)
(62.498211,12.940676)
(15.705537,45.163876)
(29.000155,4.379092)
(26.403425,49.003845)
(1.258276,33.535341)
(4.778099,9.131647)
(20.374968,25.353301)
(15.953760,33.654797)
(42.613517,48.014706)
(20.785018,19.994010)
(3.085142,32.273344)
(25.447653,24.212766)
(5.966219,18.152708)
(40.067695,43.202097)
(57.601833,4.953265)
(26.852718,55.405525)
(14.542065,19.253451)
(5.815270,48.337198)
(32.799538,7.969360)
(5.475441,57.401395)
(8.638394,27.731709)
(28.425493,36.366653)
(2.974669,24.358861)
(4.323196,8.694810)
(32.962698,19.153250)
(50.669814,19.989862)
(14.509741,9.738888)
(53.445565,24.717944)
(9.112503,41.695829)
(8.011836,3.550561)
(54.511690,8.419807)
(33.152973,19.663705)
(38.361432,45.399903)
(46.224345,30.766881)
(10.024585,23.007218)
(9.495708,23.655998)
(4.729868,21.866082)
(5.931337,46.083301)
(56.807008,21.949014)
(32.492639,52.690709)
(42.222683,16.979350)
(46.914397,47.170783)
(37.563009,43.052535)
(1.662387,46.285552)
(9.173329,16.734716)
(12.096838,4.795433)
(54.513284,40.901360)
(10.913553,23.980636)
(48.719990,5.397944)
(49.532992,17.196491)
(0.135553,48.680471)
(37.064998,27.160418)
(58.122282,3.927788)
(44.739183,34.921758)
(37.403304,1.127405)
(31.337086,29.127900)
(54.263259,23.304159)
(9.005928,50.181194)
(59.206566,25.547701)
(19.123070,32.762904)
(32.871423,9.944537)
(14.454704,4.988168)
(12.873513,21.637095)
(32.874434,30.185224)
(14.402578,19.784322)
(14.382437,32.110328)
(36.461345,52.423306)
(25.363173,3.701906)
(45.527756,0.835876)
(17.200234,26.277219)
(23.184655,25.720285)
(45.263407,11.500774)
(34.510585,41.870398)
(35.698064,40.947481)
(9.003673,41.673209)
(3.489001,38.944271)
(41.385927,13.770438)
(18.269092,55.009699)
(40.712809,40.139815)
(27.307430,12.872255)
(3.013631,39.889431)
(55.461562,16.183882)
(34.607772,7.690029)
(54.199665,29.440661)
(7.856585,35.818111)
(13.142362,12.000421)
(46.565274,17.049724)
(14.648721,32.754513)
(23.789226,48.859444)
(24.004332,29.074811)
(3.343859,50.582192)
(10.168639,40.104529)
(60.362853,37.500819)
(55.175226,56.764849)
(43.009741,47.035769)
(49.366091,20.925372)
(9.942857,31.578336)
(29.233680,30.749002)
(43.955392,49.853643)
(25.222979,5.748062)
(49.380358,53.913075)
(50.271709,25.633554)
(53.323145,51.974920)
(26.139253,37.220243)
(23.640559,33.739740)
(41.031775,24.486753)
(32.898442,1.226580)
(20.571154,18.840703)
(21.077440,26.977854)
(41.516389,36.673412)
(32.254437,0.091669)
(25.513760,49.417505)
(59.605640,20.217056)
(16.780127,45.502910)
(29.100585,36.792764)
(45.288787,20.015896)
(41.282106,8.510071)
(48.125428,38.886637)
(47.751028,46.265870)
(54.179951,11.519121)
(2.949477,48.239578)
(52.847750,55.377124)
(33.798572,46.452877)
(44.550284,0.278124)
(11.548426,3.087976)
(27.174207,8.144879)
(15.416198,58.401236)
(3.798910,14.229526)
(6.074253,3.330637)
(40.989012,48.984173)
(43.367826,24.267500)
(31.179833,39.875372)
(23.024754,8.237065)
(50.142953,33.785182)
(39.316860,46.507302)
(38.391874,8.112199)
(26.495713,37.682888)
(3.669085,12.709027)
(24.326810,10.435469)
(50.658749,4.127185)
(27.248181,46.545329)
(27.356693,15.241024)
(33.326712,35.067248)
(27.000225,51.257618)
(60.926819,59.232553)
(7.549802,51.080538)
(20.596852,52.049546)
(3.373592,23.279760)
(15.269457,59.689550)
(35.112857,37.708268)
(20.962733,38.412660)
(50.810611,27.926463)
(7.046709,43.432068)
(32.077162,5.514822)
(4.980753,48.723329)
(34.011790,2.389722)
(31.302002,57.408716)
(16.157102,2.127632)
(50.203208,29.812715)
(26.993738,49.343446)
(16.367202,29.215898)
(3.978353,36.574030)
(20.681645,23.389592)
(41.772024,2.515088)
(10.860011,24.310587)
(2.610471,43.909736)
(52.997264,11.061780)
(1.880733,16.972180)
(5.473062,9.281130)
(46.016108,12.332009)
(4.234347,24.435635)
(27.092540,7.982493)
(26.212253,50.249331)
(26.617274,17.154030)
(51.517452,23.609401)
(10.819275,43.198630)
(22.177502,47.983836)
(52.900806,55.042220)
(11.799173,19.239439)
(36.136366,14.134781)
(56.392019,35.645795)
(15.719967,9.347921)
(23.939606,44.327956)
(22.737701,47.830605)
(2.417121,10.036340)
(10.153787,37.588092)
(61.786379,5.690468)
(13.297634,60.237381)
(30.309389,14.289945)
(23.716509,11.927739)
(51.115755,53.156932)
(32.932522,59.883302)
(17.241631,5.344238)
(23.323892,26.444771)
(13.249932,8.962444)
(35.545051,25.326909)
(12.363170,24.988079)
(33.566855,26.623060)
(5.507462,35.525343)
(27.702496,35.118532)
(12.688337,13.358594)
(22.612231,22.138034)
(42.142299,6.468977)
(26.947701,45.558981)
(14.576118,27.417482)
(24.021140,47.324321)
(54.873882,33.169475)
(49.107975,54.080509)
(31.746440,12.740537)
(18.926046,11.600074)
(7.617448,46.240340)
(32.360870,40.495703)
(8.568757,55.687823)
(24.888445,27.286042)
(36.534521,39.679835)
(7.585272,10.997723)
(30.793780,44.291688)
(9.308599,10.196729)
(13.535243,25.925366)
(42.822031,13.142716)
(4.144147,34.602485)
(42.027355,44.708597)
(26.022260,5.611353)
(37.373938,24.896013)
(18.560725,26.785399)
(54.842900,40.657162)
(50.477115,41.651158)
(35.084468,19.741911)
(51.200849,16.156929)
(10.359598,43.787939)
(3.263509,39.343065)
(53.568069,27.801134)
(27.240166,46.636417)
(30.263575,42.779284)
(5.521950,16.268798)
(13.024881,53.052672)
(44.825523,41.124267)
(35.737342,29.374740)
(17.954252,11.742244)
(27.837498,22.121273)
(29.367335,35.221477)
(5.183784,12.349771)
(6.189806,25.843020)
(48.246127,52.693234)
(34.524290,49.519799)
(8.341057,51.565945)
(22.047344,6.613016)
(24.615203,36.231231)
(19.652961,27.304973)
(46.645939,3.652915)
(0.836899,27.765275)
(26.049992,49.192147)
(18.615843,45.814311)
(13.212588,39.388000)
(38.004300,40.308130)
(5.753384,50.034704)
(47.192745,46.809951)
(32.472359,21.775431)
(7.413503,1.272562)
(48.784363,39.301586)
(53.112341,0.772045)
(34.597868,36.326832)
(16.684064,31.429430)
(31.934000,0.114693)
(12.194405,5.622337)
(12.424789,41.747363)
(3.873160,1.307972)
(55.872788,49.768533)
(54.165655,47.472021)
(41.831177,23.917440)
(48.569746,20.197615)
(44.753214,47.151807)
(46.099099,21.037897)
(60.052116,35.608669)
(6.835639,2.661979)
(45.211731,6.200346)
(49.182600,32.096278)
(51.120700,20.076342)
(44.744369,12.718542)
(24.723199,22.618309)
(43.501463,23.092761)
(40.563117,48.415888)
(39.019932,57.795124)
(1.716052,23.504819)
(58.545837,21.439297)
(31.145128,52.749159)
(12.339148,29.479980)
(54.949286,18.888469)
(11.818650,28.079336)
(25.983879,2.738332)
(28.621211,15.990690)
(3.524294,10.767337)
(13.745273,16.193932)
(38.031344,43.974481)
(4.494955,26.106837)
(37.125899,11.504722)
(26.561118,31.302527)
(31.882713,19.106141)
(2.197472,17.530610)
(21.821052,35.488050)
(9.172466,30.596213)
(62.327826,60.599712)
(37.250916,17.349641)
(24.339245,49.331463)
(10.130689,16.807580)
(17.046307,21.725876)
(16.315915,1.404910)
(13.041801,32.748261)
(30.766797,34.136260)
(15.690439,38.273039)
(7.467097,15.564238)
(1.706189,36.600739)
(53.666246,1.069260)
(1.355623,19.957930)
(12.375268,16.410445)
(32.847479,29.815013)
(43.980754,6.247799)
(25.257854,21.660546)
(11.532843,11.092451)
(20.037935,37.249647)
(36.360648,38.763698)
(31.323194,57.409028)
(37.232456,41.807191)
(42.143059,11.352392)
(38.149306,32.379200)
(16.666225,48.868171)
(8.623462,3.454614)
(52.368446,42.304346)
(6.571905,53.706804)
(2.181581,56.037914)
(14.552050,7.833630)
(20.097114,59.013075)
(2.800928,9.260800)
(37.001646,24.548518)
(3.392463,5.366888)
(21.413678,37.995846)
(1.307483,61.570527)
(2.891835,6.031721)
(40.680743,11.783985)
(36.098271,58.023465)
(41.195484,21.519215)
(47.814091,20.477275)
(1.479881,47.292968)
(36.131022,5.413918)
(22.074703,20.227218)
(45.824832,8.049041)
(21.710603,12.314841)
(54.899938,35.810147)
(57.961306,32.996548)
(12.317910,0.879223)
(5.783579,49.604944)
(21.586272,21.008379)
(5.683418,31.055610)
(45.958644,48.270884)
(34.055783,48.152439)
(35.923912,54.404711)
(7.622519,3.695365)
(36.904176,7.983071)
(3.326386,8.432802)
(38.961194,29.400629)
(38.095872,29.162065)
(20.390052,4.813227)
(35.924912,12.736439)
(23.299385,51.280896)
(45.733262,29.132452)
(19.160434,12.269222)
(43.187330,5.167315)
(0.606341,6.877336)
(18.138581,14.180936)
(37.161809,0.818020)
(21.402292,32.682825)
(1.853181,2.811276)
(0.421513,10.446698)
(18.835158,32.142044)
(8.649841,0.671312)
(20.701243,20.328222)
(45.877708,31.352201)
(28.354978,46.845082)
(28.460894,53.020274)
(10.295908,28.667595)
(12.827758,23.114074)
(16.361368,45.912816)
(44.258680,15.297417)
(5.174506,8.715964)
(10.086786,51.892469)
(20.778447,16.156517)
(29.935199,20.520738)
(10.263218,58.196686)
(42.391491,29.289344)
(50.896876,28.426532)
(45.709042,5.032661)
(0.911939,41.509489)
(5.079898,42.921441)
(16.385316,47.437664)
(7.201108,17.242157)
(54.765635,25.399826)
(29.437385,39.495113)
(27.072560,38.550016)
(0.304952,34.413522)
(8.477172,14.500123)
(5.934234,3.195197)
(47.742769,15.113024)
(30.402521,10.524590)
(51.632447,48.191311)
(31.485686,50.492126)
(50.013557,21.946635)
(18.789132,48.201576)
(4.149215,0.843508)
(20.333192,19.451594)
(47.893198,32.366540)
(11.607638,51.555102)
(38.715374,14.849650)
(25.933657,9.098411)
(48.850629,41.543852)
(30.461970,26.849287)
(17.989355,27.827597)
(37.686285,5.532978)
(11.127682,23.526588)
(53.810698,10.286189)
(16.877655,47.396989)
(41.868449,49.989935)
(33.132143,32.831904)
(25.065937,9.207748)
(59.942046,33.949416)
(30.542312,35.506947)
(10.337059,35.486238)
(8.126176,6.525052)
(55.952927,15.047819)
(10.818456,44.506745)
(24.813948,8.481735)
(21.271517,46.732892)
(4.398180,15.550957)
(26.733843,26.731186)
(14.686106,9.431426)
(13.034002,20.887013)
(32.063091,37.947737)
(19.578079,56.269692)
(0.314682,37.714260)
(32.557957,55.597596)
(17.775839,11.860422)
(53.366288,25.972592)
(36.151691,49.392569)
(8.871723,2.532230)
(7.373585,41.787311)
(49.844840,30.720369)
(51.457218,52.264677)
(3.299866,10.089203)
(49.196991,23.247694)
(63.044657,5.796261)
(15.087419,53.244894)
(47.632362,4.908429)
(31.422967,55.301242)
(10.679860,57.676907)
(40.496722,15.475341)
(8.377472,20.714668)
(43.199769,25.024394)
(30.186127,27.356072)
(17.127290,27.298075)
(5.450520,6.149025)
(26.811319,6.792126)
(40.180259,21.686250)
(3.813844,4.683797)
(0.904108,18.668983)
(24.572393,14.478352)
(10.413879,23.543612)
(31.850879,11.626974)
(45.948717,28.784591)
(34.066707,54.379650)
(27.446044,46.461292)
(20.695262,36.316704)
(1.823007,49.822266)
(16.473569,19.731322)
(59.348732,30.884637)
(2.750835,36.559611)
(33.993494,60.348524)
(35.436208,54.158581)
(47.873958,54.610033)
(22.324545,9.277984)
(19.058386,40.896982)
(29.250248,30.113451)
(51.988056,22.465532)
(28.352095,18.517102)
(38.838265,26.843468)
(5.701681,51.849866)
(25.841936,17.080323)
(13.800087,33.142116)
(3.951005,27.142204)
(51.557336,58.529495)
(30.813476,50.473747)
(22.013808,16.132361)
(2.933499,49.260760)
(13.133345,43.684299)
(21.792545,35.957145)
(39.799220,44.410008)
(5.522545,26.006992)
(24.016575,29.034328)
(21.439248,22.150467)
(4.388141,56.064517)
(20.422702,22.550463)
(14.903985,61.355700)
(26.024113,22.809585)
(49.466804,5.053873)
(57.121591,60.679742)
(50.732164,58.238581)
(4.417413,52.283146)
(23.380421,9.883732)
(45.122842,18.132399)
(3.465645,17.070693)
(41.525392,53.725721)
(12.134855,35.718641)
(56.087736,49.529909)
(5.312139,63.490454)
(43.392928,14.252057)
(3.952551,27.237635)
(0.189821,21.761853)
(32.966877,14.623515)
(0.968722,29.710586)
(38.386962,38.342581)
(59.409905,3.595395)
(49.023083,49.000885)
(28.721223,29.150059)
(12.107913,46.151495)
(56.750822,35.192185)
(53.345132,38.868624)
(48.520905,19.138538)
(44.390102,39.450565)
(40.149458,29.969537)
(24.821473,19.888882)
(45.490392,31.717198)
(44.194092,62.992604)
(5.249543,27.966692)
(19.943657,44.121862)
(18.439226,44.938904)
(4.739250,37.740492)
(34.151376,30.866323)
(35.016722,11.065416)
(0.996238,45.802670)
(26.837658,2.219042)
(25.475896,18.068427)
(22.873787,56.204801)
(20.441734,1.756301)
(58.781297,22.194309)
(43.745064,1.581647)
(7.165723,35.162749)
(18.074203,18.032062)
(49.769301,9.775997)
(42.195970,33.663365)
(0.644843,29.514326)
(14.063512,5.538158)
(39.797118,26.173075)
(11.533074,32.846797)
(18.652678,57.482159)
(8.997079,5.263152)
(58.788102,0.105471)
(15.597514,47.485660)
(39.999438,36.708138)
(37.128552,19.642355)
(37.319387,16.201721)
(42.123001,8.363664)
(31.732178,17.642041)
(19.749983,17.219885)
(0.337904,17.356886)
(19.475496,4.457018)
(8.651639,18.679689)
(35.068076,10.504350)
(16.858839,20.811200)
(44.306448,4.497653)
(33.279755,21.550751)
(47.707760,28.815945)
(3.064468,19.372272)
(26.928548,37.879885)
(24.098201,17.426441)
(32.727328,41.938736)
(12.805052,15.840137)
(51.868787,0.890513)
(11.056289,38.797113)
(37.625870,0.950058)
(39.454342,34.841177)
(49.001296,22.004585)
(20.771364,18.578137)
(59.989796,21.850270)
(27.503393,15.592557)
(48.167833,14.223983)
(26.525133,23.947742)
(4.757150,0.705773)
(4.926633,16.674287)
(36.166597,41.697913)
(46.386480,7.818701)
(34.440578,31.651240)
(10.547718,41.004530)
(53.158133,50.828397)
(13.417750,42.978272)
(45.698217,17.896907)
(35.670965,50.787908)
(23.160254,1.770192)
(35.795808,40.068304)
(43.331908,4.887474)
(15.890035,31.189460)
(13.725875,46.658621)
(3.541954,1.766703)
(31.114876,37.244911)
(21.538305,27.096799)
(51.684882,29.477470)
(21.384409,18.041007)
(15.342528,23.678451)
(24.542192,33.858820)
(15.530576,14.883746)
(51.721835,0.985992)
(29.769078,14.219007)
(45.217688,56.310247)
(11.571875,1.267350)
(49.633870,37.767722)
(31.425619,19.707071)
(55.075663,33.334382)
(23.397934,49.645139)
(18.490384,21.764352)
(24.814038,27.189516)
(6.536368,10.438527)
(17.110647,11.733443)
(24.188000,32.459251)
(51.329080,43.093346)
(25.172269,43.976784)
(16.750207,7.958444)
(10.583986,7.718473)
(9.239240,11.559923)
(44.510271,45.818210)
(30.084912,42.783365)
(11.546422,24.588214)
(27.950073,13.649304)
(36.515731,46.577368)
(35.228147,35.512105)
(22.348974,13.514069)
(56.504095,26.186711)
(33.186275,12.467019)
(35.922542,9.310815)
(30.630588,10.741578)
(33.733307,44.860372)
(38.301857,5.064457)
(39.983156,50.424751)
(21.723866,11.350666)
(1.707247,38.690293)
(50.204371,22.245897)
(33.838905,6.143552)
(16.983962,33.565995)
(1.099161,37.432388)
(7.385402,24.244468)
(28.709758,21.750131)
(9.487887,57.731645)
(0.312827,45.183779)
(61.512585,4.618768)
(0.006405,33.501818)
(4.795381,38.387632)
(1.484265,46.706468)
(23.592266,38.900427)
(14.861505,43.784735)
(43.227339,16.795700)
(52.161262,37.464430)
(27.550777,27.480601)
(57.318204,32.335365)
(58.928336,1.128219)
(20.763310,28.003992)
(16.937038,13.067036)
(13.673975,19.525187)
(57.909319,18.821032)
(12.997920,16.044643)
(32.718099,45.481216)
(53.889759,27.732387)
(2.955071,49.691716)
(16.761634,36.000401)
(24.033782,7.040491)
(43.095668,3.495496)
(22.123861,10.069571)
(41.892394,18.812891)
(1.821866,20.264890)
(12.785244,1.712027)
(9.260033,20.927613)
(53.500249,38.015741)
(24.047629,38.043700)
(44.745536,18.608173)
(33.581419,50.258609)
(30.801926,30.644451)
(37.150200,14.028965)
(38.276872,41.908412)
(23.297022,23.309195)
(51.510587,27.837834)
(27.164346,49.211872)
(30.699573,10.990720)
(38.973984,39.897392)
(40.367972,26.139682)
(6.425555,60.512905)
(10.598449,3.754618)
(21.755502,10.025110)
(11.294872,11.902655)
(3.498135,29.689728)
(4.303240,42.448384)
(35.233692,49.323313)
(27.985148,50.468548)
(48.843271,48.965897)
(51.283658,54.504741)
(39.459687,14.217280)
(15.214941,6.018698)
(25.908140,28.396327)
(26.228150,6.072500)
(51.408469,35.768195)
(50.177351,3.101440)
(10.283053,28.682002)
(53.178700,55.838424)
(27.102467,36.648331)
(38.378761,41.585871)
(10.985160,50.958330)
(9.866248,44.428335)
(8.113689,46.908277)
(18.264271,48.696206)
(39.633949,52.264396)
(43.037488,37.551787)
(47.241876,14.490033)
(0.327888,23.387341)
(37.076782,39.086259)
(20.045485,12.560566)
(49.409292,21.835541)
(19.684668,43.164512)
(17.966595,1.560141)
(29.794892,8.828975)
(43.390353,60.885252)
(52.077769,38.419916)
(14.237007,16.057149)
(29.766129,39.099747)
(3.957369,39.058697)
(41.100659,21.977280)
(48.573727,14.020713)
(6.859618,6.205309)
(19.983566,24.083780)
(40.494777,1.661390)
(39.845240,38.049697)
(52.812503,35.390631)
(17.553944,35.848367)
(44.214183,14.599494)
(13.078800,35.192583)
(42.758370,21.221497)
(37.250078,48.706551)
(39.504070,41.001353)
(53.618452,27.898348)
(38.631264,13.006068)
(41.754354,21.925538)
(22.466540,27.136303)
(21.288777,47.867503)
(33.312673,56.095219)
(35.827148,32.322008)
(30.273832,26.871249)
(49.029628,52.489589)
(12.808718,32.379482)
(10.088696,53.851478)
(23.999864,20.477973)
(28.757554,13.801749)
(28.609202,37.553553)
(28.038456,23.022331)
(7.006730,24.299265)
(40.028265,51.203377)
(53.496360,44.968392)
(34.194213,13.365512)
(18.491106,22.767396)
(39.077947,18.786200)
(55.954250,10.478090)
(14.277558,14.965805)
(23.001387,2.763015)
(53.130242,10.126050)
(41.805495,28.731688)
(43.060185,53.007040)
(20.576387,45.288388)
(9.786647,22.207098)
(43.641378,53.841625)
(49.194992,14.812033)
(26.952336,7.320413)
(18.926168,35.399032)
(31.712309,20.771404)
(35.300865,50.452070)
(32.855508,42.541982)
(49.195714,12.840337)
(15.287506,20.902598)
(42.149167,29.079492)
(39.956298,13.665248)
(50.172454,39.713818)
(19.105309,0.750959)
(25.930896,20.023099)
(24.754330,25.873929)
(20.597522,25.701440)
(18.506605,36.574711)
(6.265429,3.413437)
(10.610153,29.937607)
(5.458695,34.857290)
(6.426458,47.967128)
(21.408242,60.676797)
(31.455681,28.564249)
(0.371259,52.427604)
(8.510644,33.819318)
(44.001629,20.882354)
(10.078637,16.428129)
(39.116640,37.706331)
(7.244158,39.029844)
(9.304201,49.034528)
(14.429404,20.895908)
(44.220217,45.284287)
(5.915144,28.348189)
(45.206586,28.525428)
(3.472963,20.515688)
(0.366532,49.640953)
(54.062620,58.533855)
(43.975724,6.482967)
(6.395216,6.940729)
(4.943257,48.086793)
(32.327345,36.178500)
(47.045018,17.125530)
(33.985246,30.405538)
(36.350586,41.448591)
(51.883215,18.671079)
(4.327386,34.636073)
(5.551511,32.435352)
(20.169811,26.737466)
(34.585743,32.199994)
(16.118043,20.066500)
(7.929952,47.773954)
(28.431801,13.269072)
(42.056422,34.033906)
(60.304160,51.471646)
(16.808563,7.685422)
(36.768415,54.655638)
(53.622857,30.337978)
(1.608385,43.395361)
(19.860449,10.187170)
(29.480374,39.940728)
(30.068311,7.960020)
(36.771873,23.249255)
(12.739429,8.554115)
(13.920414,15.715125)
(37.941372,60.712508)
(36.336513,15.889864)
(44.154893,26.293337)
(56.879544,21.290320)
(30.114417,28.141993)
(28.397688,17.207713)
(22.293241,52.353285)
(21.872460,3.786684)
(11.223767,8.758280)
(59.622670,53.594402)
(57.969675,55.194626)
(13.343685,18.202447)
(47.783809,28.416239)
(62.119065,47.328751)
(45.461980,42.236153)
(5.825294,23.755011)
(41.507059,34.856484)
(20.255197,1.686075)
(6.788689,48.190211)
(51.321123,16.962409)
(39.457358,26.575734)
(37.246876,0.109702)
(20.113083,34.116252)
(35.407139,7.593367)
(43.556857,7.624675)
(52.838997,47.170207)
(29.740384,52.094462)
(47.435943,56.174583)
(41.738385,46.239772)
(15.277643,57.513152)
(39.104754,54.271231)
(13.306862,34.039988)
(41.039285,39.034333)
(53.920909,42.748854)
(4.167525,16.995340)
(52.793627,10.389171)
(44.655128,11.152860)
(32.778700,6.670763)
(8.538944,49.620580)
(15.419111,46.557790)
(29.980144,25.824975)
(4.492049,36.917608)
(23.807632,55.857092)
(31.914896,4.289268)
(4.846966,10.446224)
(24.995496,55.416489)
(0.367296,27.975394)
(60.957742,29.609735)
(10.971190,28.818669)
(11.844558,4.928132)
(26.594146,11.051937)
(26.193426,20.441893)
(16.218282,54.739051)
(32.011641,4.253644)
(48.549408,3.619354)
(17.503648,13.833876)
(9.842152,16.211977)
(3.961677,48.750440)
(32.763604,47.301921)
(46.922584,4.323978)
(4.879690,41.021943)
(40.986439,26.255769)
(30.724930,48.461188)
(37.691151,34.586771)
(14.595505,25.808897)
(11.451335,41.667379)
(19.938573,22.535359)
(17.581300,28.896364)
(25.592401,15.756899)
(49.284130,8.627834)
(6.084193,25.133957)
(29.568104,15.380825)
(39.784100,1.209534)
(39.932383,13.644317)
(33.031211,27.530813)
(27.565817,22.606570)
(30.979069,26.217985)
(6.557138,14.608060)
(10.306699,26.367211)
(39.042662,5.295679)
(39.911944,2.844347)
(21.862196,41.068488)
(27.316434,21.392886)
(22.108582,24.604978)
(26.663418,45.390520)
(30.509304,55.549799)
(2.167808,32.800058)
(16.726892,28.098458)
(6.626555,11.247836)
(3.201598,35.277476)
(1.481793,0.149183)
(24.887457,29.340242)
(12.895165,6.375874)
(48.715246,36.037639)
(51.182880,15.065188)
(30.350308,15.802360)
(40.988223,14.802544)
(10.816235,55.904244)
(62.578830,51.887376)
(9.451101,18.801620)
(41.305518,26.253063)
(0.566561,48.229225)
(31.344736,0.790092)
(19.143266,56.397038)
(45.357694,55.556426)
(38.908554,46.691217)
(32.786801,60.981714)
(20.640691,50.531014)
(6.230951,17.229136)
(11.714758,4.410872)
(41.433258,22.002214)
(35.291201,30.150887)
(28.844177,1.565418)
(42.982264,4.553937)
(39.741890,31.997505)
(11.735161,40.254521)
(34.849466,18.683780)
(43.722305,43.370375)
(37.978277,40.841768)
(13.348276,31.982618)
(44.104069,29.245960)
(12.173498,13.153140)
(20.090671,53.052187)
(47.418521,11.999951)
(12.353141,60.949603)
(32.887650,46.079771)
(37.230909,33.545690)
(41.573744,44.746238)
(53.405365,27.555933)
(27.100579,33.826782)
(51.686168,54.850220)
(51.680365,18.723725)
(16.430404,34.189807)
(18.597138,14.995263)
(23.744436,25.345533)
(49.187884,61.624831)
(16.559614,37.314088)
(55.919651,2.306603)
(56.584241,51.833168)
(11.260485,7.616660)
(9.786505,41.611240)
(11.462876,41.169981)
(57.344248,51.421043)
(26.580708,21.956381)
(21.794599,37.012820)
(10.482616,52.942090)
(31.550019,54.240164)
(20.344587,21.426555)
(26.293034,43.122300)
(24.520844,44.768195)
(12.977768,27.141953)
(17.454211,31.131266)
(55.313656,11.751313)
(30.118006,54.699407)
(29.036847,24.186858)
(53.850327,27.083070)
(25.310938,21.780546)
(14.846035,17.368415)
(62.034958,51.480708)
(1.048110,28.430539)
(18.550500,58.281072)
(57.309814,56.354556)
(23.515617,11.603994)
(50.683414,41.757740)
(35.068632,48.781070)
(5.888846,33.848299)
(26.366323,8.635433)
(50.840215,24.779061)
(56.566552,58.636768)
(7.185603,0.268195)
(20.352380,4.665080)
(54.939391,25.204064)
(23.916292,41.412753)
(12.977048,26.655328)
(12.030487,47.828579)
(26.514842,32.120167)
(52.711459,54.777674)
(30.714288,46.619467)
(40.679750,51.361783)
(28.815942,23.431857)
(24.212288,3.227346)
(21.446931,19.941073)
(53.204917,12.334410)
(41.910131,45.760608)
(50.934453,46.399276)
(9.347642,19.084853)
(57.648272,55.892980)
(1.409198,15.518348)
(55.969777,42.527588)
(40.929977,43.285250)
(30.061348,9.833573)
(20.908081,36.860983)
(0.330866,29.772577)
(7.346198,29.574045)
(44.805513,2.757989)
(34.005300,2.310647)
(3.008076,43.121064)
(49.119625,45.762143)
(10.653291,32.384110)
(43.544932,24.058508)
(49.937367,9.096322)
(41.476827,20.698574)
(45.940950,45.989482)
(10.631268,30.299594)
(11.293300,24.085133)
(35.806531,57.394867)
(45.485366,9.433316)
(19.962090,47.275375)
(30.679470,34.870824)
(30.597772,53.515947)
(6.858897,5.881950)
(15.373824,32.270208)
(34.572005,3.804803)
(0.341808,13.682014)
(34.724325,33.934198)
(2.210148,9.495893)
(57.834586,1.850991)
(32.711285,39.141342)
(9.319544,28.157718)
(55.246792,1.560855)
(48.549920,3.713486)
(13.800715,48.219821)
(19.852416,47.686855)
(34.188645,7.175748)
(22.448255,42.290054)
(1.065574,40.771139)
(29.620678,43.211011)
(53.503198,58.849604)
(6.775983,14.576652)
(3.946743,16.455661)
(38.429004,43.534108)
(46.142955,34.325878)
(5.348054,4.315659)
(59.138231,51.212226)
(2.174366,38.116773)
(44.785873,55.921920)
(44.238321,59.222938)
(20.374335,38.013270)
(52.875485,7.497781)
(22.804172,62.166560)
(12.794284,8.425758)
(28.788836,0.910174)
(16.268043,31.664449)
(42.306629,13.968500)
(36.197141,7.274542)
(22.875988,3.638738)
(5.662425,28.500503)
(48.060618,36.873690)
(20.601859,17.752031)
(32.365485,23.609665)
(11.961687,20.335671)
(10.915723,37.956499)
(55.611996,50.241440)
(33.780140,12.295271)
(10.765055,31.932805)
(32.157132,11.916005)
(40.315636,13.783292)
(31.236298,32.650760)
(46.604653,2.044843)
(30.073347,22.576061)
(21.539825,3.848877)
(44.457421,47.397654)
(47.661273,51.815161)
(22.793075,48.358499)
(30.201570,36.205449)
(47.737594,22.038831)
(25.967390,9.852583)
(52.539906,4.774593)
(38.168656,24.295360)
(35.167882,13.773050)
(41.049093,50.834423)
(21.606578,24.773459)
(24.457902,11.196680)
(13.390029,44.826281)
(11.757920,23.143413)
(42.759957,42.683938)
(0.357722,44.478244)
(21.177220,32.228524)
(36.306239,17.062516)
(33.150484,7.344369)
(33.939883,13.430090)
(12.576348,32.680466)
(26.186344,20.240627)
(52.621169,30.717577)
(4.925740,8.925260)
(49.844762,43.141046)
(3.723541,19.803138)
(15.510668,2.534437)
(12.446939,0.164217)
(27.944942,8.761330)
(34.829360,41.780797)
(28.436143,32.599306)
(48.025043,42.183808)
(59.829738,32.327499)
(20.295749,50.106158)
(39.054304,49.791562)
(44.846092,26.148594)
(21.701335,15.310219)
(33.155061,45.398093)
(10.012063,40.978656)
(53.263687,13.056065)
(8.355177,17.613705)
(27.370970,26.766848)
(23.123748,16.020688)
(47.924876,48.164281)
(1.542892,20.430468)
(56.379265,53.416252)
(38.829928,47.325226)
(37.854801,52.822845)
(27.275481,43.478407)
(16.329780,48.435634)
(3.392609,17.152858)
(50.077395,1.361924)
(49.471040,51.362264)
(27.993088,41.608005)
(18.764902,34.818824)
(58.524151,32.117626)
(40.896944,17.510195)
(29.240343,12.684170)
(17.493100,18.071892)
(12.847420,19.936011)
(54.692410,45.925526)
(9.835881,0.263778)
(37.091345,49.335206)
(5.541420,55.447383)
(43.909708,37.525991)
(20.247760,28.628568)
(38.798208,5.653999)
(5.606577,26.605953)
(8.117000,13.185357)
(25.473547,53.602492)
(36.156546,8.172236)
(15.301036,22.299778)
(9.976067,39.078195)
(11.108012,29.064610)
(14.282752,55.342726)
(16.910910,51.500898)
(51.147246,46.136256)
(18.960425,51.900527)
(16.172201,17.701206)
(16.427945,47.689676)
(51.666942,20.980143)
(51.408041,2.491649)
(3.635816,31.913248)
(55.231770,6.424089)
(25.038799,51.365343)
(13.128254,32.240354)
(23.806983,18.260687)
(12.689166,20.472219)
(5.258542,48.424910)
(18.521027,62.545763)
(42.250680,18.395147)
(10.761925,16.925049)
(6.104418,27.615379)
(33.369158,3.308473)
(19.921122,15.779168)
(46.599778,35.156857)
(39.125265,15.672342)
(47.821399,10.537602)
(22.958369,48.271294)
(43.408497,9.637410)
(35.169545,40.993251)
(15.169554,53.059057)
(39.517253,8.780808)
(0.484553,20.843086)
(13.418064,10.073918)
(5.583281,17.685750)
(6.545514,0.807341)
(22.112326,45.258596)
(54.586971,58.720907)
(46.690301,41.291993)
(14.379431,38.376356)
(13.586027,50.333439)
(26.388808,43.405693)
(45.717650,24.065535)
(5.407984,39.139063)
(15.091737,26.500975)
(29.929452,11.257231)
(8.402947,51.249550)
(11.891966,43.874537)
(16.390452,5.322184)
(16.259972,0.745596)
(11.419212,4.582837)
(17.407177,2.663873)
(23.535963,36.009069)
(55.326126,20.349548)
(18.073938,37.720068)
(46.757129,28.745876)
(38.286209,49.975452)
(9.292227,48.333003)
(43.056010,32.073955)
(51.857132,27.006493)
(27.802547,1.128717)
(5.425326,17.354057)
(44.852896,10.788813)
(53.096791,17.811408)
(44.885759,26.057666)
(19.953280,42.710397)
(8.417689,34.180390)
(43.590003,4.969665)
(50.723068,0.106753)
(43.059528,40.155586)
(25.725131,53.956005)
(55.900227,20.741589)
(16.560417,41.543567)
(33.423729,23.415251)
(20.413586,44.087334)
(21.057004,35.571755)
(44.482082,22.183161)
(57.843268,28.438047)
(56.335591,29.102717)
(25.009317,17.417107)
(36.584467,1.227145)
(27.067999,15.833957)
(50.325180,31.468219)
(45.043970,7.837109)
(17.462176,30.263459)
(31.206762,51.930402)
(37.908102,21.290044)
(18.767626,5.782784)
(33.265734,27.936427)
(2.171388,30.407033)
(9.957637,0.706107)
(43.625862,13.454906)
(17.102101,32.054262)
(33.318903,15.672972)
(43.457546,10.183747)
(22.926415,10.400450)
(25.047388,51.320189)
(60.429476,11.941628)
(22.661963,2.434755)
(17.110833,61.208826)
(44.557604,61.084584)
(22.916105,39.903599)
(36.850999,23.314943)
(58.314994,8.335707)
(19.094337,38.770483)
(32.514870,25.563968)
(13.778867,57.869986)
(58.300779,1.813169)
(4.764526,45.702551)
(43.712421,14.521757)
(22.633794,43.845082)
(39.695743,49.900644)
(33.784602,53.344484)
(32.589330,32.316396)
(51.549164,54.023863)
(3.790079,45.118513)
(16.687012,8.846417)
(21.370099,31.096071)
(11.485646,21.185131)
(28.328211,13.552836)
(42.078122,56.094959)
(11.030524,13.551663)
(24.961123,29.776545)
(36.071292,0.155941)
(21.636563,1.239845)
(15.493528,3.496237)
(33.097646,14.251525)
(42.181116,23.951008)
(28.588623,17.492242)
(0.753531,42.528419)
(50.205611,21.809880)
(27.164145,34.780670)
(45.837612,25.422357)
(14.655382,9.392976)
(38.394998,58.267758)
(49.433882,50.243686)
(21.869987,42.123225)
(27.833788,40.200400)
(23.859741,50.231550)
(27.314077,37.279573)
(33.882873,44.111358)
(29.190229,53.089994)
(3.627895,16.023897)
(25.108619,4.671887)
(31.859209,6.153633)
(34.218626,10.639200)
(49.250360,23.199564)
(48.683077,51.820119)
(52.170855,9.714164)
(33.744909,6.069697)
(25.465135,48.447395)
(57.350488,0.251955)
(15.051575,29.193161)
(48.686349,26.592673)
(25.691408,18.948911)
(30.387938,52.593808)
(2.380614,43.753045)
(31.408249,58.307489)
(57.321742,41.039379)
(30.684813,30.296867)
(36.908793,50.083830)
(39.911585,27.131771)
(13.860242,32.025908)
(30.934964,1.822470)
(37.465100,21.191944)
(2.198129,43.792894)
(11.414850,4.248789)
(48.140479,4.781586)
(35.680663,38.940057)
(37.242368,8.247427)
(43.231465,55.937441)
(24.206623,54.647838)
(58.403128,44.810441)
(0.594589,40.728101)
(28.923845,13.970886)
(6.163995,41.903848)
(7.764224,24.081405)
(22.555856,17.392601)
(17.814796,50.930735)
(13.478800,58.473726)
(32.584409,52.779287)
(20.892245,12.034773)
(8.700850,8.165485)
(24.104001,8.421335)
(32.965196,30.265171)
(5.083498,12.252220)
(38.755755,3.924917)
(50.275530,30.077666)
(18.599654,63.177428)
(4.844665,11.782839)
(49.786422,41.742119)
(8.171055,11.452239)
(5.380794,23.974796)
(61.686739,33.444658)
(41.526616,28.318614)
(1.214353,23.014975)
(21.406370,40.123436)
(48.546665,46.672662)
(40.836180,48.518938)
(20.017439,4.313327)
(19.425818,21.814324)
(24.036089,12.355681)
(51.177725,27.112046)
(53.648172,11.813007)
(39.861023,7.842821)
(56.130299,27.962900)
(51.354456,17.243720)
(52.909028,38.761565)
(50.993775,11.980701)
(50.575095,23.354910)
(45.106304,45.558377)
(46.684784,2.803918)
(52.028179,28.363075)
(22.960622,20.341286)
(50.787256,3.421954)
(46.245849,10.039198)
(51.575824,44.976064)
(32.332300,24.260911)
(25.799501,33.637616)
(35.286463,43.049596)
(2.665550,42.471203)
(3.438111,0.662416)
(19.520666,49.330888)
(4.707295,7.601981)
(19.756563,19.246827)
(43.597813,16.597878)
(0.219780,21.925865)
(9.383729,12.900129)
(46.390245,52.307996)
(38.058373,49.549944)
(0.014874,24.622958)
(50.795171,41.555501)
(50.813035,2.984265)
(40.725544,29.074239)
(3.685878,9.030563)
(7.799995,43.896362)
(52.712660,2.868971)
(2.201318,53.767578)
(22.534005,43.199749)
(9.494336,31.958466)
(13.916864,27.194615)
(60.432512,45.287579)
(33.448603,9.795335)
(13.390749,1.649885)
(0.595273,33.735828)
(63.885935,29.321371)
(42.230845,35.049852)
(6.910135,23.580496)
(31.179762,0.019112)
(53.914912,44.394790)
(42.670556,35.505307)
(1.206940,5.421065)
(39.931101,0.171291)
(50.532925,28.602264)
(23.647197,10.787915)
(16.363391,51.490300)
(32.888276,3.630856)
(47.983940,59.818276)
(58.339084,19.905114)
(37.902473,46.750397)
(39.506364,8.483303)
(33.483705,28.155077)
(37.152015,9.827358)
(11.858212,6.318158)
(11.788279,13.759283)
(7.078274,7.825676)
(2.665526,42.577364)
(29.561008,43.603466)
(6.848117,22.493237)
(39.934862,40.014142)
(43.869579,49.507093)
(36.385843,0.179647)
(21.729026,35.183190)
(4.323364,3.372434)
(24.165864,31.509756)
(28.641091,13.980117)
(58.826795,26.115268)
(38.262148,31.734961)
(34.262127,36.066504)
(26.244349,0.728975)
(35.029589,41.004392)
(46.044608,61.645423)
(5.138279,16.461982)
(34.474515,4.225043)
(39.495230,39.672397)
(1.307107,43.647019)
(49.980241,55.773942)
(56.157259,4.453543)
(55.714401,22.741976)
(8.067028,61.327338)
(20.430240,36.482945)
(42.231309,36.747837)
(17.012590,5.408426)
(47.366696,10.818452)
(46.098696,48.621068)
(55.194388,31.553010)
(41.681981,38.117427)
(3.198335,19.228945)
(48.648620,28.071544)
(40.227766,12.797762)
(42.729505,32.294298)
(57.648586,39.512479)
(0.343362,11.451335)
(11.873349,6.128894)
(39.317287,42.845032)
(53.621723,38.229022)
(18.192323,15.926285)
(16.209509,46.867862)
(0.800855,9.309018)
(45.668715,43.103095)
(22.374463,0.530886)
(48.231639,35.805845)
(29.021834,16.499631)
(25.325315,11.519396)
(8.080898,7.933814)
(47.847864,59.951049)
(6.840768,47.400384)
(39.434223,53.200176)
(4.768943,16.227147)
(45.243076,27.964897)
(30.576624,49.296517)
(10.037896,38.859381)
(49.697592,48.882011)
(47.435367,38.280371)
(15.337830,27.166082)
(37.478423,28.963614)
(0.817733,3.314821)
(15.209239,26.798997)
(27.986304,21.368217)
(20.710798,44.477465)
(22.806901,45.912954)
(43.843493,9.724274)
(37.662015,1.499667)
(56.420246,23.789134)
(30.833301,0.400305)
(34.108458,20.385819)
(5.722094,10.735992)
(6.724935,16.728480)
(1.728185,4.955065)
(26.171451,18.776688)
(50.986182,22.657796)
(22.015128,24.391536)
(4.142639,42.639202)
(54.864042,52.788064)
(4.336674,40.620420)
(54.969364,33.651939)
(60.428676,12.668565)
(1.358209,6.736152)
(46.203097,0.771609)
(0.666105,47.150184)
(36.689493,35.636131)
(58.145122,36.565465)
(5.690545,9.674098)
(42.076228,57.223711)
(30.356754,28.031521)
(8.761883,40.552561)
(43.211831,8.270809)
(0.980062,21.560756)
(34.335707,10.345196)
(53.602599,46.923049)
(26.555619,39.062147)
(46.275915,28.144818)
(18.251703,2.730787)
(43.894454,13.164003)
(2.931439,0.228540)
(26.335184,29.314011)
(4.111432,24.644225)
(26.282648,49.979704)
(45.606684,14.190131)
(4.547339,40.047920)
(30.149182,27.779885)
(42.530869,3.913115)
(14.602934,25.565121)
(51.405830,17.679957)
(10.552012,18.478964)
(0.250692,10.386874)
(48.227756,59.627731)
(38.484480,25.021815)
(14.244275,26.358657)
(42.431514,31.902299)
(33.834845,51.788895)
(37.367647,21.170303)
(33.963987,50.604817)
(41.487668,19.903415)
(30.845156,5.869195)
(24.534011,7.661353)
(33.084263,50.629152)
(28.893609,37.202995)
(46.304161,11.175619)
(39.754009,57.351925)
(30.672464,23.608068)
(15.823322,46.964306)
(2.279234,23.984209)
(42.694746,48.487414)
(61.442146,9.406237)
(3.458227,19.707840)
(21.925951,58.900403)
(15.179547,18.758688)
(35.988873,5.327161)
(13.539323,8.471609)
(29.468488,28.075364)
(15.490422,30.511207)
(16.168905,26.081678)
(44.380671,3.307488)
(39.157358,27.238336)
(0.259359,1.274952)
(37.681412,9.215938)
(40.431973,32.305386)
(49.435063,35.457521)
(7.208198,12.369406)
(41.461455,42.519238)
(4.946027,19.497659)
(33.290169,10.373991)
(35.262366,32.885995)
(11.642789,18.410600)
(40.310678,9.228337)
(44.729003,24.751428)
(49.796735,54.858215)
(45.558203,0.890545)
(51.332676,48.301142)
(21.228286,46.355934)
(40.853898,21.300996)
(49.429466,16.126974)
(18.383542,29.232714)
(26.117508,18.984817)
(4.285794,5.632468)
(15.290790,47.451543)
(18.245619,46.470698)
(15.656600,52.290065)
(30.755867,35.562348)
(24.228251,50.142971)
(8.581040,13.231584)
(16.340674,6.376624)
(0.676211,37.811164)
(21.848359,31.819143)
(35.911195,45.622878)
(51.159863,4.176693)
(31.738690,46.323556)
(12.973172,54.037401)
(32.604840,41.300924)
(13.475955,9.278509)
(10.231901,48.030453)
(31.599949,48.259357)
(5.187603,16.770567)
(21.210360,15.019299)
(54.874433,15.446304)
(17.281858,2.000315)
(17.464645,55.713606)
(9.556585,48.453534)
(61.726793,13.114522)
(55.323827,33.310697)
(47.965684,18.960645)
(27.595696,24.566321)
(36.332208,9.959900)
(16.614802,32.961096)
(41.820803,42.857493)
(11.698952,44.636695)
(36.461447,28.358071)
(8.175257,12.721834)
(34.515463,9.774285)
(46.631018,54.318662)
(37.002311,29.448332)
(23.964621,16.902742)
(29.693660,46.658565)
(30.529163,37.534257)
(35.052328,16.295821)
(14.710826,18.024094)
(38.969712,33.896958)
(27.355118,34.319479)
(24.302364,27.859320)
(55.580683,2.435410)
(32.314204,32.017801)
(8.499495,54.286621)
(45.382713,30.356690)
(41.597377,17.785093)
(10.008240,13.612322)
(41.496303,31.654889)
(3.828350,7.515429)
(39.581052,10.999661)
(54.109934,12.621048)
(20.941334,28.801045)
(35.889980,48.857654)
(13.747916,36.060347)
(35.547661,35.964608)
(16.939022,31.835270)
(1.357781,0.804051)
(51.220024,20.210595)
(55.559319,11.014229)
(62.625209,13.338886)
(30.990902,14.654463)
(49.433101,35.747330)
(53.776513,45.195534)
(6.795328,7.181432)
(43.227267,46.124644)
(30.500661,22.501040)
(17.391481,42.090884)
(1.934806,37.264102)
(11.882907,1.777107)
(42.795875,18.608847)
(50.092507,12.816673)
(15.200636,62.549548)
(23.460338,54.149180)
(43.929097,19.829022)
(36.096159,14.093940)
(43.572419,42.635541)
(43.050280,45.104830)
(51.815435,27.640422)
(50.611482,47.394909)
(20.146388,26.656713)
(1.957953,54.498815)
(51.894984,44.708071)
(18.121331,42.223964)
(48.148194,47.427879)
(0.282992,26.172044)
(27.609588,51.914359)
(43.558273,8.666307)
(55.384000,50.375894)
(26.128864,37.460729)
(8.629789,43.104060)
(30.627059,5.523635)
(33.298781,25.146433)
(13.777463,49.552233)
(30.585488,34.073979)
(45.364519,0.295414)
(49.179685,24.459841)
(22.438508,13.355582)
(14.084148,34.991497)
(29.215246,47.356667)
(9.699739,38.705326)
(1.828289,11.843303)
(24.721895,3.902136)
(46.073192,9.421447)
(1.533618,0.971552)
(27.002971,9.379965)
(46.725059,32.659907)
(49.938000,56.141698)
(52.306184,34.158621)
(39.812228,48.078208)
(30.377157,34.578486)
(23.463302,37.384917)
(49.701932,17.888914)
(46.467109,11.043590)
(18.740827,60.429429)
(57.741642,23.346163)
(41.008728,16.549561)
(18.329558,20.223906)
(6.882269,47.985279)
(23.208241,41.682913)
(24.375823,25.450194)
(13.354067,20.382680)
(32.806963,19.743158)
(0.485025,45.765765)
(1.743090,34.675312)
(12.871842,15.753849)
(15.308249,15.376628)
(29.256521,41.113073)
(37.595214,24.862290)
(25.285521,30.799710)
(6.473441,38.940434)
(45.822794,7.054530)
(33.287647,4.006899)
(6.277635,41.189450)
(45.236296,35.127840)
(17.175524,26.024549)
(19.846254,56.782419)
(38.951991,23.661369)
(19.201828,5.765795)
(17.654254,33.237395)
(46.770503,7.066549)
(48.795530,14.648838)
(40.227785,43.219223)
(33.347799,1.064619)
(43.550825,4.207509)
(55.344465,37.134671)
(19.692529,41.140107)
(11.906489,36.589674)
(29.407926,29.956884)
(31.881999,17.723418)
(26.565291,29.436052)
(13.137751,0.440032)
(6.182512,3.920901)
(27.442731,9.211034)
(50.176147,43.914461)
(30.892358,51.327102)
(18.856736,5.184161)
(0.252651,44.320911)
(33.292761,6.041692)
(23.794786,3.565826)
(39.304037,11.739562)
(14.508928,27.850011)
(18.224676,13.765849)
(0.072917,9.984029)
(8.562229,46.765712)
(24.677287,55.588598)
(30.962875,44.196662)
(2.840536,50.485001)
(18.023672,53.136469)
(11.831902,23.458275)
(39.989685,15.014216)
(16.181897,48.847663)
(40.246444,42.445854)
(51.885251,0.050423)
(11.319892,58.939430)
(46.292058,17.221059)
(49.743714,55.766011)
(5.765367,45.367608)
(3.448901,50.987796)
(9.424115,30.578488)
(9.147960,25.395231)
(12.360272,42.443213)
(1.809680,14.525584)
(9.773178,1.826424)
(59.570601,8.805172)
(23.698522,36.066403)
(48.632337,45.650311)
(0.454670,23.601173)
(43.387127,32.931218)
(40.481258,39.329757)
(37.409074,45.352342)
(16.419029,48.055637)
(12.537096,5.916131)
(10.487561,43.177063)
(10.618839,0.333720)
(34.388776,7.501383)
(29.384436,6.143109)
(50.576995,6.757132)
(1.833127,28.444875)
(48.177073,2.443526)
(28.233432,21.865509)
(56.323000,22.851179)
(4.111310,54.174290)
(9.747245,48.984263)
(21.770338,22.840636)
(50.734796,33.120919)
(30.812886,0.250996)
(55.295789,42.406475)
(3.682478,45.703249)
(16.841569,17.996724)
(16.549118,49.916875)
(7.670242,33.134344)
(45.695776,25.866087)
(49.041898,26.417099)
(6.879385,34.617876)
(55.135930,44.482471)
(20.352636,50.805525)
(12.590290,16.276468)
(8.861375,45.927064)
(29.714300,28.627559)
(51.327282,56.341919)
(49.013532,1.295864)
(30.405642,36.907094)
(38.035695,44.586285)
(52.979930,57.844629)
(12.086488,60.382115)
(30.655424,24.834918)
(51.495473,32.605910)
(28.320674,7.000794)
(28.554714,41.712483)
(44.661456,47.185623)
(14.423703,35.274038)
(48.167762,48.272569)
(9.998722,38.529873)
(11.531132,29.893428)
(33.820363,3.629170)
(49.674253,24.819254)
(23.976067,32.160918)
(0.560883,30.928743)
(35.736062,14.298269)
(5.068190,36.837287)
(57.158876,22.039627)
(56.380537,11.969041)
(53.226094,32.222438)
(8.405421,21.292446)
(45.804282,52.914442)
(5.840659,47.329587)
(23.057883,39.576286)
(26.261504,5.734590)
(27.173446,4.024572)
(43.030534,2.840762)
(8.716377,18.188179)
(53.678086,25.806189)
(18.823418,55.099604)
(62.558413,48.420783)
(1.886300,34.594026)
(47.115245,3.460272)
(15.865256,30.757234)
(15.435576,14.845091)
(15.479001,50.679500)
(17.890092,11.830799)
(48.580776,42.427680)
(15.567905,17.895950)
(1.347406,23.569565)
(9.741022,23.024166)
(7.650458,0.517870)
(23.627683,38.523624)
(0.241362,16.986708)
(37.258763,24.248484)
(55.150968,49.269694)
(28.641280,10.421806)
(55.828897,57.766148)
(16.330362,23.232251)
(30.458312,28.620388)
(29.861916,3.295210)
(24.629616,14.365163)
(11.341412,20.504684)
(31.210147,36.828327)
(11.185834,54.060391)
(20.621520,46.431388)
(26.584816,15.392655)
(10.002937,57.589571)
(29.292314,5.033438)
(26.674813,52.037124)
(57.214027,41.208907)
(4.081046,2.379579)
(27.046625,23.128885)
(22.716396,53.119172)
(47.440217,1.037570)
(1.400184,4.846410)
(0.550398,55.306664)
(51.527745,15.265063)
(29.967813,26.996111)
(52.209891,12.557959)
(41.838220,43.877857)
(53.022010,43.943696)
(26.962888,24.013214)
(4.615568,47.854996)
(31.543361,17.407869)
(22.736499,14.633981)
(45.688630,2.825076)
(40.194400,53.812178)
(41.689627,11.155762)
(14.239954,39.027181)
(47.275320,34.652575)
(12.946981,2.122047)
(34.668478,20.560059)
(10.721933,30.863057)
(37.719568,46.132390)
(22.651203,34.625680)
(40.072101,22.656459)
(45.245181,36.397105)
(49.201407,16.474428)
(8.394655,17.367551)
(39.774290,39.877125)
(34.881647,49.935562)
(38.060820,43.855546)
(50.242059,0.939193)
(5.729715,21.502578)
(37.736021,51.802353)
(41.215850,52.365394)
(57.752773,52.669118)
(20.084994,0.625711)
(32.311540,12.145400)
(20.157064,23.785574)
(5.129202,14.620948)
(46.137641,9.860594)
(25.180190,21.237787)
(28.944885,25.353555)
(19.782614,24.857970)
(11.325955,16.532214)
(26.357198,18.796897)
(5.488335,29.976160)
(23.640850,8.244245)
(10.876594,46.730821)
(14.208946,50.785574)
(46.714110,2.437764)
(7.889216,12.516621)
(16.519770,51.488397)
(3.272367,2.181607)
(8.414797,37.642230)
(38.994335,39.825503)
(49.186732,6.144747)
(12.566564,45.140844)
(32.848730,13.348702)
(37.580273,23.694470)
(14.987109,9.175274)
(18.589819,33.450750)
(53.545511,20.933244)
(18.265168,3.050680)
(42.008873,25.687788)
(17.344528,3.694429)
(51.173349,12.081764)
(15.633834,31.822071)
(24.681277,49.308061)
(18.190473,14.881789)
(8.273326,14.792472)
(6.311277,55.153408)
(31.044920,30.897131)
(32.310313,49.689247)
(27.506353,21.712275)
(21.530138,35.153366)
(17.183381,5.600525)
(14.060425,45.002621)
(13.858408,7.928050)
(33.194148,31.238797)
(44.486302,7.235176)
(41.251733,38.946930)
(37.913766,11.001963)
(55.112941,20.736037)
(42.108904,33.791675)
(9.568024,41.508099)
(9.163997,12.116569)
(15.720536,12.577864)
(47.245279,2.577824)
(40.726793,18.008259)
(19.122009,19.571554)
(18.236034,44.583235)
(31.881870,27.125511)
(12.542880,20.801133)
(2.559282,5.923761)
(29.525916,32.302900)
(51.418291,14.989132)
(44.836252,18.777850)
(26.539578,47.583575)
(9.976597,5.911776)
(41.226187,23.836952)
(51.184312,34.201099)
(43.449751,30.270206)
(25.677772,23.447780)
(26.663270,47.079462)
(36.172393,32.945529)
(1.264623,55.074104)
(34.485511,8.676136)
(31.886144,5.244544)
(54.352010,21.636944)
(52.816682,45.968013)
(16.266034,29.418515)
(19.438127,3.719765)
(33.452899,8.948903)
(10.100908,34.718983)
(22.388148,29.379546)
(9.260588,22.938607)
(4.786477,10.371137)
(8.249764,53.293210)
(39.868911,51.201605)
(42.248071,15.941753)
(52.574228,41.711048)
(12.974394,56.231659)
(32.948642,34.928291)
(42.994060,19.474251)
(12.816397,4.356868)
(17.212602,40.997258)
(23.960176,28.453506)
(1.517407,13.626299)
(1.706972,6.955444)
(34.792635,8.575817)
(26.079010,9.013478)
(48.845470,43.190320)
(53.793572,0.826584)
(24.989757,24.201305)
(33.131248,0.274081)
(38.735249,28.160513)
(29.581688,11.100256)
(26.001131,21.809345)
(31.485643,7.005015)
(15.396126,11.345092)
(47.890993,6.614799)
(22.143658,6.397848)
(31.077513,18.389193)
(21.037930,24.150834)
(21.772351,49.395731)
(25.637872,42.461497)
(49.460796,46.051528)
(5.172961,4.151868)
(35.499633,22.446634)
(22.610217,59.139132)
(32.958890,14.471187)
(31.051084,53.334311)
(39.278496,4.583461)
(46.907814,29.116835)
(27.481558,32.067249)
(37.261566,25.297650)
(5.287043,34.512605)
(10.832253,12.033929)
(27.781167,43.462438)
(54.339915,43.445180)
(51.117324,0.602807)
(3.405111,43.063701)
(63.465267,36.519580)
(61.534282,25.832121)
(38.134740,28.873198)
(42.246102,37.216061)
(43.263629,8.309838)
(19.825098,38.150986)
(44.171409,9.207699)
(28.128290,45.758305)
(38.483550,38.036816)
(13.219992,10.607415)
(49.199570,15.595231)
(30.082546,46.324826)
(30.721848,12.450483)
(12.467736,44.088289)
(33.078976,53.913886)
(40.561714,35.780696)
(28.398156,36.254552)
(15.671883,23.149394)
(21.029340,5.751117)
(8.897804,40.845568)
(9.738611,10.698638)
(37.245580,9.557306)
(27.377045,37.235768)
(22.326180,49.348558)
(25.225107,3.296848)
(17.702612,38.295920)
(1.248217,11.607064)
(12.502008,46.341993)
(4.512470,2.244968)
(23.625646,6.756558)
(9.664142,7.496170)
(30.113224,51.361650)
(9.087445,54.028832)
(26.451952,42.657891)
(48.361059,49.927926)
(57.895970,42.468363)
(23.266779,5.730449)
(34.030920,49.769846)
(3.364580,31.797724)
(23.013361,44.289607)
(47.043734,19.724975)
(48.601269,25.294850)
(3.794462,8.266426)
(52.245683,52.963938)
(45.362311,6.584031)
(42.865409,36.879162)
(3.711051,41.638150)
(32.239254,45.756615)
(21.430316,29.949808)
(5.649661,7.820956)
(35.268145,11.106146)
(25.402181,40.198362)
(11.190405,31.275536)
(36.159411,25.826945)
(33.375536,31.399381)
(23.038667,45.759645)
(16.487350,22.179968)
(30.343501,15.532557)
(51.728956,17.314586)
(11.414010,5.584738)
(0.225332,50.115533)
(45.277890,15.624969)
(41.952220,46.616259)
(2.462899,10.507571)
(16.623822,0.323476)
(12.731390,24.607680)
(13.282037,19.432929)
(13.642429,2.878749)
(45.866900,30.165690)
(43.950073,32.759150)
(5.566162,9.261531)
(2.922106,37.542134)
(24.383149,33.375902)
(7.765776,13.276750)
(35.045934,37.144377)
(40.947094,52.169932)
(2.291073,46.253112)
(29.772781,30.929793)
(41.481883,62.572079)
(52.961861,24.256055)
(29.985995,45.799663)
(50.771415,9.517998)
(30.711912,20.322479)
(30.113302,20.619284)
(43.968782,6.030534)
(46.089242,13.284400)
(28.666170,17.066164)
(14.573474,21.289428)
(40.943977,9.104392)
(0.862723,37.020207)
(22.186224,38.751283)
(0.366428,62.189056)
(55.806470,16.977869)
(20.214034,58.441985)
(3.725044,13.378729)
(2.947307,26.279491)
(32.356428,3.779818)
(12.504612,24.948464)
(16.085020,28.352215)
(34.186746,16.828294)
(4.403368,38.561043)
(38.259651,29.601639)
(26.367212,13.733058)
(41.859243,30.097740)
(14.742540,32.791519)
(39.049800,24.598829)
(26.140479,39.043234)
(41.320870,14.991384)
(49.913814,54.093790)
(51.936060,17.418693)
(52.506492,48.687875)
(39.303428,15.970372)
(22.666540,3.958441)
(53.004349,6.947183)
(40.645601,40.724503)
(2.848105,8.572111)
(11.473430,49.224627)
(2.282248,4.939224)
(0.839631,28.911832)
(30.906259,43.822029)
(0.458991,12.435207)
(27.531291,28.144437)
(26.671740,26.544325)
(41.544564,38.949652)
(55.467620,52.136452)
(37.973583,8.689587)
(34.249032,16.774461)
(8.083837,8.601437)
(46.400141,49.996789)
(61.705253,31.038972)
(41.298861,46.562873)
(17.725562,10.000829)
(16.900860,38.878583)
(29.618393,20.908514)
(39.070873,40.799191)
(27.094482,46.491506)
(15.559377,64.075365)
(40.255320,35.845259)
(18.093808,33.445198)
(31.077458,51.019369)
(30.054635,43.974473)
(13.186037,15.505801)
(17.268839,2.216428)
(27.274035,31.312954)
(32.424074,23.629831)
(5.967023,46.829516)
(31.481693,47.826652)
(57.019059,27.724357)
(31.482917,3.859703)
(9.985559,34.316403)
(48.720651,35.288773)
(40.219232,18.161304)
(33.910612,32.003677)
(34.909745,28.288009)
(1.313096,35.292150)
(26.372058,26.758230)
(16.915825,15.039325)
(42.594095,14.825299)
(6.383280,44.248438)
(17.401754,7.538052)
(54.207286,38.737986)
(12.558703,38.452959)
(35.095117,39.670236)
(54.330274,9.877255)
(30.064596,43.482194)
(20.295365,2.790468)
(37.814877,31.167948)
(19.258681,47.172651)
(8.032102,18.355542)
(51.274329,5.690513)
(6.114672,50.031328)
(20.805036,19.076259)
(46.045510,50.811377)
(1.634129,10.052173)
(26.291618,12.393920)
(3.426945,62.451374)
(3.397185,33.693617)
(11.054718,49.310841)
(19.493876,32.971712)
(56.454169,8.834447)
(17.715129,35.477588)
(7.980878,29.727039)
(42.885917,35.236459)
(6.946006,29.653913)
(61.843032,19.548151)
(39.350670,2.698484)
(20.102036,60.851952)
(43.847100,9.735142)
(24.347579,30.805099)
(22.477395,53.232565)
(35.819394,37.564104)
(31.682173,30.963949)
(13.582258,9.458342)
(2.481570,26.227108)
(16.251321,35.514645)
(23.265950,17.655845)
(38.468550,0.283121)
(9.545005,18.233267)
(40.047403,28.142118)
(34.957873,47.247763)
(46.518709,36.945125)
(29.106980,5.931944)
(49.237344,8.403169)
(44.794792,36.380468)
(30.852823,7.341367)
(46.097068,41.319292)
(28.691599,0.121426)
(2.970083,31.327093)
(16.792643,17.893015)
(52.701513,47.997051)
(36.625991,2.681243)
(36.016428,38.443637)
(3.869692,40.364396)
(39.193931,54.797569)
(17.843387,26.813961)
(35.102049,6.280375)
(47.782821,54.639495)
(17.218887,13.673721)
(22.422335,4.253262)
(41.978191,56.090978)
(34.953771,54.756855)
(47.145683,9.526461)
(25.943834,8.761017)
(38.654849,5.875488)
(12.206030,18.050996)
(56.513329,52.643073)
(34.439585,16.949937)
(21.996072,63.299109)
(29.831901,1.038229)
(40.588457,20.714267)
(41.182640,42.233363)
(23.220164,18.709723)
(14.789503,56.951949)
(49.592406,24.285482)
(57.784136,31.815804)
(30.707491,1.989886)
(49.950159,22.917096)
(51.533730,45.529339)
(38.783969,41.921277)
(58.478929,43.731013)
(51.508718,16.256665)
(33.891406,37.141009)
(13.494317,60.928461)
(38.075372,31.863293)
(10.044248,39.637502)
(45.913482,28.126601)
(37.914304,4.027314)
(30.739764,61.068699)
(19.233266,0.707114)
(52.271275,41.319635)
(47.163110,5.544163)
(31.888860,55.837005)
(1.147410,10.201080)
(46.448095,26.914143)
(10.067622,13.308867)
(1.837660,49.736684)
(1.413605,44.800629)
(44.476724,35.295896)
(46.270433,50.594929)
(33.449583,18.608711)
(13.526821,58.992929)
(7.759754,16.706602)
(51.492978,44.282547)
(47.028661,28.825968)
(25.735640,39.443474)
(2.828328,23.742265)
(19.829638,29.592865)
(24.928221,13.822887)
(36.212521,23.160640)
(10.523065,32.634150)
(25.150098,50.492727)
(4.650361,29.971792)
(36.038887,6.649912)
(45.104319,46.778650)
(19.114680,15.547370)
(8.454399,44.212459)
(16.748823,38.660521)
(50.952902,32.732069)
(4.956384,41.088561)
(37.161055,2.972311)
(38.649270,17.218496)
(36.902170,12.824445)
(55.410659,16.041389)
(33.115683,43.917755)
(11.314462,19.274905)
(29.202217,35.543999)
(15.337068,62.021134)
(51.328291,5.718331)
(31.029768,24.215931)
(24.398465,40.133826)
(14.122547,20.209324)
(17.277003,56.174085)
(14.300440,34.211605)
(3.295184,23.614239)
(16.075306,49.969851)
(24.135180,29.374652)
(31.949820,14.461718)
(25.400498,36.178934)
(50.099407,16.414327)
(26.443030,56.103944)
(41.819221,43.245700)
(11.024349,23.819936)
(36.865141,33.386806)
(26.509410,6.841842)
(50.720499,22.758475)
(37.064568,46.882786)
(34.581931,47.596000)
(36.766535,38.248786)
(28.344288,23.639047)
(4.943382,3.856380)
(37.366245,44.321217)
(22.349466,31.634719)
(14.327226,42.113077)
(37.445125,51.820272)
(31.314097,12.970407)
(58.137628,25.056442)
(28.889621,38.260185)
(8.177252,28.963560)
(2.773158,48.619942)
(18.608054,58.236342)
(42.744548,45.095281)
(27.923235,17.199326)
(4.023559,49.080898)
(9.222119,53.595712)
(21.651524,10.726503)
(32.972415,55.459320)
(11.468932,22.539345)
(7.789486,58.504674)
(34.262283,28.064713)
(38.034745,50.580404)
(40.828070,1.209797)
(40.432565,39.499074)
(20.859307,41.012572)
(20.124530,34.632480)
(14.306135,1.176596)
(44.304287,10.026340)
(11.918288,44.596546)
(5.203318,28.474616)
(2.606361,33.280274)
(18.743938,31.106128)
(13.854936,9.096338)
(40.344361,27.655526)
(42.804485,49.737832)
(31.751359,50.049859)
(51.770094,35.816019)
(23.073725,40.485022)
(3.145719,37.820691)
(43.502987,1.547764)
(3.907619,54.623963)
(40.462163,51.160098)
(30.369824,51.486613)
(6.971386,28.488463)
(54.456184,39.769406)
(58.473421,31.537937)
(17.490390,56.474463)
(7.887339,48.797603)
(15.508207,34.114241)
(4.465559,29.088975)
(15.927421,12.140395)
(26.983685,1.162186)
(41.992661,1.080450)
(2.721018,0.017050)
(35.237254,29.953884)
(29.731297,20.147104)
(30.520847,35.266970)
(42.608508,56.214282)
(26.003499,2.477714)
(35.637290,59.748461)
(19.509862,31.090625)
(57.198615,14.284271)
(46.733457,16.061825)
(15.600572,40.671957)
(33.016641,25.960875)
(36.715106,0.935731)
(26.775526,20.460399)
(44.971521,27.473523)
(31.098103,11.728190)
(16.675267,18.700828)
(29.652574,39.852425)
(11.414570,5.722496)
(33.526520,48.529087)
(18.815723,14.999237)
(18.907828,22.872118)
(62.290453,38.390670)
(31.078610,27.876318)
(38.999673,49.487713)
(56.418962,17.987998)
(46.766860,2.857814)
(21.186500,25.070369)
(42.288204,23.204637)
(3.549827,6.139469)
(31.401166,48.128713)
(13.181984,14.893806)
(23.195518,17.083822)
(18.212731,14.886846)
(25.942312,10.699911)
(53.055819,25.187565)
(4.584779,28.158266)
(37.452765,36.012223)
(29.635248,57.365791)
(28.318047,16.059336)
(55.035179,34.235829)
(54.736925,5.602215)
(24.112708,18.810948)
(53.206197,56.894705)
(24.148124,17.480458)
(1.197272,5.804298)
(47.669990,5.482876)
(3.812661,7.361865)
(56.174970,22.463447)
(51.028745,38.169865)
(40.373885,21.112571)
(15.387719,3.536330)
(44.030910,1.879083)
(51.316384,51.453395)
(2.413237,22.021319)
(50.955621,56.688111)
(11.184149,5.518141)
(28.765945,33.079596)
(45.281990,12.874056)
(17.790572,34.299496)
(49.429473,39.681266)
(10.228584,43.524165)
(47.302763,54.724379)
(21.578620,12.915739)
(11.381413,7.253600)
(55.312658,35.851976)
(58.954335,52.849889)
(48.185098,51.596878)
(53.724351,47.530782)
(51.191260,25.609995)
(20.629989,5.010265)
(7.343246,14.815764)
(26.790072,7.980480)
(5.562824,47.940253)
(46.298340,9.565008)
(50.003697,16.398989)
(28.677237,43.097476)
(27.843170,49.154946)
(16.201806,28.566388)
(11.958866,5.111975)
(48.299505,46.022965)
(5.996557,16.182971)
(43.254862,0.617258)
(22.932813,45.166533)
(27.997415,34.183057)
(39.015729,36.315142)
(40.223352,16.035133)
(43.666084,14.190349)
(21.204146,41.933778)
(55.664736,52.627526)
(32.418421,36.846216)
(17.629776,36.765559)
(35.622608,34.971720)
(8.861832,44.601917)
(31.512275,38.139814)
(32.071624,37.849632)
(28.676965,14.094759)
(7.422204,48.866774)
(45.145090,12.937434)
(17.338755,32.423812)
(18.983720,36.705048)
(38.343700,6.378636)
(7.341182,35.569317)
(0.933845,52.279462)
(3.150594,18.975150)
(58.340336,25.496383)
(18.514822,10.638601)
(51.843656,16.958339)
(35.081840,19.095238)
(18.692215,50.444447)
(52.849090,44.157675)
(11.375604,5.728785)
(1.245502,47.355464)
(23.102088,14.141405)
(12.027282,13.864634)
(41.045499,22.394686)
(31.660265,48.829727)
(32.603293,0.706593)
(27.759261,17.422711)
(2.275943,7.208894)
(19.555378,27.752236)
(30.845182,26.503932)
(31.365638,16.165290)
(47.413971,37.046213)
(7.623402,35.630446)
(29.572165,53.692806)
(18.729690,46.390401)
(3.033723,0.597587)
(1.890619,21.904657)
(15.745631,29.833453)
(54.230254,18.099986)
(16.699463,1.092060)
(15.531134,15.591243)
(40.407324,14.473184)
(30.181316,45.468439)
(9.822962,16.060837)
(41.664877,35.759517)
(20.295953,45.596482)
(29.032800,20.736379)
(33.346329,47.001872)
(1.836709,36.626253)
(24.198452,10.583572)
(33.299332,54.942343)
(47.169683,13.753186)
(52.463834,33.391763)
(10.680431,36.808877)
(35.173877,38.012505)
(40.144719,42.586259)
(0.043205,10.016924)
(7.134075,50.057568)
(32.060103,52.408323)
(21.804165,35.400972)
(35.017021,46.235187)
(38.487352,20.982829)
(0.761067,18.260183)
(55.999332,43.269357)
(21.271988,7.617160)
(60.862398,36.125042)
(15.838943,24.724264)
(27.150930,20.731616)
(55.297922,44.724173)
(25.217590,28.552696)
(21.018785,21.670944)
(56.191536,36.335738)
(19.708858,1.419065)
(59.199339,10.666804)
(59.633717,10.697758)
(2.843746,45.917571)
(38.736450,26.515129)
(21.495391,4.861123)
(54.097044,45.348823)
(6.717608,30.736733)
(18.482954,25.616044)
(13.488891,0.256700)
(61.289998,27.803413)
(36.727901,57.901345)
(32.278966,49.958919)
(39.492237,63.216900)
(18.968820,26.002654)
(20.947617,26.889760)
(16.667231,57.111921)
(44.125579,13.258337)
(50.901361,33.999844)
(8.975462,21.124635)
(56.950627,33.904011)
(41.266144,19.258449)
(11.932813,42.463772)
(7.088499,43.868030)
(29.279292,35.610229)
(49.626933,14.825359)
(4.872353,20.415313)
(11.185512,35.884055)
(45.552228,40.067585)
(12.882288,1.262252)
(6.810319,24.876806)
(26.687076,17.562623)
(61.240116,62.550016)
(22.557970,15.956652)
(40.943486,51.869325)
(16.728724,29.872269)
(41.004823,14.649017)
(29.155890,1.805112)
(19.655840,15.319702)
(52.187998,35.159121)
(51.096813,0.330934)
(34.155470,39.484556)
(58.527172,59.277923)
(12.328009,46.653454)
(3.474293,29.802647)
(35.668270,40.166777)
(9.969351,34.280482)
(25.939002,35.430293)
(54.942806,4.421093)
(0.209281,59.653716)
(13.256966,53.069882)
(34.474913,18.937706)
(25.363877,56.916106)
(27.774320,51.372202)
(1.064864,54.942995)
(20.694601,51.983798)
(28.494004,48.630919)
(41.951918,46.371654)
(54.541416,43.884198)
(48.496780,8.950092)
(29.016439,50.916237)
(46.883256,16.140582)
(44.966811,14.547291)
(34.182885,11.766239)
(6.102370,9.976620)
(47.214782,34.874999)
(44.061818,38.347742)
(41.381921,34.874429)
(27.267968,33.623869)
(52.590278,37.964729)
(48.485321,10.726008)
(4.617083,10.486175)
(4.803655,17.152412)
(58.996916,3.902568)
(25.526098,54.195337)
(15.848795,23.387737)
(15.385736,36.700515)
(36.657857,48.108325)
(38.722165,36.786252)
(36.727597,22.212208)
(36.542954,55.287493)
(26.221841,55.707432)
(7.154938,21.275889)
(32.814120,60.825964)
(38.140376,33.760083)
(18.387860,48.932210)
(35.556591,0.189279)
(37.891497,33.153277)
(25.261555,36.088819)
(14.838085,28.726024)
(39.938505,25.136602)
(2.977976,19.089507)
(36.675392,41.128232)
(3.259022,4.320270)
(53.129932,14.802851)
(48.994989,44.896149)
(25.827132,19.508548)
(41.376210,15.217177)
(41.854612,16.683085)
(1.107477,54.335861)
(23.345878,32.453653)
(29.310772,5.293637)
(3.374598,32.218839)
(55.646344,8.230329)
(12.189791,30.613929)
(11.893156,29.590105)
(8.159555,10.904169)
(43.058557,54.478993)
(29.681425,14.649246)
(29.624362,35.503712)
(2.901704,21.966630)
(57.361612,10.217036)
(31.613355,7.703386)
(50.090622,26.285136)
(35.580306,51.424557)
(3.625425,6.486665)
(34.902074,3.206838)
(42.969870,44.680994)
(43.459667,25.450158)
(10.483314,40.523640)
(8.407702,59.598816)
(50.457217,34.503279)
(24.108679,23.351772)
(27.980790,58.056016)
(55.247370,39.903382)
(29.834728,7.736031)
(47.629577,49.259530)
(10.840276,1.373208)
(40.817529,15.503219)
(9.494035,12.232943)
(14.156843,8.418713)
(28.645426,42.108221)
(7.285933,38.524205)
(14.768465,11.519463)
(53.808670,25.387028)
(15.878027,43.108572)
(37.106986,60.381554)
(42.676327,1.765849)
(3.351075,47.036192)
(18.983544,8.547280)
(53.336461,3.113890)
(54.197069,7.381485)
(2.503767,52.222541)
(19.456667,62.404745)
(50.000176,44.284521)
(42.502703,28.203609)
(4.010013,5.129693)
(38.912381,13.337099)
(7.946233,53.719726)
(38.909345,8.066785)
(29.988326,10.973855)
(38.086193,53.945168)
(36.827368,24.591112)
(0.780512,51.452468)
(50.717904,44.673477)
(48.507147,44.722563)
(25.980987,46.654678)
(3.041261,47.484464)
(32.448380,2.084030)
(36.502749,60.684127)
(39.620825,30.803436)
(62.091204,16.674412)
(44.149182,62.887163)
(0.166851,50.367030)
(39.927583,24.557676)
(2.511777,59.852480)
(39.223930,14.974608)
(22.452719,16.558371)
(33.920577,2.469649)
(24.162342,25.371338)
(4.270941,54.608549)
(52.321617,43.970680)
(41.939839,41.642679)
(18.382937,15.851765)
(19.573158,42.376095)
(12.750845,53.602165)
(34.638487,55.429212)
(12.209821,49.228027)
(2.047362,42.613258)
(46.367709,58.290550)
(59.791695,12.878425)
(45.280157,35.496366)
(9.555528,1.319556)
(7.742759,15.380095)
(36.615206,31.626452)
(14.939039,41.718946)
(36.969592,57.636908)
(53.916779,54.837116)
(57.762892,33.382910)
(36.292768,21.660706)
(49.203693,42.551863)
(26.230736,49.710921)
(32.344823,18.691891)
(0.949595,5.196260)
(6.808844,6.928800)
(54.850452,3.662372)
(8.692513,46.976567)
(14.999338,31.225323)
(24.214719,7.382259)
(51.322465,6.746680)
(18.332507,17.813151)
(39.717282,53.278300)
(7.571815,55.748768)
(27.428786,2.460539)
(26.591885,19.166888)
(19.368999,53.875257)
(47.210538,24.404167)
(43.905735,24.603660)
(47.978319,25.897630)
(8.069562,26.193984)
(22.701639,60.247799)
(31.368861,35.214416)
(51.569925,47.252281)
(7.170545,49.725223)
(33.134935,0.937753)
(13.359495,37.493281)
(7.872292,4.320279)
(10.230424,12.148980)
(15.455370,26.408208)
(36.105040,36.450720)
(48.221814,44.033459)
(18.056346,40.348701)
(1.788409,43.664521)
(7.054334,0.635744)
(43.964436,4.745603)
(28.766780,18.406815)
(24.449023,59.001481)
(37.071747,18.656121)
(27.268755,23.989826)
(43.828851,43.650504)
(52.661755,21.016420)
(11.737973,32.562865)
(58.937107,17.269105)
(15.515507,40.906796)
(11.684151,9.360574)
(3.786291,55.035806)
(43.153989,0.597755)
(40.771027,10.595897)
(37.318448,58.914763)
(5.038428,23.358250)
(14.557252,22.521088)
(9.696288,0.079578)
(10.086499,37.772338)
(11.188999,53.064232)
(54.091360,54.605986)
(16.808483,31.097487)
(2.092682,52.174730)
(41.660194,27.670803)
(39.605934,44.231874)
(7.637640,45.834943)
(15.213875,13.009313)
(53.240565,20.522490)
(3.855352,16.775189)
(16.480411,18.377345)
(15.529004,38.706757)
(7.912911,50.083056)
(49.802131,41.562826)
(46.241975,21.491611)
(5.993931,47.065711)
(5.541520,26.716129)
(14.751274,25.751393)
(22.348975,39.167417)
(61.150581,19.245130)
(31.467449,2.432072)
(36.998295,40.980506)
(36.212935,1.248448)
(14.739680,26.091812)
(28.876532,6.956000)
(61.883994,8.321501)
(22.501629,35.396258)
(51.661115,30.914504)
(29.330967,1.941088)
(48.130948,5.372571)
(38.885302,45.867297)
(52.374306,52.867637)
(24.511012,1.966359)
(46.941172,63.408963)
(27.793660,21.418771)
(6.335088,45.847418)
(9.983509,24.489785)
(21.785339,30.511099)
(43.022576,58.159165)
(26.890967,40.193934)
(25.224126,31.626785)
(1.384391,9.618340)
(41.593105,44.465466)
(38.767725,22.431246)
(18.088491,32.273372)
(24.610479,24.272926)
(26.008186,36.169888)
(39.687676,45.877021)
(17.430123,3.620410)
(5.510292,48.361228)
(53.733613,32.537742)
(16.389428,27.421669)
(5.350010,10.854544)
(32.329771,33.470798)
(43.777704,27.046464)
(21.927720,30.073866)
(17.772239,55.595578)
(58.741192,24.021594)
(6.912162,41.035902)
(50.234760,36.202362)
(25.258553,44.494215)
(50.063517,20.650830)
(1.124887,17.582162)
(12.102248,8.550891)
(0.030846,21.593161)
(13.725213,13.869327)
(30.534662,45.600470)
(44.491369,33.657521)
(18.680775,60.439967)
(31.566670,14.835096)
(14.865686,35.232914)
(10.606523,24.568660)
(24.905585,27.579205)
(50.135406,0.797609)
(23.097692,25.458821)
(17.257789,9.407162)
(36.305403,15.941348)
(39.010571,45.887148)
(21.882268,20.316032)
(24.221500,0.796513)
(48.968690,57.243431)
(27.705155,17.877256)
(7.393867,8.601013)
(30.938017,0.406786)
(8.364561,38.889999)
(40.924345,36.397893)
(39.521620,36.800599)
(27.865717,25.109648)
(8.839058,33.796037)
(17.311442,37.699774)
(19.288649,36.826991)
(51.725201,19.671780)
(36.763434,13.760713)
(44.873476,16.288936)
(46.146915,51.811343)
(51.446518,21.595883)
(15.307182,4.094542)
(29.317227,17.874959)
(37.735634,47.694331)
(38.537361,32.874270)
(27.283954,7.096214)
(10.833475,13.621844)
(24.062704,9.081390)
(24.489351,4.949716)
(3.362699,37.989735)
(12.657286,11.340190)
(31.386683,1.049736)
(17.203902,57.630494)
(13.452013,21.046828)
(45.122142,32.772587)
(44.653625,41.472883)
(7.617286,28.080982)
(14.264293,31.956414)
(28.025901,40.802935)
(12.105967,41.796435)
(13.740930,30.043122)
(37.468943,56.685961)
(15.210836,51.237356)
(35.757349,8.184831)
(39.687211,16.786174)
(40.421214,30.287180)
(52.860806,3.362113)
(2.516957,31.731669)
(4.056907,26.713785)
(52.429618,35.460340)
(11.308383,15.008340)
(45.463689,54.458041)
(35.454751,53.591500)
(37.446164,28.216001)
(3.511368,7.471744)
(19.189437,51.837086)
(28.369936,31.525403)
(15.339988,35.187333)
(36.512374,27.441788)
(31.240839,47.477079)
(34.107348,23.483621)
(14.093105,51.232403)
(23.902792,54.733760)
(52.997520,21.698736)
(51.484053,9.087461)
(23.560773,1.398306)
(55.029448,15.189144)
(7.518994,33.720455)
(33.210064,15.519553)
(39.497027,28.301959)
(17.350258,20.106568)
(40.575789,10.355284)
(42.024649,27.591414)
(40.314753,0.351204)
(53.899655,24.829093)
(29.815778,4.293691)
(8.174046,25.545048)
(53.956704,32.524662)
(53.402023,51.698296)
(40.320802,52.326799)
(47.554632,40.824765)
(26.263086,32.731787)
(12.778179,7.684494)
(14.728075,7.497256)
(20.034809,31.126426)
(1.378784,37.330640)
(51.970831,18.630592)
(26.986651,44.192675)
(32.407705,44.796110)
(55.217008,24.155316)
(43.555445,25.658647)
(4.803882,47.707413)
(40.965217,36.390919)
(19.112762,5.175416)
(13.464125,41.713227)
(11.310956,51.005375)
(49.630537,28.242770)
(45.358416,12.216984)
(54.939910,10.812296)
(48.933238,52.140388)
(22.216768,6.800414)
(30.248305,24.358082)
(40.245690,24.011429)
(41.585452,37.172219)
(21.847919,30.038382)
(14.652558,31.736400)
(56.777175,32.002111)
(34.027373,18.611586)
(45.093040,19.830358)
(17.304023,34.638499)
(57.044953,42.830452)
(35.850707,29.205759)
(12.347834,31.252376)
(10.761968,32.950644)
(46.651953,4.596788)
(21.273362,45.469657)
(8.039227,26.323834)
(21.794309,61.746304)
(54.757087,52.717481)
(24.150871,13.026075)
(14.862046,28.580545)
(46.167512,24.013000)
(3.288619,18.279081)
(34.400755,1.561330)
(20.483610,49.139238)
(20.530195,14.344472)
(8.688414,24.545328)
(21.628886,51.393708)
(22.253233,51.251536)
(48.466292,41.523413)
(32.999431,25.700025)
(52.028973,25.223942)
(42.653714,40.161856)
(20.421930,49.440059)
(42.334560,48.354801)
(35.169857,18.167961)
(13.612988,57.807534)
(18.278082,33.260308)
(3.368188,41.080087)
(52.997886,7.601208)
(1.814069,40.269752)
(3.416506,43.143421)
(27.674802,21.017408)
(39.193768,10.446051)
(13.466065,6.432519)
(43.219778,44.267074)
(14.561302,35.123163)
(59.927310,32.450049)
(2.241689,15.293889)
(23.115066,7.342227)
(1.414728,25.824622)
(46.770356,58.331931)
(56.016685,1.087801)
(7.560994,45.938531)
(2.078119,55.190533)
(18.764533,48.318568)
(20.466363,28.048406)
(47.298364,46.519353)
(11.364415,12.720900)
(32.539650,19.396228)
(41.390495,32.940411)
(36.543605,7.754080)
(0.040902,19.032654)
(11.354532,57.906107)
(43.885445,58.645677)
(5.947518,48.564975)
(39.026066,6.776480)
(50.503789,11.289874)
(33.023303,37.384172)
(24.935857,44.050288)
(12.193236,2.407145)
(14.721949,41.004357)
(42.209687,10.084089)
(48.291300,18.657193)
(28.023151,47.991891)
(9.965353,16.174422)
(14.478228,36.115728)
(39.628166,29.044617)
(8.913244,28.719182)
(36.799880,11.182054)
(18.760232,50.847849)
(28.500358,21.866689)
(53.466377,49.171515)
(27.031944,23.203018)
(39.958791,17.901179)
(1.788282,30.806385)
(1.819479,27.938175)
(53.297411,2.404080)
(23.303697,49.957178)
(42.723752,18.904885)
(0.435798,4.283280)
(44.464918,49.996445)
(23.949606,13.927574)
(3.311208,58.868806)
(13.301497,40.215496)
(16.801283,60.823501)
(7.448658,10.976794)
(7.232181,52.809592)
(53.856386,0.002022)
(44.865774,19.630037)
(18.281866,10.943068)
(35.785923,33.162753)
(12.288281,17.075215)
(5.718255,33.503465)
(20.709347,50.199272)
(3.025802,35.904397)
(17.313213,10.919021)
(16.982869,17.596361)
(31.565003,37.222819)
(51.139428,27.798926)
(11.539164,3.283490)
(47.434182,16.425056)
(33.294946,50.242641)
(3.743363,26.651704)
(42.934330,24.233082)
(50.578587,40.599883)
(36.550172,48.752769)
(35.165420,4.015979)
(45.265424,8.862988)
(41.849005,52.850465)
(34.248236,52.639761)
(1.012048,28.632200)
(46.469676,38.493360)
(8.830954,15.181844)
(43.195394,28.041252)
(30.080099,16.357358)
(4.330536,6.031404)
(39.199564,42.347375)
(41.807420,6.134201)
(57.333157,28.497408)
(50.281011,36.412043)
(30.069942,56.556541)
(26.790831,12.926380)
(16.747590,46.338312)
(49.881040,7.535158)
(10.455009,5.232695)
(56.461324,50.612045)
(19.263837,29.375060)
(21.741287,11.599103)
(33.502771,51.982723)
(37.697749,51.651686)
(44.026618,47.282313)
(22.957768,47.476340)
(25.365748,27.701796)
(37.894091,3.526654)
(7.898758,29.946780)
(4.126630,24.126950)
(3.328085,14.958462)
(39.908676,2.206116)
(49.666865,20.678847)
(19.507621,16.875224)
(11.319142,17.089447)
(15.486192,18.849356)
(41.687723,8.351905)
(10.581805,36.016274)
(12.708057,31.707519)
(1.240175,45.240064)
(10.599385,18.820394)
(54.154989,21.854138)
(13.726984,46.715829)
(37.038636,1.574792)
(31.437899,37.250105)
(35.739185,10.521994)
(3.981686,53.474734)
(34.957337,31.256888)
(22.571215,51.103638)
(0.764393,10.873380)
(42.038302,7.228408)
(34.334193,35.663841)
(3.734752,58.685640)
(3.405964,23.562566)
(30.835352,22.060496)
(13.903854,45.169902)
(12.060581,0.914583)
(46.885366,39.617846)
(18.288481,51.416713)
(44.516867,35.535978)
(35.321705,6.662619)
(57.182825,50.811007)
(39.565667,8.085281)
(52.381087,13.149915)
(53.993808,5.425692)
(24.946157,9.860997)
(35.727751,5.078898)
(49.237993,15.113177)
(24.758334,32.253482)
(42.804576,3.746620)
(28.190171,51.942871)
(28.051794,10.285244)
(52.636714,46.430066)
(40.109784,60.158339)
(53.278404,12.827038)
(9.236448,19.044670)
(56.217058,35.064632)
(3.036922,29.135454)
(37.488021,39.520168)
(33.336407,48.315910)
(8.930022,50.001936)
(18.250601,18.662127)
(43.695745,27.365640)
(56.994833,30.038333)
(12.427267,46.959515)
(48.477543,42.486517)
(56.820538,44.031247)
(14.313195,44.051186)
(56.531337,29.384662)
(44.291282,0.951847)
(11.611038,62.221113)
(12.966395,11.095168)
(15.684452,15.984945)
(17.905374,6.182661)
(24.711283,44.650067)
(57.141810,38.735104)
(19.448634,19.849411)
(1.549999,33.005116)
(36.037735,22.742279)
(44.005172,39.393248)
(47.469250,35.882010)
(20.177300,42.674705)
(23.270633,56.321161)
(44.022221,38.131986)
(16.050817,43.178694)
(31.593564,6.655656)
(14.573455,4.429867)
(16.144742,13.979154)
(38.121086,38.472693)
(55.834295,44.584176)
(31.888142,12.191318)
(2.419873,56.786878)
(16.234355,1.757057)
(25.671366,26.090343)
(14.263982,51.590730)
(45.864291,10.903325)
(11.555995,24.839833)
(37.859010,14.995554)
(24.250382,40.476581)
(26.193715,19.080336)
(33.520847,16.900780)
(8.849257,20.225830)
(13.830038,42.243053)
(51.973599,0.053305)
(34.459083,36.624762)
(55.915562,9.312041)
(10.089681,11.290297)
(22.050065,57.182198)
(6.698031,51.517457)
(46.271903,44.803413)
(24.390004,10.364490)
(27.017292,11.351463)
(26.684246,29.449282)
(30.322845,38.660210)
(49.359853,19.599406)
(22.030226,3.361178)
(17.619874,21.780216)
(1.655928,4.584210)
(31.665123,18.943296)
(39.585200,0.295249)
(26.080346,44.164482)
(49.986487,44.236753)
(2.947905,33.138550)
(20.112976,44.115080)
(47.991256,55.154191)
(2.417801,40.496943)
(9.245268,52.426027)
(49.453700,21.949950)
(3.624250,25.890959)
(53.479667,34.844203)
(59.887021,44.070588)
(14.828632,36.187424)
(61.810505,52.639796)
(25.015625,35.728045)
(32.043115,28.268619)
(28.102059,22.633329)
(46.245670,47.375769)
(42.957305,54.671837)
(8.201099,58.215541)
(56.594807,28.371393)
(0.229447,53.863432)
(34.525944,40.817627)
(26.092401,54.400156)
(16.846261,4.715699)
(61.948940,14.985634)
(31.092179,43.931371)
(33.916200,20.860945)
(16.083859,54.328184)
(6.228066,8.065359)
(14.590574,51.982004)
(41.676676,50.194044)
(37.107559,39.347452)
(31.975943,49.829860)
(10.008803,41.355922)
(8.258746,9.940462)
(2.973355,14.318063)
(39.346635,49.159261)
(42.448718,8.880904)
(39.823386,11.899753)
(27.697602,6.703679)
(24.562340,18.911745)
(28.189006,5.275504)
(29.548334,25.903472)
(39.112753,50.222821)
(51.183595,33.215765)
(49.282821,16.286931)
(51.543330,44.628311)
(26.526712,29.842618)
(5.968272,35.241336)
(45.943377,46.763435)
(46.336831,53.346182)
(55.214009,3.798596)
(42.349307,36.307659)
(7.215680,12.072133)
(6.637594,49.831819)
(36.484853,12.771692)
(8.845035,11.207642)
(54.020618,22.218906)
(30.977945,6.112911)
(25.468405,21.192694)
(1.054843,15.305336)
(15.938952,18.389992)
(54.010329,27.922315)
(41.767865,8.283869)
(19.573227,51.584045)
(17.131656,17.134814)
(30.535710,47.942933)
(18.443004,12.762665)
(39.224963,42.730474)
(11.190924,6.017729)
(39.697549,32.577727)
(38.204807,29.436904)
(22.788178,1.494529)
(13.494685,43.493705)
(24.902166,42.636641)
(24.566530,56.792137)
(6.721424,39.932806)
(24.504102,0.131596)
(56.363409,41.840075)
(20.637724,24.081463)
(28.370255,22.199751)
(43.993247,34.019019)
(12.815373,59.930672)
(0.959473,51.658327)
(36.050712,3.507146)
(7.198560,12.748796)
(48.549012,35.825574)
(18.252830,13.266617)
(48.454787,9.471316)
(3.697825,17.781544)
(51.293142,24.834212)
(55.517843,40.124715)
(27.808440,37.095738)
(48.778964,11.631060)
(16.625375,34.160751)
(51.591169,26.700372)
(32.387228,7.243389)
(17.079925,29.434486)
(18.357315,3.233550)
(21.102436,38.289112)
(6.012124,39.709497)
(43.680231,47.875460)
(12.019144,12.959155)
(2.457099,59.412481)
(37.222877,32.808720)
(13.891505,31.744239)
(39.269568,22.448158)
(41.868589,22.901492)
(12.475173,27.806503)
(36.890354,47.080116)
(39.965121,43.061998)
(51.212557,3.162628)
(34.248467,40.143485)
(30.773136,24.402979)
(39.025439,43.614857)
(6.672678,49.506193)
(35.860820,25.282745)
(2.667741,39.959692)
(53.835947,43.532941)
(25.305341,18.553684)
(33.920875,34.277197)
(46.605518,2.241040)
(34.281953,39.072628)
(7.272658,45.199531)
(13.389087,16.705527)
(15.583924,6.141750)
(21.945268,43.004238)
(44.632032,21.634746)
(1.405068,6.102676)
(6.155544,12.042111)
(41.650618,46.434808)
(18.194714,33.111032)
(1.919211,42.934522)
(12.024441,53.482399)
(13.898813,53.956784)
(51.423968,49.419269)
(20.478533,18.027053)
(28.499798,50.149270)
(51.401668,8.406878)
(36.516880,30.902503)
(20.394852,17.359010)
(19.022695,48.870757)
(27.753349,31.162677)
(1.493978,24.869196)
(3.723412,15.957097)
(17.678321,13.820328)
(43.475481,11.390748)
(43.306002,33.350470)
(42.643372,22.931031)
(37.343275,44.752360)
(50.358824,29.357301)
(51.228233,34.789060)
(38.513301,52.683028)
(52.907502,49.592860)
(20.424458,35.457832)
(18.378826,25.699469)
(6.611586,36.757937)
(38.248430,25.785031)
(59.867125,30.765643)
(54.725502,37.500629)
(13.607742,37.134260)
(25.862322,19.997825)
(40.434811,18.484529)
(12.516684,10.644340)
(42.192914,20.222938)
(37.954853,44.764231)
(54.234203,21.309439)
(45.077749,34.358069)
(29.298680,38.755295)
(8.818864,2.095911)
(25.790924,6.545321)
(43.532581,56.560302)
(11.419608,15.773848)
(7.758088,12.658145)
(52.910700,26.228279)
(12.965269,21.383084)
(9.011750,13.055037)
(35.510703,9.571630)
(48.837399,6.424915)
(33.519362,41.095528)
(44.025528,3.616872)
(24.803733,33.483940)
(58.419672,14.182746)
(3.240642,19.889109)
(53.670526,49.262737)
(2.448373,59.933365)
(20.614486,54.893477)
(16.006966,55.960097)
(9.350795,12.902618)
(6.493447,34.900820)
(4.874421,3.491210)
(64.071123,4.306993)
(44.402605,38.498590)
(7.994654,43.734484)
(14.649440,44.274436)
(57.373015,25.331245)
(46.918422,30.936371)
(53.700791,13.748614)
(55.805696,35.200401)
(3.054871,28.168047)
(21.329370,7.667324)
(26.355986,51.731413)
(0.260845,31.461650)
(18.619011,12.504429)
(21.906638,33.548682)
(12.105374,47.948081)
(30.795246,2.175329)
(5.222634,29.363574)
(4.767286,2.846028)
(34.882528,54.038428)
(0.441315,8.299294)
(55.721690,1.853391)
(60.734351,6.516127)
(3.825513,41.939242)
(28.121986,25.910779)
(36.148444,4.487734)
(23.788721,8.885812)
(4.552842,50.145722)
(6.987984,45.334533)
(25.250673,46.102484)
(27.083831,24.617622)
(52.644558,32.200633)
(0.245786,22.744362)
(55.974040,1.589219)
(27.811256,55.498638)
(25.629930,8.689889)
(56.086684,25.490677)
(9.551802,20.250446)
(36.106383,18.094077)
(1.132513,57.607011)
(28.040915,21.890053)
(13.175900,3.578012)
(49.718863,44.181261)
(47.902029,32.900511)
(9.082448,18.895009)
(24.212549,24.410236)
(3.334217,45.381929)
(49.853515,13.319231)
(34.110567,13.625604)
(24.789368,32.244423)
(50.030732,53.042588)
(18.744229,43.890073)
(7.115152,27.239387)
(30.018249,18.164256)
(21.143059,50.925663)
(50.892514,23.724317)
(50.778008,11.695066)
(60.546838,36.504959)
(0.714829,6.663472)
(12.439495,62.335848)
(23.920952,31.271260)
(1.079909,52.988287)
(35.705017,8.920421)
(21.043143,26.755662)
(11.921291,38.865510)
(29.014640,5.114330)
(43.824490,48.719211)
(43.739478,28.414344)
(24.455787,26.415895)
(34.995417,22.715402)
(44.458643,22.423664)
(25.166251,43.717407)
(20.435751,5.275790)
(43.617103,31.958251)
(17.799368,28.407075)
(25.900273,8.711184)
(51.133860,4.447130)
(27.558302,4.261452)
(3.076840,52.071901)
(24.127688,5.260262)
(7.038198,19.777012)
(36.432041,15.856150)
(0.612688,16.713202)
(23.118164,11.140309)
(31.131478,25.576346)
(9.091687,15.630570)
(21.411968,15.517338)
(14.802217,18.542793)
(20.345075,50.287720)
(4.453314,28.659966)
(50.187940,42.727942)
(20.888601,43.472873)
(57.014149,46.203007)
(37.857547,3.998195)
(7.600068,27.679049)
(35.555822,2.782776)
(26.121278,49.369654)
(38.622624,39.773708)
(7.245719,5.831806)
(3.216935,18.447274)
(2.197737,2.433237)
(5.108434,28.227491)
(9.844436,44.275771)
(34.129346,41.356601)
(45.892262,59.021145)
(12.253481,23.942945)
(1.396661,37.590149)
(4.750310,0.480805)
(14.504167,0.322195)
(39.716167,37.122640)
(54.844074,48.017592)
(39.383458,33.903479)
(52.646907,13.681375)
(50.379696,50.571330)
(19.627284,4.531890)
(40.614062,30.409138)
(31.049100,23.508118)
(24.052783,53.828726)
(55.697565,44.470628)
(44.992970,0.273770)
(25.721616,51.735077)
(19.154412,0.540952)
(27.355388,37.525579)
(49.309081,46.964432)
(45.024342,34.007929)
(1.042027,6.478425)
(40.306569,5.382435)
(2.864989,5.793153)
(39.850857,37.544523)
(37.907573,2.108728)
(18.613605,17.526303)
(27.671657,39.964394)
(26.610388,30.636424)
(49.484736,6.005443)
(13.811351,49.391554)
(31.665958,51.444889)
(35.223549,18.738931)
(10.414262,50.272824)
(20.192481,27.841631)
(7.438014,50.676180)
(14.279731,26.820118)
(0.067031,2.587557)
(46.478164,28.522185)
(37.386902,20.113935)
(11.659608,45.102802)
(55.034128,43.056833)
(11.398153,38.870488)
(37.604743,12.823922)
(18.896935,54.122483)
(1.839368,57.629638)
(16.708867,8.842039)
(48.928745,19.607867)
(15.427290,6.103136)
(32.386945,4.666815)
(48.153990,26.428210)
(32.299747,1.995784)
(33.722049,41.310826)
(61.045551,24.488627)
(13.723529,37.109516)
(18.250117,9.481365)
(11.875557,46.630727)
(51.184373,25.077134)
(33.027011,55.178688)
(45.407140,5.278653)
(28.136234,1.511411)
(19.009172,23.147158)
(61.761938,36.759923)
(37.336703,15.063062)
(37.718899,46.563249)
(11.061256,42.667303)
(40.022588,50.329427)
(19.199308,25.264029)
(47.331968,14.926529)
(0.366484,33.817596)
(52.207286,27.057819)
(30.611004,3.403128)
(30.497154,46.563470)
(51.187110,26.151182)
(35.437200,4.732111)
(48.227289,30.438103)
(41.917974,2.840332)
(13.405769,33.542383)
(14.484569,15.923531)
(32.987262,55.500239)
(20.809617,45.335776)
(25.548222,15.470882)
(5.977773,8.453787)
(20.160152,42.708804)
(59.594360,49.746081)
(12.441337,13.362845)
(0.058218,19.295547)
(21.854503,37.894300)
(29.209091,47.174381)
(5.647164,8.147755)
(18.236290,15.042831)
(36.573544,19.871471)
(31.065972,44.888487)
(54.662622,45.687051)
(33.155253,29.838103)
(7.477942,18.823258)
(58.244093,8.552640)
(46.799101,37.472619)
(22.591691,33.187181)
(24.000358,6.623976)
(43.990335,4.574162)
(43.034089,38.763617)
(25.159504,1.252400)
(21.443615,1.509422)
(31.460678,0.420371)
(46.031489,9.557682)
(45.762077,25.605115)
(2.548842,53.070724)
(45.779944,23.152897)
(36.985202,33.550609)
(40.902198,15.924017)
(29.833895,4.776276)
(45.460991,28.199807)
(42.008454,51.173174)
(50.631121,27.496448)
(12.461879,48.890516)
(41.923949,36.449708)
(15.661254,33.488747)
(10.648879,34.580713)
(9.730753,42.658241)
(9.975177,12.442791)
(14.399867,3.065194)
(23.337658,57.184452)
(29.562850,6.941739)
(21.570225,16.520332)
(39.139347,35.573133)
(1.054001,33.006103)
(5.347794,24.097968)
(36.666171,9.151292)
(39.615558,34.261869)
(54.428342,32.818768)
(17.474673,2.681720)
(14.051109,13.910239)
(3.923512,6.901986)
(48.408620,35.157175)
(60.486853,47.566669)
(22.944461,41.247092)
(30.454593,42.708072)
(28.395566,25.675463)
(34.708335,25.036748)
(20.286055,12.007842)
(21.368391,7.914650)
(39.710821,47.469824)
(44.682240,29.969727)
(9.684032,33.109757)
(5.484693,36.784188)
(23.378609,3.644310)
(62.142400,22.187038)
(39.470826,3.958242)
(4.103690,12.612268)
(15.287233,16.499219)
(10.894794,37.164187)
(18.601054,14.453347)
(48.465677,14.155820)
(47.335883,7.692125)
(35.498689,2.602611)
(58.479996,28.462831)
(51.381525,19.147103)
(15.680145,17.012549)
(40.261088,0.384609)
(9.884967,38.926881)
(28.221028,41.248278)
(3.064235,59.281483)
(42.095898,50.346107)
(58.793617,3.754442)
(24.068434,2.797703)
(1.298120,9.142450)
(49.734608,14.469191)
(7.508446,24.853211)
(36.612596,44.775581)
(10.252990,20.439850)
(9.344936,33.251269)
(48.566049,52.683766)
(39.646654,3.166146)
(50.669342,5.953508)
(36.474519,39.870644)
(32.285070,35.725540)
(31.538266,24.922182)
(8.212905,1.587310)
(0.190224,48.971217)
(1.959165,2.444536)
(15.617213,42.929114)
(60.255146,21.157137)
(31.290275,13.721917)
(1.628066,10.971695)
(12.894322,32.739216)
(44.900546,7.858912)
(21.428616,44.034526)
(35.292722,58.593752)
(22.177003,19.349780)
(55.999424,10.399286)
(52.539690,39.438605)
(50.399802,4.457219)
(53.351052,12.513534)
(7.598242,22.026114)
(0.151306,16.834177)
(18.046007,19.776569)
(4.748492,42.236121)
(40.742280,35.524035)
(17.957731,38.440024)
(8.767896,15.328513)
(13.041504,39.094843)
(20.346155,38.778092)
(40.757654,33.591892)
(40.966939,60.661085)
(31.009633,37.497335)
(59.931331,9.922528)
(8.335161,24.080541)
(20.514940,41.334483)
(32.035524,9.253946)
(38.107624,13.934999)
(11.603640,33.469677)
(24.564962,16.553211)
(16.952532,34.520150)
(5.186905,22.202568)
(28.948057,23.618834)
(52.736688,8.607800)
(24.757514,47.098354)
(17.765963,11.436621)
(24.225586,0.481451)
(24.273121,40.469272)
(0.292957,6.179286)
(15.809817,40.817427)
(41.234276,4.353565)
(31.898698,20.760195)
(34.474270,39.114500)
(4.480496,21.308668)
(1.119827,22.061131)
(24.238374,54.842162)
(35.474273,3.426572)
(55.361961,37.511893)
(15.995144,42.639187)
(20.873785,47.175768)
(40.995011,43.361870)
(11.515002,36.666747)
(16.981841,41.868995)
(41.605520,45.716236)
(54.803657,1.596830)
(30.621249,23.135402)
(39.069669,34.713103)
(37.989519,27.051109)
(16.988485,49.410186)
(41.582594,21.200806)
(4.210685,22.354323)
(44.686724,13.139005)
(50.184436,60.419155)
(40.904483,1.686881)
(21.851957,44.108152)
(21.387921,4.547272)
(21.724930,51.315022)
(13.567673,24.518959)
(44.652955,12.417624)
(20.458380,9.805737)
(40.721672,15.753183)
(28.483735,39.295807)
(29.339840,1.536882)
(3.842715,51.204196)
(14.570040,32.307068)
(19.636877,37.892928)
(1.995285,23.177520)
(0.670495,1.648091)
(33.248413,45.945319)
(3.701829,50.091371)
(11.768851,22.820084)
(28.946032,31.155628)
(43.257401,25.764134)
(37.491900,43.151587)
(44.301605,53.799485)
(33.988873,46.371963)
(36.663677,21.723081)
(13.727664,42.632469)
(12.053323,20.514344)
(7.482770,13.692424)
(18.030217,11.793719)
(34.110379,41.155465)
(46.644835,13.568801)
(35.571033,7.942230)
(0.375655,42.458736)
(47.227830,29.365305)
(42.453649,56.672521)
(39.602547,54.225103)
(38.370743,4.743547)
(48.534503,3.605058)
(12.428703,4.438411)
(0.522201,35.884421)
(58.913044,20.164079)
(40.108573,29.892819)
(41.014079,21.856144)
(18.370851,14.702715)
(37.818180,46.809776)
(1.763574,20.543055)
(17.103725,55.136947)
(16.561373,8.713479)
(50.129615,7.064983)
(26.276329,35.921675)
(38.988642,57.830969)
(56.523833,51.468086)
(17.767546,54.385033)
(44.356725,55.615945)
(8.583286,46.643145)
(33.631538,16.696450)
(45.456517,41.977334)
(29.588717,2.839625)
(53.637177,21.523355)
(38.741606,56.491320)
(46.477196,18.180441)
(6.654672,3.036293)
(53.923898,23.494802)
(9.475827,45.967817)
(36.976853,48.202249)
(7.060978,54.887737)
(39.273485,14.213990)
(39.834591,14.200844)
(55.025586,16.282716)
(43.894043,2.364043)
(1.665350,5.674732)
(13.749724,22.097482)
(32.172040,52.983402)
(8.906182,6.796388)
(44.624061,13.738374)
(15.266504,1.121553)
(35.806931,12.083140)
(34.672438,39.740820)
(16.731808,25.203344)
(6.095717,57.197218)
(33.025868,40.469445)
(41.865308,2.243405)
(44.558411,49.145242)
(39.870476,27.181514)
(20.065193,22.639159)
(47.545449,33.291803)
(32.076886,3.038732)
(47.584719,48.005578)
(26.637209,38.397766)
(42.152023,12.276041)
(37.687399,17.073250)
(47.414586,63.236183)
(22.150783,5.207151)
(2.085588,17.129851)
(63.912919,16.397629)
(24.303569,16.749475)
(44.940712,40.402201)
(49.953896,13.795377)
(58.862236,46.622846)
(6.782974,50.568996)
(2.411421,46.575276)
(43.159897,25.822273)
(41.596306,46.351324)
(20.676389,46.731697)
(60.344743,38.526176)
(29.254615,15.353120)
(13.296740,40.165313)
(37.136650,63.473612)
(53.208546,59.229617)
(20.542285,56.331819)
(14.984202,0.854582)
(4.223033,32.518309)
(34.314874,21.236287)
(35.809123,0.073817)
(11.418875,36.456226)
(5.053713,9.512743)
(32.544312,42.099480)
(38.723993,26.183884)
(34.850665,13.742465)
(49.238684,53.690357)
(45.784062,14.723303)
(23.598896,1.061164)
(30.613506,58.888362)
(34.430350,46.258389)
(13.726231,7.158387)
(9.524049,41.192436)
(38.740469,40.305796)
(30.731430,45.089478)
(4.509105,33.619763)
(9.170693,20.441255)
(8.095583,56.091328)
(26.632786,16.730063)
(8.888773,0.958991)
(15.578280,8.337364)
(13.308919,36.043786)
(55.708522,4.047526)
(23.602411,18.755089)
(12.280830,47.562172)
(3.716948,43.237005)
(38.840471,2.890585)
(13.902264,20.690670)
(40.891238,35.926598)
(59.695972,43.326969)
(17.537009,57.537648)
(22.310505,5.863951)
(0.836698,29.001722)
(19.025417,14.875932)
(27.409522,12.151536)
(27.569169,10.978871)
(15.098977,58.670695)
(28.445797,10.144924)
(46.905086,47.471186)
(52.019257,49.350352)
(33.444181,44.597939)
(21.425994,1.499399)
(22.448241,5.652721)
(3.734848,36.817540)
(19.337008,18.130104)
(25.963660,8.775850)
(2.707622,32.654656)
(35.051359,42.328031)
(38.446648,42.766845)
(21.455623,15.447762)
(34.292559,45.407305)
(53.854689,17.161541)
(38.847550,8.313763)
(49.871275,13.252700)
(7.214966,39.555572)
(20.930378,34.913158)
(38.547880,45.879962)
(3.065159,55.373374)
(49.618540,14.920618)
(31.014907,37.907390)
(17.039535,56.101288)
(48.106331,6.615866)
(30.738680,46.432853)
(16.152094,24.225800)
(17.161336,6.599907)
(35.053148,34.025410)
(17.027129,23.947730)
(15.261504,21.144645)
(44.549268,45.661532)
(11.149308,14.069158)
(47.122654,10.314488)
(10.108713,57.431148)
(48.175793,28.165669)
(25.930995,41.873290)
(20.614603,23.695480)
(7.693228,30.254135)
(22.026750,0.317145)
(22.916704,12.052686)
(8.016331,33.939848)
(20.525230,7.822619)
(25.308377,49.233433)
(35.367209,49.666989)
(46.664900,60.311618)
(59.210100,53.686845)
(45.475930,12.899235)
(10.079270,58.579273)
(9.179443,51.907315)
(52.903706,15.251411)
(2.034478,8.873129)
(50.024510,22.110355)
(17.756815,42.156239)
(46.055911,38.711941)
(37.158492,21.004036)
(45.485982,34.778179)
(9.055022,47.321871)
(39.127265,57.831352)
(23.361126,21.703263)
(51.012956,41.160301)
(36.318372,42.138851)
(6.817928,15.818573)
(47.216723,16.553960)
(33.409717,11.051623)
(36.621877,18.042233)
(56.193465,55.795626)
(50.837707,20.165034)
(9.307040,1.239381)
(44.973996,45.269755)
(7.971860,15.348161)
(17.244155,10.046136)
(14.582082,48.338600)
(29.280253,50.125286)
(52.824916,19.626851)
(51.270402,58.551668)
(33.392145,10.450834)
(29.819799,31.400615)
(25.396279,42.755472)
(53.413406,9.321979)
(6.084054,15.120508)
(51.083423,6.355859)
(8.038908,5.555697)
(39.914133,6.504205)
(36.877561,58.645827)
(33.424847,42.559329)
(38.619716,3.868179)
(16.063532,27.888460)
(26.855679,9.331949)
(8.603922,6.326083)
(40.620966,47.333067)
(20.962462,21.504358)
(40.078287,10.395545)
(39.407868,53.321879)
(32.882481,23.645493)
(21.964513,51.080385)
(42.166871,23.613480)
(13.614979,46.795476)
(18.151820,6.880896)
(13.867339,37.623745)
(43.632729,11.626814)
(5.733622,7.410630)
(22.510678,13.323404)
(12.081071,61.197805)
(3.337629,2.003396)
(41.509551,41.043985)
(5.741118,53.943137)
(28.444704,7.850431)
(38.885798,43.873878)
(8.157564,55.751929)
(33.355523,3.690532)
(16.174132,44.478302)
(3.777181,35.572749)
(18.755622,41.011583)
(1.666312,1.837255)
(41.906066,43.299473)
(28.708311,54.169314)
(52.902091,47.895869)
(13.395401,43.737027)
(56.613371,25.482581)
(48.291354,51.613286)
(8.127151,42.089437)
(50.847928,0.521909)
(17.061989,21.705652)
(22.081606,33.301790)
(45.230621,44.849370)
(33.612260,35.828334)
(43.067388,46.384124)
(33.925983,35.060153)
(4.179574,14.651016)
(23.448656,12.041738)
(36.408671,41.690870)
(41.442371,18.563613)
(15.029248,37.366042)
(42.614108,9.717210)
(3.449813,17.020051)
(39.464872,11.749933)
(43.471309,20.765622)
(4.485094,17.026324)
(46.096262,12.831897)
(54.025811,1.888914)
(38.024557,51.444701)
(8.360426,49.922548)
(37.249655,37.599732)
(21.145168,16.417912)
(60.170030,55.352046)
(27.180879,51.308427)
(25.550131,23.513687)
(34.009555,16.962763)
(53.675281,34.292513)
(21.808334,44.817989)
(11.467525,56.234477)
(52.347397,53.921619)
(20.972395,28.147425)
(11.326392,19.183294)
(28.342287,10.276076)
(11.812815,10.859813)
(18.685495,25.173992)
(4.636525,17.496247)
(15.350965,35.786654)
(8.839584,8.539601)
(3.583295,0.354982)
(10.692801,35.539837)
(49.338535,46.160295)
(10.310787,1.623347)
(30.522230,26.254421)
(26.702597,45.203744)
(0.188004,31.493575)
(32.984019,37.417458)
(22.078415,54.201318)
(8.986360,20.375155)
(53.841832,54.862349)
(51.910162,4.426357)
(20.450493,23.679281)
(45.516071,46.539956)
(10.582485,25.596288)
(20.359073,38.278337)
(41.143139,13.720737)
(15.302764,33.814437)
(33.226024,15.573329)
(9.583176,43.627066)
(39.212123,30.953062)
(6.213205,40.739367)
(6.459878,42.062268)
(35.091639,45.361712)
(34.933644,56.353649)
(54.766323,30.707364)
(48.584019,45.854227)
(43.072598,23.251213)
(31.550331,34.437861)
(27.655574,2.281913)
(48.197703,8.355567)
(17.470719,40.115663)
(8.725508,26.380656)
(26.362285,64.115751)
(14.139332,45.030051)
(22.453104,35.685317)
(11.486475,2.198672)
(25.293181,6.388748)
(14.963634,14.640937)
(40.356449,32.007725)
(40.387832,17.516716)
(29.226947,55.779383)
(23.674060,55.593709)
(21.671022,51.898766)
(18.102980,4.154932)
(42.552251,47.277463)
(10.826985,55.486438)
(61.831738,14.930512)
(49.059580,6.147734)
(7.802271,17.752314)
(13.945271,52.151666)
(4.835778,7.822273)
(32.635278,33.927072)
(23.129663,33.244663)
(10.827748,35.483264)
(11.202901,19.767193)
(22.671185,13.414929)
(28.453045,42.678553)
(27.272531,18.187300)
(30.945187,10.610712)
(10.320290,19.191441)
(38.308238,0.448662)
(35.276166,50.980997)
(15.950031,22.033191)
(3.891699,31.153693)
(0.143424,51.521806)
(16.457032,46.542497)
(34.705906,42.210310)
(26.170269,51.248332)
(57.487869,9.508797)
(49.114625,8.133813)
(27.875555,22.335122)
(45.786643,50.808066)
(46.153700,49.379497)
(48.073788,18.950300)
(30.502495,35.443340)
(18.651848,23.260033)
(21.845673,34.089061)
(16.510967,13.123798)
(3.377501,16.965013)
(49.345153,48.273017)
(32.033878,45.918312)
(14.720617,34.700260)
(39.560411,34.329022)
(43.310421,42.888355)
(12.114750,10.003788)
(39.333420,4.627634)
(54.872864,38.091338)
(40.109779,36.699515)
(17.063755,28.205431)
(54.345460,40.619631)
(32.992628,35.456466)
(0.470757,60.068915)
(12.900424,42.533849)
(1.906562,44.266161)
(45.684503,61.480647)
(27.873736,16.013468)
(24.418782,0.895087)
(41.122571,45.950501)
(58.585107,11.118633)
(24.050482,38.982740)
(2.437936,25.970773)
(33.094388,52.123158)
(17.666513,47.644769)
(48.110374,51.185257)
(32.333482,35.336961)
(22.474389,26.336785)
(10.633125,47.816573)
(13.567635,3.050984)
(27.211735,45.903366)
(25.861679,10.282867)
(21.019300,4.524003)
(29.154006,40.547478)
(4.908857,13.273568)
(28.123746,54.918175)
(39.699512,6.582082)
(3.912656,9.962727)
(33.479504,11.023816)
(9.379626,15.074218)
(62.128709,41.119044)
(32.188609,40.941018)
(52.769734,25.726580)
(41.414028,30.247133)
(13.644807,25.300767)
(13.507424,21.007725)
(28.498484,9.813208)
(35.818859,4.547313)
(1.831284,39.292994)
(49.005412,33.632891)
(21.402345,60.880370)
(19.959642,20.298249)
(21.192527,45.899931)
(21.686237,8.986888)
(2.717177,12.669990)
(14.469135,50.098156)
(49.517053,48.326932)
(31.125408,41.938387)
(50.888093,18.177998)
(40.346366,14.276934)
(2.812686,5.957575)
(6.392068,14.931402)
(48.483651,47.729342)
(47.373889,0.186246)
(26.230738,50.738202)
(26.390742,27.296913)
(4.845426,46.952343)
(44.800300,36.099353)
(24.968667,2.466135)
(15.825934,0.119759)
(40.626707,32.803242)
(49.036103,44.223199)
(55.586931,1.834291)
(48.333751,17.212007)
(52.894911,34.826582)
(33.662478,24.329064)
(38.945750,19.203422)
(2.619825,31.343792)
(1.770399,42.824050)
(47.345867,29.591870)
(4.240974,6.923955)
(51.435887,38.394765)
(10.257600,44.550346)
(36.956583,8.207219)
(9.840380,6.248931)
(25.137531,24.585555)
(58.509197,17.221827)
(32.279863,2.930153)
(13.249020,32.982346)
(3.085544,49.195246)
(19.419171,49.118280)
(24.288424,33.940114)
(26.724836,58.134620)
(17.672812,15.523172)
(56.885185,13.613735)
(22.961989,7.834231)
(33.181214,54.209303)
(17.848275,18.982823)
(50.903094,22.321567)
(39.597356,14.212706)
(20.889082,35.076546)
(0.266982,35.512803)
(29.452932,27.209808)
(48.065303,18.578238)
(6.570907,19.938871)
(47.879133,31.115682)
(31.226210,15.228308)
(35.087464,50.519169)
(24.568878,44.108846)
(11.705548,23.079772)
(29.307235,8.805894)
(42.269359,21.598511)
(36.526858,25.100680)
(17.484933,33.141664)
(21.232763,47.560171)
(2.941495,48.969330)
(12.806313,36.762161)
(43.388223,12.674928)
(10.720956,13.415832)
(56.003968,14.711110)
(36.653685,34.902261)
(10.567326,9.861296)
(19.867475,27.839520)
(27.522748,1.644609)
(22.819494,42.580224)
(21.005252,12.644338)
(0.468273,21.260051)
(36.942648,47.695274)
(9.906692,32.789637)
(54.699839,39.917085)
(25.185255,21.726605)
(51.040119,31.944561)
(43.761492,22.872057)
(18.343704,29.206973)
(9.112224,2.323572)
(11.437371,52.470747)
(13.166875,24.415274)
(47.587734,39.100182)
(34.258695,2.619046)
(41.143433,42.457970)
(28.154202,8.837572)
(20.948081,34.365625)
(51.133176,33.763299)
(8.674939,17.413828)
(52.298810,9.379237)
(30.613787,15.347063)
(62.483832,13.617569)
(10.575984,63.226457)
(45.637455,61.230336)
(36.580493,9.139486)
(46.314355,15.281886)
(43.937005,46.773684)
(22.980938,23.796594)
(41.446295,53.167331)
(55.620918,25.910710)
(0.155818,5.318395)
(46.665053,32.247082)
(4.179541,10.028991)
(7.253823,34.151933)
(49.615200,23.882233)
(6.955829,55.038350)
(1.082901,1.226584)
(6.883467,55.289294)
(43.328605,23.952278)
(17.682432,48.317198)
(50.465707,23.041756)
(49.358445,40.013862)
(51.130478,47.565924)
(50.571552,31.483248)
(11.471341,15.656021)
(34.540269,46.988662)
(30.625079,17.069585)
(42.267749,36.795034)
(40.526847,28.992464)
(42.769184,39.894233)
(47.902152,19.081561)
(3.761184,23.900737)
(32.417403,53.947820)
(21.705324,36.120566)
(25.856594,48.405371)
(21.543823,39.226198)
(12.613302,9.886984)
(16.370228,14.899345)
(41.201644,45.751368)
(40.863131,44.006640)
(19.206131,52.184129)
(37.208354,16.850079)
(17.354308,1.145684)
(48.443257,22.886736)
(32.408879,59.273614)
(3.980608,60.337360)
(24.409841,5.227153)
(20.462436,13.070729)
(9.899406,45.377246)
(42.357536,15.820646)
(1.548966,38.462200)
(54.142734,24.535982)
(23.808042,0.906933)
(37.370396,6.311802)
(27.430077,4.859015)
(1.594654,47.090440)
(38.510629,23.991236)
(28.758959,40.883383)
(8.774169,5.605214)
(21.087136,18.120963)
(26.156449,46.359703)
(13.045917,32.053936)
(10.255763,7.008724)
(52.872953,47.396470)
(6.457927,30.178984)
(25.651588,13.343491)
(0.318106,48.266834)
(21.898401,61.443581)
(33.069996,2.012966)
(35.147428,41.764589)
(21.332560,20.715916)
(15.796677,47.594580)
(8.621820,24.051011)
(50.835557,5.356053)
(37.417566,50.797168)
(8.040667,13.554396)
(13.405579,22.189075)
(25.033473,34.653701)
(24.355447,50.423902)
(42.570128,34.579823)
(35.395581,31.108536)
(14.354955,38.215700)
(2.278538,14.293259)
(11.187343,9.601004)
(44.366150,13.282403)
(42.872661,60.276968)
(50.061632,25.497320)
(14.382572,2.487396)
(34.039038,51.346798)
(8.378616,10.679766)
(33.488494,3.285677)
(46.490592,5.353850)
(19.311758,50.090793)
(26.243595,38.121434)
(35.064010,29.729816)
(15.520418,14.288124)
(1.178219,7.534471)
(21.143770,37.376912)
(13.001370,4.935595)
(26.926732,21.750142)
(45.921302,4.250494)
(37.210022,51.172744)
(32.070089,36.914402)
(12.101287,9.135435)
(10.044459,51.319314)
(42.950851,50.306339)
(0.200080,39.492114)
(18.462864,34.559627)
(26.404942,9.898850)
(31.517860,35.802457)
(40.826654,4.305602)
(29.214435,13.987573)
(50.341363,36.708026)
(24.343529,33.131662)
(50.266793,16.979783)
(11.893662,45.233313)
(39.688892,5.090691)
(29.799421,7.763086)
(51.597019,40.666209)
(35.206699,56.909802)
(1.598118,25.090626)
(0.627381,5.903661)
(20.070371,22.163298)
(51.153786,53.792811)
(53.439944,41.450198)
(31.247622,43.201916)
(23.418931,8.570012)
(45.117903,16.315737)
(42.409243,1.554224)
(39.705530,7.959952)
(12.327016,41.070152)
(28.647028,4.990169)
(16.312752,17.888253)
(7.472932,29.887909)
(52.296949,51.967445)
(26.151566,49.551410)
(43.065157,47.992183)
(37.112824,40.393393)
(56.747277,10.365388)
(1.292133,21.090489)
(10.187236,45.307765)
(33.720412,54.828310)
(42.496490,33.875113)
(27.034353,15.610003)
(47.145266,34.561735)
(46.758457,20.661237)
(19.160256,43.058527)
(9.284548,7.040077)
(3.437162,48.294922)
(47.039542,41.825482)
(24.524682,39.922332)
(4.533038,21.151570)
(37.878656,27.043217)
(56.267408,25.092434)
(47.590981,30.211789)
(9.720864,3.062399)
(26.130976,29.078921)
(49.124042,48.985832)
(19.494875,47.917642)
(49.974546,2.036487)
(0.470353,5.496440)
(22.956568,29.882060)
(6.024307,53.206336)
(8.957488,5.288746)
(57.557820,18.197346)
(55.645582,24.144424)
(2.885332,17.172600)
(23.611688,1.486416)
(1.936619,7.878460)
(49.286517,37.775164)
(24.203384,50.150204)
(40.184322,44.065414)
(19.505365,42.133438)
(33.876259,26.243759)
(26.571180,18.786963)
(34.118642,48.688751)
(50.133726,45.426926)
(9.047188,16.957099)
(1.070413,0.850813)
(16.143926,20.860031)
(28.465524,39.402028)
(26.442089,3.830598)
(23.161995,23.581489)
(51.176451,48.880605)
(39.803778,42.287548)
(56.276897,23.044869)
(57.495785,28.924703)
(45.399676,20.080484)
(1.590106,31.589085)
(56.780050,14.046932)
(7.019448,46.062882)
(41.923406,47.585927)
(48.307909,42.187795)
(54.123395,59.409374)
(59.245199,9.916565)
(28.998080,46.405462)
(53.831255,19.961378)
(53.266570,28.073862)
(5.280141,8.336215)
(8.074999,19.962534)
(34.351310,49.065215)
(25.003142,19.979085)
(46.598387,2.238663)
(10.351681,49.340999)
(14.560930,8.384655)
(46.807753,51.209783)
(34.036285,21.678078)
(49.408763,49.211400)
(20.645168,47.149669)
(44.616687,53.483324)
(30.725312,9.272458)
(35.931270,30.744543)
(43.897626,3.936302)
(14.907335,26.862496)
(44.205431,22.361437)
(54.537457,48.368895)
(10.426631,42.261487)
(5.358144,50.290252)
(22.021144,17.395875)
(12.319661,44.591613)
(26.636766,18.890087)
(49.385466,31.170765)
(19.769576,46.504037)
(40.109829,42.407776)
(32.804350,34.336230)
(3.099770,23.302491)
(40.938256,44.788521)
(49.804042,21.949925)
(19.620631,14.786283)
(5.319193,46.218246)
(49.025311,51.393294)
(13.794300,21.874622)
(53.042041,43.354920)
(45.068528,48.323417)
(18.085304,3.480023)
(22.404095,14.517804)
(28.521727,24.763575)
(16.935513,44.073505)
(34.322014,34.710229)
(37.847742,33.464834)
(34.290198,20.304439)
(14.255382,51.771851)
(26.277334,27.177524)
(21.422559,3.098898)
(39.499375,39.377581)
(44.910845,29.888081)
(35.138674,9.670786)
(40.542161,38.831927)
(25.690000,39.241012)
(36.696376,28.374999)
(19.034280,28.224090)
(43.647067,60.706802)
(7.925317,43.159907)
(56.404588,30.112175)
(26.501855,20.171452)
(22.448547,60.504987)
(15.895337,20.931201)
(1.678498,13.108377)
(14.314443,17.922301)
(24.071184,18.071935)
(28.424759,34.891600)
(28.542074,43.079368)
(15.930402,26.784424)
(53.844531,21.085519)
(49.225501,50.833822)
(2.339326,15.469309)
(31.375020,46.024474)
(47.174099,37.808670)
(49.219454,30.690970)
(51.643711,57.180176)
(61.189427,42.465764)
(17.871588,52.034517)
(38.016864,32.340898)
(38.123590,19.226481)
(17.905851,34.619808)
(30.687489,7.458000)
(54.778124,4.514744)
(9.822672,58.161578)
(6.616959,16.188430)
(40.916244,47.588110)
(34.020686,20.235945)
(53.388993,42.462380)
(61.298978,59.384889)
(2.066069,30.917095)
(24.917515,27.577504)
(27.498622,2.262798)
(25.443049,44.530333)
(4.982537,31.937102)
(46.943969,40.886963)
(26.803308,22.813824)
(25.325230,7.618782)
(29.755758,5.668396)
(13.575685,37.628050)
(44.869694,33.461329)
(22.760727,38.716523)
(48.360508,3.082745)
(56.053142,52.687276)
(12.613494,5.314050)
(9.518862,23.517107)
(32.532675,56.140824)
(8.910187,27.318646)
(36.921700,44.154944)
(41.756209,38.030099)
(26.094193,52.065195)
(36.315961,9.936826)
(18.581391,11.853387)
(36.402474,33.747573)
(10.293736,16.835191)
(20.903548,11.896125)
(54.168653,34.811414)
(18.713660,40.475475)
(6.936957,3.227310)
(25.187956,34.939959)
(40.008178,50.842373)
(52.016300,44.594075)
(7.664433,39.589465)
(25.100349,10.092101)
(22.478621,25.444510)
(21.511167,30.582963)
(51.128662,51.854517)
(7.371480,12.590131)
(14.403941,16.063615)
(4.597180,7.591749)
(44.532740,32.663721)
(47.801401,50.053835)
(14.427587,13.100815)
(14.946390,38.469982)
(33.133180,11.870440)
(23.688800,22.389338)
(52.520209,48.223293)
(5.982073,14.990509)
(30.641013,37.150661)
(42.921380,4.856211)
(16.759643,52.655637)
(19.006081,1.658398)
(36.638835,26.684673)
(18.071962,36.777650)
(9.284918,60.596816)
(25.959648,23.764308)
(8.035055,2.095968)
(25.086068,2.999044)
(18.001375,37.579820)
(40.247749,41.384501)
(35.115931,54.777659)
(16.773466,28.133505)
(19.983284,42.873446)
(22.100608,12.809955)
(6.291253,42.042823)
(44.843876,59.774202)
(33.645151,24.198917)
(5.400635,53.350966)
(50.760584,43.833059)
(45.205233,38.826676)
(54.949466,2.537536)
(42.284508,44.031659)
(55.001235,1.569957)
(20.523985,0.331553)
(39.667070,2.927007)
(0.325100,54.846712)
(2.285617,10.200023)
(0.572663,6.153499)
(49.792610,6.306606)
(24.691182,55.949549)
(17.719348,35.318725)
(17.639285,8.521970)
(28.849908,18.693851)
(0.575233,30.896081)
(8.831298,48.632399)
(23.813297,41.055651)
(14.326693,18.744460)
(21.627027,18.760958)
(26.993197,4.268292)
(11.261330,38.016336)
(45.413702,21.171944)
(5.203966,25.236607)
(40.960296,1.883992)
(12.275077,34.027296)
(2.872498,25.529999)
(31.843710,20.698631)
(16.439035,50.218871)
(47.435705,19.863390)
(29.310988,11.899294)
(1.333957,4.098707)
(38.632167,42.321406)
(10.658304,26.420006)
(5.327116,6.936744)
(10.907235,60.525838)
(24.062449,42.410298)
(48.989532,50.271663)
(24.503309,18.553746)
(44.772147,49.326814)
(39.352679,5.782485)
(3.371872,32.659487)
(23.676438,39.708480)
(24.985603,45.661064)
(15.884273,6.039613)
(23.189454,13.348363)
(42.310466,32.267605)
(38.433462,39.303274)
(48.973016,33.334448)
(30.385322,30.845860)
(20.545365,52.657574)
(18.425889,11.440474)
(55.879108,9.474952)
(0.006744,15.833561)
(53.600075,60.275685)
(16.691314,29.999456)
(20.112752,10.809049)
(39.689650,45.953344)
(37.875158,20.004113)
(15.183571,8.473451)
(11.053659,53.098175)
(6.893352,24.301347)
(37.478211,26.979690)
(34.361469,26.351109)
(46.062897,15.373513)
(49.717870,37.970609)
(7.304580,37.880174)
(51.816707,24.392382)
(42.157698,19.604214)
(24.993167,21.003635)
(8.176928,56.784987)
(48.293535,1.339451)
(40.332687,42.932400)
(47.373780,0.492183)
(35.418595,29.399069)
(30.973195,44.390020)
(22.684764,16.357085)
(4.401801,50.289197)
(48.569783,46.005681)
(36.966338,9.802069)
(2.953513,54.208421)
(9.308573,0.687956)
(22.857572,31.339452)
(50.926343,41.745457)
(31.624337,7.600318)
(48.893739,22.018725)
(49.048719,8.985381)
(24.953149,27.849683)
(11.937118,30.325075)
(4.165694,44.818011)
(13.636620,3.634830)
(44.327357,1.040731)
(37.377807,42.566206)
(30.068671,21.826952)
(53.309530,3.568873)
(3.316928,49.456300)
(13.155274,51.033661)
(9.718164,27.186778)
(35.152872,13.853063)
(15.614656,11.174829)
(22.552268,11.945522)
(12.997257,41.650213)
(17.337436,21.419967)
(44.476539,40.795846)
(43.372050,47.313802)
(36.333023,16.557072)
(44.641115,20.604303)
(27.908600,11.254078)
(20.224035,16.957543)
(26.406433,20.530352)
(39.401119,48.688336)
(20.295439,26.246837)
(12.268410,37.131397)
(36.304367,31.210044)
(0.267696,56.953480)
(26.753995,39.458445)
(6.754863,55.563594)
(15.397407,18.218814)
(28.122008,33.992560)
(7.418265,16.725063)
(4.728808,17.682932)
(2.081067,43.227488)
(15.833156,34.052283)
(8.459323,41.934468)
(30.932457,52.563235)
(38.269550,1.372384)
(21.197360,31.028126)
(16.897373,40.287459)
(42.980678,8.633005)
(7.842589,4.045195)
(25.822879,5.980602)
(55.504077,3.505304)
(34.350478,5.018524)
(10.773849,37.745338)
(42.230866,50.218862)
(20.578163,39.661421)
(8.686182,28.313664)
(4.538200,14.845389)
(22.602190,39.569624)
(45.236310,30.558299)
(45.452287,6.971094)
(13.111111,1.028981)
(7.668659,8.484153)
(30.191426,50.865703)
(0.482505,44.771844)
(4.236273,42.321422)
(41.393054,51.442450)
(39.598921,3.030313)
(18.952620,43.384669)
(3.177473,50.997665)
(51.943495,13.550742)
(39.155128,2.851594)
(2.035216,3.908244)
(4.886638,27.947894)
(4.194271,5.938884)
(12.611698,16.663558)
(7.249922,3.622953)
(1.395900,19.690610)
(31.540082,44.844854)
(13.434512,56.659837)
(49.995594,28.760592)
(43.244979,51.065967)
(1.361843,51.466752)
(56.681441,19.284259)
(13.124300,35.238819)
(22.559512,8.447450)
(54.338498,4.520772)
(26.939622,32.792049)
(50.073514,42.966878)
(38.078676,16.548589)
(12.143694,31.684880)
(41.096146,24.354129)
(34.519880,31.801959)
(48.306687,2.431408)
(30.152936,20.445684)
(5.524812,1.995648)
(47.423040,48.215470)
(43.191276,12.646079)
(53.725444,16.104966)
(15.144026,35.689500)
(0.939257,36.654414)
(44.235229,44.873609)
(54.391857,2.703811)
(53.118255,4.835013)
(6.062882,36.065509)
(17.571810,24.980593)
(19.055756,9.838393)
(23.044788,9.803477)
(39.047221,31.808243)
(55.244255,48.676714)
(7.652631,52.435470)
(25.010301,39.043961)
(23.907844,36.450604)
(1.548495,36.385627)
(13.874401,45.709205)
(46.051583,50.329694)
(9.277872,37.304360)
(1.550766,9.665710)
(27.922419,37.523743)
(16.454479,36.317616)
(18.257272,23.718045)
(22.815024,41.167224)
(5.389647,13.180363)
(16.752275,23.044101)
(48.696206,15.824325)
(27.749984,27.391387)
(51.379683,14.511659)
(37.767006,7.131899)
(13.224429,55.078128)
(9.961166,33.353434)
(7.779932,1.996156)
(3.930688,42.118369)
(43.477802,51.168567)
(13.190583,54.571140)
(50.349066,17.650418)
(0.606036,50.930193)
(27.819799,42.889352)
(20.024773,39.403486)
(44.567401,37.122990)
(46.961371,2.469620)
(2.640694,17.220770)
(13.983050,19.950271)
(0.732867,30.600427)
(10.619055,27.175937)
(18.691870,34.430362)
(29.753265,1.172564)
(10.773549,47.867311)
(44.564857,3.639672)
(0.623643,14.422202)
(56.183357,38.812411)
(11.246685,48.535062)
(31.461451,46.465399)
(33.482252,59.756073)
(55.692675,26.435859)
(40.195084,21.375419)
(47.454308,32.726096)
(6.428185,38.532983)
(13.233231,5.411532)
(32.577587,42.883489)
(42.016817,30.771012)
(4.992796,44.672375)
(38.655703,16.371547)
(28.785845,5.042344)
(43.612933,8.033043)
(29.984172,3.406951)
(50.130582,17.687765)
(25.390768,20.817817)
(6.636517,0.519083)
(22.140720,46.573352)
(25.279628,34.062087)
(10.615134,26.914022)
(27.018686,54.444528)
(46.499274,42.674421)
(46.863981,5.601984)
(24.098532,60.788566)
(48.471607,34.412601)
(5.184988,12.871804)
(1.745991,53.676148)
(34.774865,11.913034)
(33.834857,0.158448)
(49.805632,26.624724)
(23.848761,2.390765)
(52.053729,35.393742)
(34.081700,35.908676)
(26.013807,28.161705)
(9.696567,18.968828)
(31.751139,48.702604)
(0.541044,12.851826)
(37.426970,18.678331)
(32.707923,45.169036)
(54.641174,22.894924)
(27.994217,18.776842)
(23.633405,7.922466)
(24.307667,2.490224)
(15.718577,19.100237)
(18.378636,10.326271)
(29.728183,20.224554)
(44.264395,9.679220)
(12.212695,54.255956)
(37.738091,28.279933)
(3.208837,25.681768)
(38.967017,37.039534)
(45.290635,9.178257)
(33.541250,6.458892)
(2.909812,30.435849)
(44.059061,41.068713)
(54.003008,31.637646)
(28.407672,41.197834)
(24.965425,35.627572)
(46.606781,63.766096)
(15.407477,44.600109)
(53.327159,11.749895)
(3.307923,16.091333)
(13.250775,32.805836)
(53.547517,3.469181)
(17.629614,36.919539)
(46.744381,6.069205)
(25.169606,50.191399)
(28.660600,43.242858)
(25.478149,51.173885)
(25.984570,11.547946)
(8.520373,21.911488)
(51.186534,56.606002)
(2.704735,51.881378)
(60.969338,53.130829)
(23.537184,29.021415)
(26.367941,55.298381)
(5.265022,6.784348)
(39.624660,29.033995)
(5.830806,56.703626)
(49.115797,22.719208)
(35.871289,17.360264)
(52.238342,48.922964)
(32.795005,30.897299)
(42.451697,23.218666)
(25.262020,19.948866)
(2.238496,31.831193)
(36.721033,16.568097)
(23.319999,12.310952)
(36.510159,44.078730)
(19.833846,16.729530)
(27.556822,1.341930)
(45.385386,50.759354)
(13.011713,58.199726)
(35.653959,9.413819)
(36.026722,43.161316)
(32.718269,34.578198)
(12.024312,49.532421)
(47.108659,19.647901)
(47.148494,18.506784)
(7.956546,27.214507)
(49.415397,37.239710)
(13.659504,31.233393)
(48.997877,14.098529)
(15.404625,36.433875)
(7.620382,12.665563)
(22.519741,37.723731)
(39.902364,14.503706)
(8.388298,48.458093)
(62.542816,13.117292)
(22.007664,10.631554)
(46.328334,44.004797)
(53.176119,55.456132)
(38.360268,38.412953)
(35.007819,21.511212)
(4.310386,13.818053)
(11.594707,7.963579)
(53.064899,38.293624)
(14.008806,22.343932)
(11.273874,4.007748)
(38.989087,20.013122)
(20.922246,7.717753)
(26.940194,29.118736)
(4.820948,39.590227)
(42.181148,28.773725)
(38.904752,42.887173)
(7.657576,16.398237)
(24.815122,14.622247)
(5.171734,7.247793)
(5.915296,51.826906)
(48.049594,28.432460)
(39.282121,46.649066)
(48.177798,0.013862)
(42.249133,39.356172)
(26.962710,14.252581)
(5.898215,46.553430)
(26.632812,5.180128)
(33.956349,25.605744)
(15.657825,12.445550)
(52.940569,58.317687)
(2.718850,11.116688)
(13.495978,46.084074)
(12.112930,10.219767)
(28.079969,34.955367)
(15.988093,28.813264)
(42.518737,19.222354)
(35.325831,50.341316)
(9.163066,12.898960)
(54.716308,36.289319)
(27.625754,7.799237)
(14.461822,31.140713)
(4.153762,58.660353)
(15.953934,36.295063)
(38.849968,47.822720)
(19.916967,51.098297)
(45.981379,48.395596)
(25.961846,14.676123)
(10.227808,5.495989)
(12.995803,21.829010)
(38.781626,51.286488)
(46.606691,2.377763)
(36.384577,22.118649)
(48.298865,48.057099)
(33.686338,50.356620)
(37.406074,4.737962)
(51.118618,40.624140)
(12.254706,56.910255)
(4.412649,40.113931)
(21.029242,29.439234)
(46.454284,30.421811)
(48.568105,19.457726)
(44.678901,8.749290)
(58.183476,4.086111)
(31.710039,34.270847)
(36.566800,18.680393)
(48.990420,52.403436)
(23.312325,20.489709)
(41.106759,31.799214)
(38.467728,49.325592)
(6.905387,55.735512)
(25.423047,24.387216)
(22.678583,40.698741)
(1.829373,15.235590)
(40.917026,55.373780)
(40.296918,18.991987)
(9.230782,22.233654)
(9.707750,18.225034)
(21.043679,61.586640)
(29.161425,5.901746)
(22.157320,47.171670)
(17.257436,31.857559)
(39.520584,29.344793)
(2.728453,29.725420)
(59.860729,15.472315)
(16.614474,14.205051)
(49.066683,23.029908)
(5.590153,19.645721)
(53.279915,31.417336)
(30.675216,29.556258)
(27.184595,50.184764)
(22.197569,12.996808)
(0.385920,30.590364)
(2.781204,33.885214)
(32.346525,38.785686)
(31.923412,36.654073)
(6.973983,42.959903)
(7.796129,37.552979)
(14.056307,29.889613)
(8.481331,41.307748)
(52.135796,34.390202)
(22.563840,35.171133)
(2.305019,16.237419)
(26.673604,25.516799)
(29.133829,5.563715)
(31.187925,50.427872)
(22.668070,45.359958)
(55.802586,52.446875)
(39.525023,17.019033)
(24.138973,30.638141)
(53.270236,20.294303)
(51.696262,36.637801)
(6.830199,12.254944)
(13.138284,5.180375)
(0.746419,15.190620)
(7.367014,25.155247)
(38.315117,25.368107)
(27.585110,5.266282)
(31.276571,29.705080)
(23.854066,1.851900)
(24.754667,19.845042)
(44.329475,8.295806)
(13.257952,26.574433)
(0.663085,19.555557)
(11.857309,15.291772)
(8.177197,34.877622)
(3.807934,58.200152)
(35.580341,16.245303)
(23.627822,14.338707)
(2.139322,22.478440)
(32.574707,32.860794)
(12.605327,15.532027)
(3.802268,9.161487)
(44.090888,20.087276)
(28.567902,11.473552)
(10.890266,39.156065)
(25.337933,43.611739)
(19.936010,13.016950)
(44.065860,10.206432)
(2.784901,15.526621)
(7.233547,3.477742)
(48.717797,19.336706)
(49.254119,18.339168)
(59.359895,50.994779)
(56.745638,24.933795)
(11.440356,14.516381)
(57.588923,8.320228)
(33.622046,17.700123)
(59.939183,30.611596)
(10.553820,48.855730)
(9.295827,16.727183)
(23.622343,25.523607)
(19.188865,46.249615)
(13.538275,18.366075)
(29.505266,34.246023)
(24.620703,49.480412)
(29.536906,41.732045)
(48.980259,2.586596)
(10.217837,53.685747)
(11.493428,3.578182)
(26.946495,27.160467)
(39.394589,34.378534)
(17.185953,6.790266)
(18.386605,41.166693)
(28.907786,37.243042)
(33.167401,46.488011)
(38.511893,4.517323)
(28.252786,31.064586)
(23.615625,6.387732)
(35.660467,23.340144)
(42.634139,29.731118)
(32.457235,1.980057)
(10.910251,17.132287)
(23.466000,21.360305)
(51.157597,0.173553)
(27.331150,26.753849)
(29.036590,5.161746)
(57.408390,11.197109)
(18.607448,35.850756)
(29.859095,12.756634)
(45.248611,34.584612)
(41.976837,17.452837)
(38.019554,38.598362)
(43.222894,22.843469)
(26.394824,53.332969)
(3.506445,17.807088)
(38.312275,46.677305)
(38.769620,2.457232)
(24.059940,28.246599)
(39.684805,32.193425)
(16.217917,49.894297)
(47.845631,19.301528)
(39.143447,12.853826)
(35.579974,27.712166)
(7.494132,22.927400)
(21.554682,46.900814)
(4.141090,39.835593)
(54.821837,22.286599)
(33.026424,26.995556)
(35.597945,53.168190)
(24.247358,12.520993)
(19.425964,48.654316)
(33.824057,38.808685)
(2.310068,50.795591)
(17.608217,8.170650)
(40.924821,31.132194)
(25.231300,58.646029)
(41.124008,40.881888)
(19.307445,13.522892)
(41.187832,37.104890)
(12.476195,51.520393)
(45.264681,4.165847)
(2.375908,44.982817)
(55.400224,25.273848)
(17.275522,8.085499)
(27.061946,41.678933)
(59.985236,35.032133)
(52.598967,54.764014)
(20.687182,22.734234)
(10.630360,31.637625)
(34.526832,28.174471)
(23.913580,42.491585)
(3.369939,62.148173)
(57.215587,26.089765)
(54.594236,24.333613)
(48.612613,31.151005)
(28.712427,39.923766)
(6.143653,45.049072)
(21.487520,31.160148)
(1.132442,27.934952)
(41.051538,22.181441)
(0.753232,42.854450)
(0.132837,14.588235)
(18.333225,25.129657)
(17.696085,21.660604)
(36.868162,6.922023)
(36.442626,15.358868)
(32.934101,17.158212)
(46.789747,15.053317)
(9.516565,19.224758)
(44.918247,38.874890)
(1.920896,1.774878)
(29.573544,0.613682)
(26.355962,19.347107)
(4.864842,28.315239)
(28.228686,35.342385)
(5.234449,5.549414)
(41.445307,47.431149)
(10.734603,30.488289)
(2.938214,12.746979)
(26.358117,33.070407)
(41.149302,7.965903)
(1.926730,29.452885)
(10.005695,7.581570)
(41.530970,35.740846)
(36.501206,47.770618)
(27.635904,57.484439)
(40.312483,25.108454)
(18.190043,44.912930)
(26.110094,35.377816)
(23.951879,19.970487)
(55.322711,52.688582)
(0.294203,45.189402)
(13.561468,21.052235)
(26.622513,39.832068)
(42.333939,19.932706)
(63.559576,20.800290)
(22.601148,20.610619)
(35.975167,39.245806)
(2.915551,38.594623)
(0.654061,22.540636)
(53.318442,32.456409)
(22.069007,40.856530)
(5.295487,11.291883)
(17.235628,8.272913)
(19.426027,9.263284)
(64.303278,4.149687)
(28.856027,10.408644)
(17.444099,33.115494)
(36.798228,6.128342)
(42.350560,39.598869)
(40.041030,49.472157)
(6.468839,59.773962)
(33.500886,41.897896)
(13.400240,58.050308)
(9.156276,13.713743)
(37.471987,39.137956)
(43.749108,48.984118)
(5.199168,32.709968)
(31.204717,27.545565)
(47.054022,2.911999)
(7.336025,49.200040)
(38.696640,1.652717)
(47.886130,21.271309)
(14.940613,49.050010)
(55.962055,10.282309)
(57.567388,41.795167)
(57.679982,5.697873)
(9.303410,17.636202)
(6.218353,33.696764)
(43.227046,48.353818)
(29.537974,47.842706)
(15.422413,37.828060)
(13.084475,10.868970)
(14.571673,1.409787)
(22.896476,39.318285)
(25.426801,26.339939)
(34.261859,22.269965)
(3.105906,35.407038)
(32.353380,53.214320)
(26.713579,34.449337)
(35.826484,41.459782)
(5.136828,47.153310)
(49.955294,30.061785)
(37.010000,2.820901)
(27.863840,44.144603)
(41.613387,28.010801)
(21.045312,36.839061)
(40.584216,35.754964)
(29.156656,61.818132)
(50.822897,32.551423)
(25.170183,36.885004)
(43.954366,23.518858)
(11.059897,58.307165)
(32.980455,45.115186)
(17.207478,17.994819)
(47.616985,36.275827)
(4.170326,9.460532)
(43.271670,7.674608)
(33.272994,33.274295)
(7.728834,29.387088)
(21.980300,28.656184)
(52.619453,32.738401)
(57.669824,58.673426)
(25.149363,19.687710)
(54.649556,36.072785)
(38.761866,16.853574)
(4.001739,34.017714)
(54.641855,52.236683)
(9.899961,30.006004)
(31.459183,42.374816)
(0.107558,20.615666)
(58.544737,42.977563)
(18.793113,24.652322)
(21.320335,53.171979)
(43.409207,31.429769)
(34.140597,3.334281)
(36.074902,7.674791)
(36.458271,34.980420)
(39.935574,39.892087)
(3.506310,18.783088)
(31.353910,37.683894)
(21.070577,46.587638)
(28.122557,32.554638)
(37.648655,48.026282)
(23.565274,29.361705)
(30.678156,12.301964)
(44.414729,3.585864)
(35.198764,33.203675)
(30.207414,31.326744)
(38.551125,40.650670)
(14.390021,11.607503)
(6.109374,36.612814)
(22.932422,46.428052)
(25.491867,29.250227)
(12.496395,16.720575)
(11.112619,39.842869)
(23.187551,41.303280)
(0.577481,22.285721)
(31.330655,49.783019)
(34.846868,29.767529)
(10.042772,33.173360)
(41.401135,0.456768)
(41.452766,13.214101)
(21.414459,16.007322)
(10.766592,60.847643)
(30.082024,24.188284)
(2.419148,16.259600)
(60.912520,11.432781)
(21.638132,0.115153)
(53.665703,3.026706)
(35.202552,6.935146)
(23.353709,33.067797)
(45.869572,29.339532)
(37.187302,39.298827)
(52.668199,19.266858)
(12.401604,8.075270)
(55.856451,32.561272)
(53.538631,45.174546)
(30.056956,11.923768)
(14.358024,11.210443)
(20.239355,34.170212)
(20.489536,12.832074)
(7.912251,20.612566)
(49.063329,29.388423)
(26.270132,45.372554)
(52.297327,27.259226)
(0.880291,36.562216)
(13.370609,29.677951)
(45.805591,52.352014)
(6.107350,58.451455)
(44.406163,28.571770)
(35.587442,24.907764)
(27.820311,31.051174)
(17.482407,20.353615)
(5.588237,23.001539)
(36.596931,24.536344)
(24.675895,53.428143)
(36.428524,41.216001)
(21.935659,43.526407)
(41.863544,25.210158)
(7.971945,51.637568)
(34.989924,58.661890)
(56.067486,9.513977)
(30.441853,3.710788)
(55.203126,60.439863)
(0.644489,13.761590)
(29.076145,44.921513)
(42.737550,43.793899)
(23.372954,7.601926)
(35.481827,18.432410)
(28.894949,36.910009)
(52.708903,32.951466)
(1.986339,18.749291)
(46.427139,56.751400)
(22.677554,6.666914)
(60.242461,40.852810)
(13.935447,24.895715)
(4.442776,28.758333)
(3.323969,10.505538)
(4.636339,32.054881)
(33.611378,4.176230)
(5.013547,8.198653)
(8.483773,44.496087)
(40.444501,14.621753)
(29.626555,48.058152)
(23.005895,33.718161)
(14.863531,37.686078)
(40.592509,4.024102)
(35.661008,15.890668)
(27.517114,7.041094)
(29.653908,16.939111)
(15.163813,48.301326)
(4.163149,3.883295)
(14.462287,53.298557)
(42.093842,18.460585)
(52.955899,30.373984)
(21.683242,41.321594)
(26.049908,58.729803)
(34.758763,9.228156)
(5.826894,59.507311)
(9.375552,17.632697)
(43.558549,54.357229)
(14.035258,17.755545)
(20.378806,42.562314)
(57.165384,31.303047)
(2.686815,8.896305)
(22.249586,39.412059)
(47.570818,45.426615)
(32.355468,33.784403)
(9.761965,32.347630)
(25.878381,55.910530)
(3.587866,41.429528)
(51.415044,45.136305)
(48.196413,34.974279)
(34.278195,3.196619)
(43.059366,18.015784)
(11.257526,42.246626)
(39.156798,19.908853)
(45.603821,54.090524)
(12.992631,46.882335)
(12.433375,18.408724)
(22.278401,31.028558)
(1.806212,21.197927)
(12.711455,17.161829)
(6.759943,43.707382)
(7.701722,0.827719)
(20.186199,63.794670)
(2.484348,38.777216)
(38.325292,36.648778)
(18.179555,3.999861)
(1.178905,32.495660)
(28.508983,5.898432)
(1.725785,24.118832)
(30.975731,41.672571)
(32.821617,35.459567)
(6.639327,8.870690)
(30.317747,37.752787)
(26.425863,42.292931)
(44.192952,47.558859)
(26.615658,4.790657)
(38.201521,53.851029)
(42.415771,31.571640)
(42.785006,8.246880)
(22.525378,6.557843)
(28.734795,21.579151)
(24.431923,50.832620)
(25.944876,26.680625)
(52.275190,31.869978)
(46.653237,52.527726)
(43.063734,37.582226)
(52.554520,2.711354)
(33.428803,19.636041)
(20.897878,57.077964)
(9.623728,41.832392)
(51.039069,56.426820)
(13.905689,16.448601)
(56.986440,11.752909)
(46.118284,41.183865)
(50.116931,37.212792)
(7.373954,18.135414)
(2.397039,6.038514)
(13.581656,8.191175)
(38.552297,33.140044)
(44.765829,51.859044)
(4.130112,9.198736)
(16.988309,13.452880)
(24.093340,9.507230)
(8.558823,18.899765)
(41.406658,18.968650)
(31.114901,2.679757)
(24.803847,25.491535)
(44.236252,0.011568)
(1.734271,17.568059)
(20.675051,26.686982)
(42.189226,28.849308)
(17.920492,18.011548)
(35.964617,2.324700)
(27.330403,23.365951)
(28.136639,52.272744)
(57.313520,17.307665)
(13.265025,49.798242)
(8.830371,23.319498)
(24.488831,20.686139)
(53.855982,28.727577)
(30.270348,29.762217)
(39.893484,33.097370)
(43.428735,27.504485)
(34.387292,31.663325)
(52.034530,18.668772)
(47.672689,7.616602)
(50.372201,22.998068)
(28.681866,17.339295)
(47.650915,0.393995)
(21.470892,41.232686)
(43.418213,16.854383)
(16.323123,54.572477)
(19.820347,3.393771)
(2.983899,53.459959)
(41.043854,38.453276)
(8.100924,31.039320)
(19.946450,19.909778)
(62.170445,14.547582)
(18.423669,47.947156)
(7.996432,29.038263)
(16.231688,18.276953)
(16.598091,51.690766)
(33.906487,7.198926)
(40.476533,27.796342)
(38.052587,4.904293)
(45.044975,1.235264)
(4.210761,40.360442)
(46.579672,49.131464)
(5.408111,36.689451)
(40.222665,12.377307)
(43.635567,26.945663)
(39.561922,24.442640)
(16.060158,44.499631)
(21.894892,19.137431)
(31.875301,22.331822)
(25.368471,33.446084)
(29.062557,5.065266)
(37.599439,26.546095)
(19.941313,47.628171)
(56.005027,17.964830)
(21.195658,5.181884)
(23.960731,17.588035)
(38.667223,25.327588)
(35.063294,10.830772)
(50.571261,1.913335)
(26.301688,41.803889)
(34.758316,1.373184)
(20.691620,31.113084)
(22.862222,58.516937)
(36.009504,12.990185)
(52.216694,3.428290)
(3.492394,54.492130)
(27.328920,38.033462)
(45.165383,45.500080)
(41.369353,56.305578)
(16.766167,14.139826)
(0.898698,9.557522)
(12.710945,27.020030)
(48.230127,33.620779)
(15.692912,63.074236)
(15.924928,12.760020)
(51.507235,24.349800)
(45.885962,47.648583)
(9.302326,48.797946)
(26.599212,35.848188)
(19.067051,24.448223)
(11.392534,62.780761)
(19.006640,36.309946)
(28.309547,22.915680)
(33.777572,42.697123)
(37.700144,14.394411)
(40.931071,7.050388)
(32.555288,9.207142)
(14.385393,32.372017)
(33.548588,32.409442)
(14.710778,34.480075)
(3.009691,4.414512)
(32.463975,34.457379)
(4.369358,29.301645)
(43.619807,19.183212)
(4.806467,45.469147)
(26.237451,4.881816)
(21.542989,53.355411)
(26.721139,43.459110)
(0.047029,24.007614)
(39.954549,58.342982)
(6.740109,47.473954)
(50.813632,46.216862)
(45.630281,28.947726)
(11.063759,31.960385)
(54.677912,27.195601)
(22.956975,6.990328)
(14.246244,0.971626)
(50.648913,51.315869)
(18.054175,44.972902)
(3.133239,53.790391)
(39.774262,19.104054)
(7.076981,6.057223)
(48.268589,19.086408)
(13.849851,8.515244)
(48.222053,9.441256)
(13.752886,13.261427)
(13.779225,49.441410)
(11.432776,35.226789)
(16.005272,7.149434)
(23.859913,22.734996)
(14.559332,34.563478)
(42.619641,15.234149)
(42.002296,25.723634)
(11.200216,32.499640)
(25.252676,34.681599)
(44.205557,62.964092)
(41.347710,13.935554)
(50.428531,12.312570)
(41.965305,43.749364)
(14.648977,11.775335)
(14.452755,24.156595)
(45.897779,36.084281)
(48.278042,54.246650)
(13.167361,52.034293)
(34.096882,47.862553)
(14.760581,17.272116)
(56.167243,13.550999)
(49.459391,19.409628)
(5.928304,9.798006)
(10.765018,23.968389)
(15.735799,17.543792)
(2.423114,13.777888)
(21.970782,38.146381)
(23.980259,7.875362)
(59.766477,23.704596)
(53.148395,1.897157)
(48.584686,55.323390)
(36.156740,47.308311)
(14.036387,42.999896)
(23.344249,33.350910)
(26.681306,47.229310)
(43.721415,23.076578)
(20.021276,8.563532)
(29.474837,23.478248)
(6.248808,21.084998)
(31.668841,20.082435)
(7.006606,2.693226)
(39.108192,4.138346)
(46.933991,40.310981)
(50.890873,20.669463)
(35.814229,21.667121)
(43.814150,43.975018)
(2.599652,39.988108)
(43.230855,56.363873)
(12.024531,46.403009)
(29.584901,38.319449)
(1.228419,21.447272)
(52.128629,20.169160)
(12.754529,51.016865)
(46.299637,23.459267)
(18.867932,27.563261)
(49.000680,17.167104)
(26.702240,46.454981)
(59.767669,29.225901)
(20.287930,56.769727)
(63.613976,21.427743)
(8.222188,0.115238)
(49.369403,23.528623)
(8.777555,32.017131)
(15.041893,13.902285)
(42.255006,36.575916)
(28.634817,48.775524)
(47.869679,14.841349)
(30.859286,34.021868)
(33.517973,14.129082)
(15.830909,32.255965)
(26.491433,19.858103)
(19.936788,19.409792)
(21.779898,33.768418)
(6.517454,18.906754)
(4.993389,30.902983)
(34.180736,31.849162)
(17.168935,6.060120)
(29.236360,10.745784)
(32.533049,39.973361)
(34.173483,57.603438)
(18.817232,29.159882)
(16.704399,53.052727)
(23.081605,2.501356)
(36.137977,11.724806)
(10.099750,28.740924)
(61.920754,29.498726)
(3.705372,26.431796)
(64.592555,34.948670)
(9.450416,45.828590)
(41.146592,37.847515)
(14.199476,45.151565)
(0.627335,24.306926)
(20.983119,43.302760)
(37.007085,11.196111)
(40.223334,16.315209)
(39.299576,40.677236)
(36.943068,22.812919)
(3.216037,11.596617)
(5.979717,18.848596)
(36.517505,50.461837)
(45.755560,56.146126)
(15.357302,10.706476)
(55.632507,13.307544)
(8.108983,21.146329)
(43.667656,20.487617)
(25.895831,38.538159)
(10.109798,10.947723)
(13.336703,13.259074)
(2.456850,15.091504)
(24.649490,39.636002)
(8.451596,6.168588)
(52.485050,24.795165)
(12.674879,50.031691)
(29.211882,37.463892)
(39.057607,12.035633)
(36.813115,32.189190)
(48.635310,13.412518)
(7.466246,40.855048)
(42.975821,7.535909)
(21.452134,0.640084)
(22.771333,27.266184)
(21.777856,4.706341)
(16.525069,13.213392)
(38.403871,37.862283)
(25.902439,24.539068)
(56.982913,6.079841)
(29.278404,48.004067)
(33.734934,41.403928)
(40.100194,16.945412)
(10.299437,31.073418)
(48.079403,5.106633)
(9.259528,28.977738)
(23.355344,20.302618)
(7.381165,43.140593)
(47.812572,37.824829)
(45.046137,21.220246)
(49.929903,45.601779)
(45.445553,23.591642)
(5.170693,46.122724)
(9.600854,1.526646)
(23.921971,39.340862)
(11.224486,50.452451)
(22.578323,22.191433)
(17.041154,31.937008)
(27.025494,29.491725)
(22.504425,40.823611)
(18.739072,53.070785)
(12.660648,48.686081)
(46.951373,32.736658)
(13.850327,36.019723)
(41.203703,23.081375)
(15.549078,3.943859)
(29.076523,33.187833)
(8.499345,54.756491)
(21.350623,23.387056)
(19.526511,14.848725)
(0.670702,13.290556)
(38.434620,52.538554)
(1.508502,16.573457)
(42.894108,31.135034)
(23.264956,34.178563)
(12.460986,34.440884)
(16.796131,37.401035)
(41.261533,10.832517)
(8.330845,40.751575)
(9.401449,26.212956)
(15.146920,52.871642)
(37.984321,27.387376)
(20.842468,33.061042)
(34.198246,59.224399)
(47.966077,17.560874)
(9.577153,1.158274)
(6.993672,33.749738)
(21.073621,52.733597)
(19.570044,12.788801)
(38.137881,12.638893)
(56.649856,33.767567)
(44.688079,12.667426)
(2.775841,14.046605)
(40.115646,16.339161)
(61.168882,52.300637)
(9.304012,22.202606)
(37.433949,39.257318)
(34.635899,46.252050)
(40.828042,50.305665)
(16.213936,26.437975)
(53.222047,46.424472)
(30.577911,21.414880)
(8.701930,22.524071)
(4.373866,61.314413)
(53.417974,12.504464)
(9.066118,23.868139)
(9.218241,19.682546)
(45.918792,17.764908)
(3.140443,51.430372)
(14.609624,16.157405)
(27.537789,28.919530)
(7.020132,44.506347)
(42.460917,43.508878)
(51.450633,13.258573)
(2.175451,12.931859)
(5.916236,10.615392)
(47.538458,30.339975)
(45.324221,32.031741)
(10.069534,22.429751)
(17.608320,45.630329)
(6.534115,41.841933)
(39.230759,9.602903)
(39.972834,34.285633)
(24.945633,2.727504)
(6.039511,29.247773)
(56.926105,10.689440)
(37.585969,41.145008)
(34.395103,47.872661)
(27.590357,8.774439)
(54.380647,23.994056)
(40.504668,20.687866)
(10.797275,8.580289)
(14.881954,10.896602)
(13.046413,59.496228)
(45.913948,58.377972)
(47.085265,49.871767)
(8.223239,38.395897)
(1.068124,19.197329)
(6.461405,43.087767)
(14.538244,33.941384)
(16.832339,16.954411)
(20.985928,5.703238)
(7.467048,4.915333)
(8.685912,11.331538)
(17.256353,50.093792)
(49.684120,2.627986)
(34.376298,1.396360)
(14.391463,3.111194)
(14.718632,5.138486)
(25.818057,13.985720)
(44.367888,12.628048)
(42.548937,26.650655)
(10.069577,26.137614)
(43.961409,4.441110)
(18.436139,28.485390)
(3.708628,23.926635)
(0.120026,13.269007)
(14.390317,51.609826)
(0.478361,33.047338)
(38.502368,43.593272)
(52.949987,29.847848)
(54.840656,0.868130)
(42.631040,12.304775)
(28.823944,42.132201)
(8.697623,38.978220)
(9.117128,29.439648)
(49.146601,58.683153)
(35.678516,54.092977)
(48.181226,53.553035)
(23.829362,40.765381)
(27.459166,53.917723)
(42.117949,10.702272)
(5.222629,50.847625)
(52.855617,50.739501)
(25.365088,54.592686)
(0.921485,30.177184)
(25.248997,42.008563)
(10.244357,42.847216)
(9.723583,8.374348)
(32.665504,44.263804)
(35.441120,8.387876)
(51.237349,5.904064)
(9.839135,4.872291)
(48.057844,6.181326)
(16.096482,21.179907)
(52.323955,56.100053)
(48.670578,37.158903)
(12.142718,0.289525)
(44.830829,21.721862)
(32.233923,1.806974)
(7.462626,25.420052)
(51.535940,51.105448)
(20.484956,20.578918)
(27.983253,2.568088)
(32.001486,9.285399)
(36.018888,20.229991)
(3.973679,34.417281)
(35.190668,41.276909)
(22.626065,6.245637)
(15.467681,15.029035)
(48.746051,39.164588)
(38.650439,18.978397)
(52.324125,48.822283)
(19.873129,3.429256)
(37.977113,39.469852)
(8.237544,48.738513)
(53.070187,47.012224)
(55.322100,21.156961)
(31.626639,50.843822)
(11.530097,20.982321)
(32.541701,5.783558)
(50.759470,8.582109)
(50.573993,4.612517)
(35.665149,25.233169)
(4.691908,43.474495)
(34.465383,10.734411)
(24.388146,46.911456)
(6.063052,4.555443)
(6.144578,10.872115)
(15.168838,7.260780)
(42.414753,31.149839)
(46.787899,56.329140)
(46.236998,44.155341)
(18.715280,21.027668)
(30.510403,43.595191)
(34.481843,25.419936)
(34.007497,39.336514)
(39.400348,14.818188)
(10.546499,45.499309)
(40.846494,54.079786)
(32.800912,6.663049)
(12.385882,0.507125)
(29.156629,19.560462)
(57.905965,27.679355)
(28.540361,43.101685)
(8.163859,5.593706)
(41.497324,10.026087)
(48.149422,50.528493)
(49.470232,35.596789)
(25.745295,0.200802)
(1.211700,8.051422)
(12.538491,54.908858)
(5.367860,31.711408)
(8.169950,39.169788)
(37.424347,32.930500)
(51.612578,46.315578)
(16.235503,57.596823)
(27.729882,38.470073)
(62.020627,22.295042)
(19.571315,27.345096)
(56.396884,28.310122)
(22.026544,28.623406)
(37.580845,57.318269)
(34.078922,24.598438)
(36.959026,50.317432)
(37.544719,26.542230)
(34.615348,23.406316)
(40.769102,42.966135)
(0.372732,7.878465)
(11.983334,1.084699)
(12.467776,40.709560)
(8.068910,6.686194)
(16.165941,23.279927)
(50.657952,7.889067)
(14.845620,22.123858)
(47.039918,48.135158)
(29.115228,33.153815)
(41.742405,11.607135)
(15.295358,36.644981)
(24.298068,3.011057)
(38.025632,44.437866)
(54.712437,7.376982)
(7.591099,36.556884)
(5.631953,49.556617)
(48.983144,33.854740)
(29.378372,37.999066)
(43.630258,27.240823)
(1.277860,24.026747)
(52.301418,9.844284)
(28.233344,35.531339)
(24.735115,32.672333)
(8.725970,15.855950)
(3.464724,27.240831)
(50.652632,26.551408)
(41.435958,15.592683)
(2.808366,0.597203)
(52.040636,36.089398)
(32.969744,4.566556)
(17.544944,58.337419)
(21.469829,27.178821)
(18.000260,12.900530)
(24.567118,18.368780)
(43.113349,12.722906)
(28.179238,25.368034)
(52.617874,21.987241)
(50.723088,28.829878)
(6.441814,46.603865)
(5.850777,34.021470)
(34.992355,30.334916)
(0.253004,11.845289)
(2.104871,20.741306)
(8.964293,13.061556)
(49.218592,49.411285)
(54.797209,24.163573)
(23.806756,22.273996)
(9.621782,35.835919)
(59.277648,13.054022)
(2.339986,7.013074)
(42.401259,13.329400)
(15.090398,12.151184)
(54.413591,57.351791)
(12.396098,49.005213)
(39.172312,54.328043)
(48.267277,23.155279)
(42.938938,25.050289)
(32.994804,45.845537)
(32.699452,36.230300)
(42.955302,41.208764)
(11.101467,17.808932)
(8.304630,59.725862)
(8.124963,17.329565)
(4.328219,24.324871)
(44.991434,39.442697)
(21.045955,24.026903)
(31.807856,18.194230)
(26.462744,39.821784)
(46.355716,19.276686)
(14.362134,50.341278)
(54.036847,11.336691)
(13.513009,16.875756)
(51.214370,22.064531)
(18.281054,8.323367)
(40.866996,40.927607)
(18.888095,49.220784)
(29.077346,23.208419)
(35.700315,45.255944)
(12.676210,43.795123)
(24.421539,10.893177)
(0.566199,48.630073)
(12.076048,51.294163)
(33.468717,14.558622)
(7.497644,57.536125)
(49.826871,22.433786)
(13.077010,37.588394)
(38.085955,17.267617)
(56.719232,56.184590)
(27.592749,25.085886)
(26.403312,43.111438)
(8.655718,2.360710)
(11.704656,51.781372)
(47.425223,50.984443)
(2.526740,32.759838)
(44.266303,22.482429)
(26.311984,25.794313)
(50.664452,5.172639)
(15.304158,27.422294)
(42.438899,13.363387)
(19.258396,25.462302)
(39.695728,5.137591)
(9.068911,37.544892)
(21.219971,10.883024)
(19.105630,11.035346)
(18.404141,11.450849)
(23.001018,53.415520)
(39.296730,6.604835)
(15.358111,0.970888)
(52.618267,44.866822)
(53.891664,10.546223)
(4.752559,18.654804)
(14.558427,18.836775)
(23.139669,21.346100)
(13.914076,40.512429)
(43.914621,27.220191)
(28.975031,29.562824)
(35.156832,45.447829)
(37.561667,4.664446)
(5.774974,13.524772)
(8.557991,38.069890)
(14.624904,31.953952)
(9.471782,12.894231)
(39.743156,40.533162)
(7.870757,55.050650)
(13.548587,59.227756)
(1.705064,36.905476)
(48.325185,31.476093)
(0.297472,55.254816)
(33.441825,19.357721)
(33.110719,18.230265)
(19.603976,36.069652)
(12.537249,6.742290)
(20.911312,38.433385)
(2.524409,32.047377)
(49.756894,18.131986)
(38.641253,29.835487)
(2.011106,61.361888)
(9.612488,16.543538)
(28.580741,4.063048)
(1.106119,12.249069)
(28.933677,16.129347)
(31.290747,49.515368)
(32.156625,37.986228)
(43.349774,10.788562)
(32.252854,20.153402)
(52.612657,36.575156)
(50.173469,53.607577)
(7.912638,14.441972)
(55.083282,39.127353)
(25.201768,7.544672)
(26.529022,40.437719)
(24.320463,31.810262)
(8.435643,47.785389)
(20.883614,24.440633)
(12.865927,16.569686)
(63.868559,32.639027)
(47.472156,42.831824)
(53.624109,41.507359)
(52.861369,2.907223)
(34.796885,61.831722)
(16.250594,17.790725)
(33.680487,28.158296)
(30.655947,24.491324)
(27.044903,5.234873)
(11.285678,54.243215)
(31.239330,3.606771)
(28.775445,1.851378)
(46.750052,21.712472)
(43.228984,35.878665)
(7.511187,24.602765)
(37.482028,1.473071)
(50.782960,25.461942)
(14.825340,21.614053)
(28.851130,41.442672)
(7.092822,43.517239)
(27.857131,7.077250)
(13.569919,0.165676)
(27.260289,4.228867)
(32.340813,58.509515)
(21.064008,26.003503)
(40.943986,33.241983)
(14.812832,50.745685)
(36.947368,43.642826)
(20.688542,12.273067)
(44.514955,26.850872)
(29.178132,7.826326)
(38.442238,21.288518)
(13.988719,54.790776)
(29.897819,5.539960)
(27.447138,10.976152)
(29.060295,29.748481)
(38.147592,22.350425)
(45.416663,41.310899)
(6.932778,20.231463)
(2.268875,51.200827)
(31.676067,21.037934)
(6.626481,14.569605)
(47.462150,12.991746)
(14.744676,35.437552)
(39.903822,1.754636)
(53.437308,52.248859)
(2.875218,6.864937)
(5.766979,31.738655)
(32.538948,37.891390)
(23.722759,19.576281)
(51.247327,37.346176)
(16.427518,21.125819)
(35.056249,38.354521)
(5.255424,33.061261)
(14.147337,35.154090)
(50.614123,27.452751)
(12.370794,18.106549)
(25.667986,25.923856)
(27.063770,11.725285)
(49.046900,11.119539)
(23.551014,36.929149)
(0.626505,20.088347)
(58.190295,45.990253)
(41.632471,55.206741)
(11.369739,57.797126)
(4.935581,23.854582)
(24.791734,53.434424)
(34.923289,32.461300)
(28.807294,44.658869)
(11.729687,36.116241)
(37.854044,1.518850)
(7.056720,5.126666)
(31.323020,48.945909)
(57.203473,18.363984)
(39.734318,14.928540)
(54.341748,29.684239)
(29.477290,25.556328)
(13.777546,51.571989)
(1.979188,22.201305)
(10.295963,10.372527)
(19.382279,48.196039)
(2.530807,57.385554)
(14.522697,58.576933)
(45.159813,41.343237)
(50.183124,32.453587)
(59.355411,42.326487)
(34.121136,7.095813)
(42.086051,15.984205)
(23.654852,44.699269)
(31.035982,12.120708)
(26.885264,44.237123)
(42.514411,7.400985)
(57.242867,11.384305)
(6.516784,29.631038)
(44.023297,15.724804)
(18.703715,20.020269)
(10.982407,7.886069)
(17.156577,35.763286)
(34.604772,4.463830)
(42.827846,7.164995)
(31.814261,8.257076)
(11.705561,14.856860)
(16.851575,21.798434)
(47.855222,16.109951)
(3.294823,26.857457)
(15.575972,18.054633)
(50.391641,15.457807)
(55.634259,42.079064)
(51.370181,43.663680)
(50.290756,34.358860)
(36.980651,15.265318)
(51.044797,37.967802)
(52.977872,15.167570)
(13.453860,45.739676)
(42.801493,10.889898)
(58.049571,11.970813)
(23.502054,37.281060)
(40.978137,2.276489)
(4.234344,41.945926)
(21.166423,46.571282)
(18.987720,25.419314)
(47.948557,63.832045)
(52.656146,7.199933)
(60.509541,3.810140)
(46.708011,46.322896)
(32.369363,48.377124)
(18.519606,49.227168)
(51.831568,38.945516)
(26.072386,24.922100)
(34.376038,24.843987)
(42.574507,3.288946)
(44.514994,4.619284)
(42.506511,35.807333)
(4.851366,18.536493)
(37.656509,5.057138)
(33.939934,11.343571)
(21.099958,29.367114)
(9.236494,30.318515)
(44.294214,3.180180)
(34.449401,19.495140)
(27.020018,3.971896)
(36.433778,26.483790)
(39.470720,43.105914)
(8.454483,20.518782)
(5.923723,53.352315)
(54.208598,33.067823)
(45.882495,16.372846)
(45.562536,13.770365)
(8.788064,15.567783)
(10.615499,36.015457)
(21.311224,52.493361)
(55.498120,32.164461)
(1.584844,12.827607)
(1.753128,15.363977)
(36.770501,50.734294)
(33.855355,56.902516)
(51.473058,40.997733)
(21.064232,42.383080)
(20.408654,15.355491)
(0.320742,24.655021)
(5.513033,20.815512)
(0.304691,50.699653)
(34.764552,30.474446)
(16.624950,49.429392)
(18.510923,30.218308)
(46.319665,17.405820)
(9.341047,31.065254)
(60.585289,23.960055)
(36.069469,25.943958)
(36.534720,54.343313)
(35.333674,32.491089)
(50.562544,28.637124)
(28.726016,2.105503)
(55.926184,42.841880)
(29.421487,33.990126)
(47.567930,16.593145)
(36.100357,58.965384)
(16.158800,18.339271)
(0.648060,8.785676)
(31.896406,24.539617)
(23.143216,35.197977)
(38.939923,48.496379)
(57.432166,5.144754)
(10.249922,16.189894)
(17.468987,11.574862)
(27.847725,43.949506)
(48.652640,15.241088)
(45.044905,3.961298)
(8.201905,57.471035)
(48.457228,22.823261)
(36.364957,4.984818)
(2.707182,35.008275)
(13.822125,8.165953)
(38.250229,9.797401)
(56.456097,45.327246)
(16.274480,30.073113)
(4.045862,26.079885)
(47.517759,22.426790)
(45.528240,39.868486)
(40.251060,21.247440)
(30.316302,35.372311)
(7.576431,11.157577)
(9.727348,19.942820)
(41.741802,0.846774)
(34.181190,42.011707)
(16.866052,48.573660)
(36.200381,0.862522)
(31.729936,5.543086)
(20.835785,51.074516)
(5.129624,52.993544)
(33.008033,43.385326)
(4.545008,45.482490)
(10.877837,2.342955)
(8.172696,44.267581)
(0.558649,20.755142)
(32.033411,21.374506)
(39.800809,48.442937)
(26.692864,53.812564)
(49.933466,42.595214)
(27.070783,11.666581)
(40.341646,29.281114)
(14.791808,18.522340)
(50.328923,4.884335)
(29.827238,5.754959)
(51.846107,28.595213)
(35.030539,17.104129)
(16.511207,55.879244)
(19.857749,54.465283)
(9.457331,12.160236)
(3.672843,26.577864)
(37.267803,49.125529)
(17.870477,9.458246)
(39.461450,46.432705)
(9.895838,20.041717)
(5.260032,4.387324)
(44.085994,47.034193)
(17.420338,46.615628)
(21.361683,37.758317)
(15.097440,50.167471)
(11.392651,24.479023)
(41.361611,56.428750)
(22.489875,31.131990)
(40.810163,35.204374)
(7.312734,1.845997)
(45.947549,23.211776)
(55.126356,24.739656)
(18.219935,50.667882)
(40.546459,7.346135)
(7.074978,6.731898)
(29.287556,50.150460)
(37.146745,3.495354)
(8.247982,35.502697)
(59.023481,3.171574)
(44.722419,10.104968)
(44.469355,34.256936)
(20.273094,51.633236)
(59.032287,43.445525)
(0.665531,32.911519)
(33.254312,33.309670)
(33.662030,18.735116)
(41.994830,27.492540)
(22.719781,22.230566)
(32.500404,14.571455)
(6.217643,47.374822)
(41.271998,2.097291)
(36.388237,49.284033)
(48.003730,10.148637)
(12.465211,41.409050)
(39.646648,2.697781)
(33.283400,10.394784)
(30.495566,24.963523)
(5.213024,17.308386)
(14.698933,36.422426)
(52.682313,30.630478)
(9.714868,34.419596)
(19.153049,26.353273)
(31.715389,40.046879)
(17.405805,39.230754)
(6.937714,52.955656)
(53.034213,17.780439)
(29.438629,59.502837)
(28.912403,58.992799)
(30.421592,40.672218)
(8.428727,40.780764)
(3.439190,46.156300)
(33.346879,57.092759)
(29.037165,38.299756)
(51.886176,43.423920)
(26.037531,31.829415)
(29.761678,18.161365)
(33.012617,0.124131)
(28.309731,3.672948)
(48.594392,43.870750)
(49.663615,19.874224)
(52.359557,32.386206)
(61.558636,1.721540)
(45.539381,50.922221)
(34.369263,2.402371)
(26.498419,0.597453)
(20.593672,8.660718)
(5.717536,15.091413)
(16.378977,46.261734)
(7.577123,22.463633)
(43.793893,22.785162)
(27.904867,31.251286)
(40.526003,50.537121)
(51.287582,33.890664)
(35.701583,22.607253)
(45.965840,47.565270)
(36.915864,24.990372)
(29.331390,16.055288)
(45.384800,59.304164)
(19.452958,48.772187)
(19.969051,59.489689)
(4.061655,12.307557)
(48.924672,40.274948)
(42.704509,12.505146)
(9.968815,11.475184)
(31.712599,35.167026)
(2.016301,44.781337)
(51.805920,43.909318)
(32.521384,4.580380)
(49.340738,5.326065)
(19.523015,45.693253)
(46.890004,57.124222)
(24.982034,34.387794)
(13.838393,56.608353)
(24.423956,24.412147)
(5.457575,48.351574)
(8.437031,17.761553)
(56.019667,47.843379)
(0.712904,50.298650)
(15.279953,7.024177)
(35.037604,33.430549)
(17.610896,52.993490)
(34.267743,39.790617)
(46.796372,17.064833)
(30.935040,6.457296)
(21.339542,57.411898)
(23.309617,12.419522)
(43.616867,17.503844)
(31.738623,16.891559)
(0.720261,43.683362)
(0.615949,19.134612)
(44.706776,40.317012)
(11.358826,40.116326)
(18.755157,42.462848)
(53.654676,60.510300)
(54.059653,16.655075)
(33.654356,10.301178)
(56.722535,19.653945)
(48.127686,5.601693)
(27.331297,53.817007)
(28.360037,29.258673)
(6.424664,21.876247)
(41.127348,52.685818)
(8.934290,58.363867)
(30.042544,51.851713)
(23.325475,22.019684)
(30.579469,13.645643)
(2.318557,11.364075)
(41.875289,41.684676)
(40.267998,32.870392)
(51.268278,25.553223)
(10.079750,9.083935)
(31.050089,44.865079)
(27.486972,10.178536)
(38.510996,12.723830)
(27.217516,24.310482)
(62.131168,47.368278)
(40.351363,29.484326)
(44.020069,32.925418)
(4.049954,27.499907)
(27.846238,37.948655)
(47.441114,45.680628)
(33.694420,6.408850)
(36.266864,22.229197)
(36.511196,9.908882)
(11.082201,30.995861)
(14.687909,14.235300)
(48.514200,39.162795)
(4.827125,15.790437)
(46.654238,15.441879)
(50.286315,41.759254)
(25.122670,46.640893)
(33.906992,4.670695)
(7.356716,6.598905)
(50.137883,28.165586)
(47.743102,10.054106)
(4.949928,45.803199)
(20.844355,22.074554)
(18.382921,36.497557)
(7.403094,8.756967)
(0.687665,25.884154)
(19.348656,21.714637)
(31.045675,15.636479)
(1.410784,52.929999)
(40.443486,27.639545)
(25.516024,1.607141)
(17.930111,46.049414)
(57.822001,45.325596)
(59.005078,29.381363)
(40.374543,6.055336)
(37.592001,20.797384)
(6.601489,6.542687)
(15.032474,29.185246)
(51.636275,47.850051)
(18.510802,9.176729)
(20.732679,29.965263)
(2.294648,26.187961)
(14.421349,37.304574)
(11.424670,50.680116)
(61.016649,50.464289)
(11.461932,32.829668)
(54.465598,21.417314)
(1.563300,43.638623)
(31.609337,43.047772)
(32.910106,47.466692)
(31.039129,3.297529)
(25.466845,19.996516)
(44.394365,51.687185)
(36.065496,45.450202)
(1.126405,37.944546)
(5.008854,35.506160)
(8.643633,38.451944)
(41.188354,6.360937)
(36.724127,8.677813)
(10.668409,35.361003)
(23.304119,58.103127)
(59.751634,8.813367)
(26.372679,38.597511)
(26.367140,31.191856)
(9.649773,1.320826)
(2.539437,59.180583)
(20.593783,38.584090)
(32.319227,28.288364)
(41.803331,1.372126)
(24.460849,51.016416)
(28.584002,20.918223)
(44.095284,40.745191)
(20.433177,37.185839)
(21.830249,23.438515)
(50.951124,55.078184)
(12.585009,22.511439)
(25.911468,43.342596)
(51.408952,33.990002)
(8.344745,49.234944)
(43.250053,23.773776)
(20.642508,8.389701)
(13.062290,21.699930)
(5.896366,37.809685)
(36.692981,49.572116)
(55.567182,49.814408)
(22.963204,48.334116)
(31.761278,10.522129)
(0.029757,42.717665)
(53.109527,15.776657)
(19.079705,25.298851)
(45.670492,36.149755)
(43.923908,31.987480)
(16.634319,33.084793)
(35.741667,22.774356)
(62.438100,55.171044)
(2.475627,26.796305)
(25.669107,9.609148)
(51.001985,54.079070)
(0.819815,27.669086)
(23.740640,3.584761)
(4.632526,17.495757)
(1.367488,55.801997)
(40.265186,24.953624)
(35.889693,1.370765)
(20.462707,4.508297)
(44.273584,50.509224)
(4.245855,19.183803)
(5.309792,61.888977)
(0.728979,42.837472)
(26.786890,24.836419)
(2.065008,4.269092)
(55.419782,49.520480)
(22.123943,28.098583)
(12.247554,50.322696)
(22.091806,58.061968)
(18.159633,18.662031)
(57.522043,34.546756)
(12.289684,34.163260)
(13.109791,6.143986)
(43.232688,26.676220)
(45.433351,52.744749)
(30.600076,6.890512)
(2.040342,18.620397)
(9.288307,36.124316)
(45.474070,24.595117)
(6.910245,47.465522)
(1.312736,11.512174)
(51.546283,33.662154)
(41.718624,7.050461)
(13.215720,17.915964)
(47.300397,45.719256)
(21.800706,22.084366)
(16.700781,17.034133)
(49.424030,8.460544)
(18.140258,22.651335)
(56.370848,6.234052)
(52.918456,59.201454)
(25.187314,13.450254)
(46.664002,31.731120)
(52.500782,7.279702)
(28.773536,5.807943)
(23.964438,20.134302)
(4.822910,8.280680)
(26.464051,19.015471)
(50.562115,33.965741)
(29.673199,22.372628)
(10.969832,43.953612)
(33.004664,17.661997)
(40.740569,22.385257)
(22.735459,29.718858)
(21.648684,6.210107)
(48.635681,22.350087)
(43.636331,43.539607)
(24.270288,24.845743)
(62.053977,51.479725)
(50.979046,38.986940)
(25.362176,36.951264)
(31.885861,45.978596)
(48.311479,18.947908)
(44.016255,11.231425)
(3.286519,48.508623)
(34.453358,11.683946)
(29.833678,54.758186)
(6.546998,2.512123)
(46.987867,27.974522)
(62.947791,21.832168)
(30.897480,30.835210)
(48.936392,57.342793)
(18.889262,1.160902)
(45.779096,12.027869)
(25.208132,4.114558)
(52.253333,46.254162)
(28.661758,31.377486)
(41.915492,19.054833)
(34.696343,9.305521)
(5.968527,1.921585)
(12.248456,42.583882)
(25.052500,13.968314)
(6.487448,18.496756)
(27.354460,11.326359)
(28.271297,14.010066)
(40.152909,60.717931)
(27.368446,39.043429)
(33.042895,15.484349)
(21.147910,0.516695)
(8.703488,32.919202)
(30.293651,43.216988)
(18.096714,36.795740)
(4.836863,28.036211)
(57.640644,21.172464)
(13.421558,29.235215)
(21.397113,24.655995)
(13.643476,36.763126)
(21.887117,39.424531)
(52.756089,24.349395)
(42.909751,27.513463)
(35.707705,25.880804)
(28.025040,29.800252)
(23.470310,42.338811)
(34.277426,46.533681)
(36.074897,20.335976)
(26.080736,50.883756)
(29.623506,32.424909)
(39.834794,11.011956)
(14.742423,23.973877)
(53.009036,52.627630)
(0.462913,34.437168)
(46.146220,31.481075)
(40.523689,14.548161)
(62.198132,28.942738)
(40.030233,35.991816)
(13.931071,9.636873)
(7.389573,45.106857)
(51.465484,42.829566)
(9.387027,7.367456)
(8.197834,2.996013)
(17.318393,53.511050)
(3.124142,42.974541)
(28.700270,5.153150)
(31.218572,44.256171)
(46.382157,13.953176)
(3.208632,37.076044)
(5.104127,53.740473)
(7.866342,28.036733)
(15.936981,27.956836)
(13.462255,53.852720)
(28.674305,50.428194)
(57.471016,38.015542)
(16.966886,9.790569)
(34.027896,40.567494)
(22.081046,7.902570)
(39.185842,25.912749)
(10.038860,14.063921)
(29.839011,33.882271)
(52.164684,6.348649)
(17.840356,8.923633)
(52.842993,48.274536)
(9.074975,51.427045)
(12.299489,18.881343)
(42.233926,58.357031)
(28.627897,26.083377)
(31.051317,43.282189)
(45.841117,20.439567)
(41.551976,50.592812)
(24.406320,21.310695)
(62.708717,42.692615)
(8.934492,23.066993)
(14.487180,25.329221)
(23.304360,11.492188)
(58.487781,49.565998)
(34.152815,11.084174)
(31.912779,21.722022)
(44.559159,4.439451)
(33.441285,19.077269)
(49.477174,27.597430)
(28.144637,29.508216)
(45.300347,35.751554)
(37.030509,25.283939)
(23.218222,23.014746)
(2.807080,24.336264)
(1.755409,36.219970)
(31.658727,21.603901)
(31.897041,40.717593)
(38.366600,44.692256)
(24.815744,23.844053)
(58.062642,9.113567)
(29.799466,13.494466)
(45.263439,47.615303)
(21.357709,19.238332)
(43.338073,29.330237)
(13.279542,58.339409)
(52.350473,45.492972)
(35.847414,30.885081)
(47.937713,9.422686)
(3.286006,42.277890)
(7.318656,52.538782)
(2.258871,0.993921)
(39.381008,4.874180)
(15.839544,14.627957)
(51.506368,48.700293)
(32.936323,33.569692)
(27.012838,47.365633)
(60.295191,5.100909)
(45.659618,32.445814)
(11.861364,6.322012)
(0.888484,49.922189)
(18.194549,19.687673)
(52.150182,5.613137)
(33.783506,24.166567)
(45.324624,25.872965)
(11.963734,40.735894)
(50.245996,53.466900)
(35.288888,6.548868)
(45.279660,13.485516)
(51.514034,16.054794)
(7.396879,45.551286)
(24.706060,40.714273)
(5.134467,33.510825)
(47.946613,55.063189)
(31.247553,35.674986)
(33.295608,2.203601)
(43.857110,51.302913)
(59.844889,28.039533)
(12.796162,26.415223)
(19.618131,22.892463)
(5.015682,40.500721)
(47.698027,30.411587)
(32.318969,12.941260)
(60.553141,28.216042)
(9.397402,4.779056)
(23.575308,17.739562)
(42.086921,36.147750)
(9.890320,43.970057)
(46.290581,14.582558)
(32.535293,44.008856)
(58.469843,52.460816)
(37.060126,28.447744)
(36.127663,30.860313)
(38.501244,45.041901)
(26.515041,19.707564)
(14.960188,10.985853)
(23.786443,34.614103)
(47.324371,40.518288)
(30.016345,21.654577)
(5.023542,4.645218)
(33.461116,5.055171)
(30.939686,23.595281)
(1.409780,20.171338)
(38.331515,37.616372)
(27.271641,25.504592)
(19.007358,11.410474)
(15.195161,51.796565)
(44.499961,49.010649)
(7.709259,9.774786)
(59.701965,17.472061)
(25.536231,30.857643)
(24.496222,3.255619)
(9.386112,1.668414)
(9.747889,26.857436)
(23.757319,33.508403)
(2.794456,5.773465)
(23.885586,30.548434)
(45.936138,42.254728)
(50.691255,35.687222)
(22.268998,46.267120)
(9.815420,30.591960)
(29.925688,53.600885)
(2.778981,53.794518)
(50.259980,2.850639)
(43.865725,5.300480)
(18.044716,43.819705)
(17.649912,36.527501)
(32.155305,26.138870)
(36.293032,22.474072)
(49.219171,63.144275)
(5.278560,27.527493)
(23.855083,11.186307)
(30.504375,0.327864)
(33.988286,13.576900)
(18.191132,1.309472)
(26.624693,31.584151)
(43.662233,31.260186)
(48.266863,52.481494)
(0.923052,42.234215)
(32.736861,30.514347)
(28.679706,15.810171)
(55.212550,31.502127)
(25.213065,24.768736)
(45.742824,31.629386)
(12.925757,50.351409)
(20.480645,34.756043)
(40.443919,24.217251)
(15.112244,6.601012)
(57.062642,61.763213)
(30.021879,42.499421)
(30.636844,32.390918)
(53.232810,60.482352)
(5.855681,10.970445)
(50.834002,21.184410)
(11.376102,14.822870)
(7.511540,45.681090)
(18.478300,47.576577)
(10.601926,38.384242)
(29.754903,25.169307)
(28.428855,46.081553)
(44.648379,37.033122)
(5.364967,35.827476)
(33.902432,34.253390)
(1.509474,18.417600)
(30.192447,18.155634)
(46.702738,2.064435)
(13.740502,47.771505)
(1.409096,46.968277)
(11.716312,2.040170)
(4.632373,0.502241)
(55.908423,58.412097)
(8.882137,21.837522)
(20.045184,19.910503)
(16.063285,39.843426)
(36.137727,46.641114)
(21.672309,13.907568)
(59.591231,6.177365)
(6.033185,41.252748)
(37.280089,43.863463)
(36.572628,20.004217)
(35.765551,49.422333)
(58.575400,0.509225)
(15.267686,27.606609)
(15.749182,19.244775)
(6.945050,17.960636)
(26.602770,43.327640)
(8.457780,4.685879)
(31.192937,52.334581)
(5.610382,0.496178)
(30.560207,24.612101)
(2.254504,12.771188)
(6.639577,28.553477)
(1.887614,19.850986)
(13.188448,10.417318)
(9.147740,31.533904)
(39.064187,23.409677)
(46.844687,31.141446)
(11.718388,21.140690)
(3.336551,21.686570)
(55.734834,12.108584)
(36.825778,20.494553)
(40.834892,48.594479)
(45.604409,46.935617)
(17.346473,54.974262)
(16.181624,17.575319)
(15.288539,40.180205)
(39.130385,9.715220)
(53.319680,7.227274)
(26.300015,54.673568)
(3.563770,4.126992)
(36.212284,21.876613)
(17.882520,14.304227)
(9.553599,61.133889)
(25.389501,7.534451)
(15.683243,19.186459)
(31.363541,32.278487)
(18.596298,6.266425)
(46.728118,22.184426)
(21.917498,51.441489)
(24.435009,47.280343)
(44.942819,8.663027)
(62.523072,10.481768)
(39.077151,28.744158)
(17.480862,33.418641)
(42.445653,9.501032)
(7.893550,13.575720)
(57.291926,22.053539)
(3.200008,56.115752)
(37.139172,36.270349)
(44.184366,4.732948)
(12.707855,11.538018)
(23.867734,33.596060)
(29.812352,31.840260)
(2.458430,29.379837)
(2.671270,10.157959)
(52.069432,47.650962)
(12.974056,16.874465)
(8.116625,20.136579)
(47.532001,13.830475)
(5.145221,47.091595)
(18.823348,3.206403)
(40.381813,58.830275)
(50.615693,45.387248)
(20.393817,2.809924)
(48.339877,15.576856)
(29.633399,26.509831)
(31.219925,28.702416)
(45.243399,22.283894)
(40.081301,22.146562)
(2.798340,47.270877)
(15.336317,35.017680)
(10.056774,39.193845)
(3.271511,30.192739)
(29.680876,14.265616)
(9.092670,51.513610)
(30.806661,42.499986)
(17.363722,19.487262)
(20.541757,31.005142)
(7.843663,9.562165)
(2.614849,3.285189)
(36.654466,21.032784)
(5.478298,12.635385)
(19.255392,16.399820)
(38.866263,52.185376)
(39.208212,36.678756)
(51.661932,50.728491)
(61.740477,49.906452)
(28.877225,6.098761)
(30.281916,56.488135)
(52.033651,27.956599)
(30.072382,33.181541)
(35.128982,27.309217)
(36.354266,10.420486)
(47.860877,46.499113)
(25.733673,42.285310)
(57.170292,40.291048)
(22.141579,15.132008)
(58.121922,0.941623)
(26.330095,49.814872)
(24.374968,9.951628)
(31.504476,58.765382)
(19.110833,10.689390)
(42.403922,42.487289)
(41.119002,47.636577)
(4.934605,34.871407)
(23.727509,47.420392)
(7.308111,41.177063)
(3.821856,32.601417)
(26.956720,51.860120)
(43.235354,55.736348)
(48.681911,11.125338)
(17.683689,37.114572)
(39.372140,2.378952)
(7.050635,11.572579)
(14.562704,48.913577)
(27.214379,16.060800)
(29.197799,19.128600)
(13.591192,32.860075)
(56.258053,25.144961)
(35.138213,31.454973)
(47.946822,38.761041)
(21.992345,40.825968)
(49.508204,9.486000)
(49.878283,42.573360)
(50.979935,14.945128)
(2.281036,18.178479)
(6.386212,22.133463)
(18.328670,48.652930)
(8.682995,1.496788)
(23.731105,36.736382)
(29.442209,24.583199)
(28.431525,16.182545)
(28.412260,30.880622)
(10.913865,41.346612)
(51.288294,18.751487)
(16.693029,27.436281)
(8.703222,29.935675)
(27.815945,48.517055)
(5.048349,44.588895)
(3.175919,8.227222)
(36.120507,10.470268)
(60.379836,31.662673)
(24.753033,48.696530)
(46.636656,16.291957)
(10.623464,8.061298)
(32.040685,26.628028)
(51.635319,17.393224)
(8.724235,17.543844)
(18.919392,33.920340)
(20.326468,28.421681)
(25.328387,43.377671)
(15.971462,4.391007)
(5.056858,58.512702)
(35.390828,63.428804)
(2.564048,25.240875)
(24.777605,1.221166)
(60.440479,1.926526)
(41.572232,4.998207)
(44.798134,52.016637)
(42.653567,39.410437)
(12.335574,32.533437)
(59.859142,6.048298)
(17.938477,24.978677)
(0.924284,41.219536)
(12.885206,27.395988)
(25.619922,17.728482)
(20.966879,6.748746)
(15.054881,44.266023)
(12.478066,36.288552)
(50.990833,43.785410)
(30.805811,40.733571)
(21.739522,16.407474)
(48.811909,24.949044)
(48.110465,27.854815)
(54.703959,46.366183)
(40.242412,12.747733)
(1.520250,20.100211)
(55.959103,3.703658)
(1.565842,39.039275)
(52.552108,53.049144)
(17.273328,29.485433)
(34.717587,10.367469)
(24.749398,15.718459)
(31.437758,11.188605)
(42.947098,59.101523)
(51.543025,3.249261)
(58.710848,26.740770)
(48.003521,4.500668)
(24.105074,39.201342)
(29.189130,45.017536)
(15.503428,13.955644)
(50.853820,12.430572)
(4.743663,36.802575)
(27.931849,31.098727)
(25.803080,25.655531)
(35.794757,21.403780)
(42.970003,7.375715)
(58.458708,52.371323)
(17.142739,5.983298)
(32.447593,45.002088)
(15.705342,16.812922)
(40.606285,47.480642)
(33.475328,13.022908)
(19.817298,6.175834)
(0.872317,16.414776)
(37.447766,49.131177)
(40.945322,51.580208)
(38.456712,38.151795)
(26.385141,29.188253)
(55.512075,59.934566)
(9.179144,1.598391)
(19.731259,7.239106)
(51.433325,58.603920)
(51.888842,11.858152)
(12.344841,33.186900)
(11.179219,45.049716)
(15.695572,25.511762)
(55.224323,59.412126)
(37.170341,50.949252)
(18.784162,22.895181)
(5.482473,13.786463)
(1.225449,47.422879)
(27.470955,18.065510)
(45.117152,12.221334)
(54.592981,28.988550)
(10.765208,14.797844)
(11.886351,27.603718)
(16.926401,2.345406)
(8.454118,47.072100)
(55.910661,20.928704)
(6.928538,7.012364)
(3.013581,31.342504)
(58.400156,29.949779)
(19.737872,61.984395)
(42.652773,2.852619)
(37.557849,33.535078)
(15.949910,5.174263)
(33.139764,16.562230)
(8.339225,50.418342)
(1.832461,54.877448)
(54.845813,44.512417)
(16.614180,31.212107)
(36.349469,42.741026)
(1.579416,34.996388)
(29.527005,41.166150)
(51.722715,36.689954)
(1.870893,36.836515)
(47.043841,22.132121)
(51.031688,17.604680)
(11.746590,14.394696)
(44.434389,45.144512)
(8.753571,58.341738)
(20.853689,2.762338)
(50.994481,41.023804)
(16.014792,31.792376)
(51.817017,5.220123)
(27.287672,21.228037)
(16.994842,51.179612)
(11.843950,27.696235)
(16.026497,14.841312)
(44.462844,20.467328)
(50.126215,13.805362)
(37.482226,42.562258)
(14.178250,45.117944)
(41.784065,46.020872)
(27.145258,37.916485)
(3.003578,48.899479)
(19.527312,3.603842)
(30.777519,39.415348)
(4.820773,9.072619)
(24.033368,4.259539)
(45.205445,37.886137)
(36.995802,47.382695)
(10.437964,34.266261)
(40.303275,30.419997)
(5.529059,6.604893)
(17.254040,16.707011)
(20.999846,6.252709)
(42.677758,20.291536)
(4.566473,39.066945)
(45.212245,15.170979)
(48.209561,3.938203)
(8.804680,52.380449)
(30.566143,15.613108)
(1.976659,13.255714)
(21.748370,15.960930)
(49.288796,52.817409)
(6.861680,50.342880)
(3.122131,6.884822)
(7.778154,26.783053)
(63.901938,11.969939)
(45.442859,23.267413)
(32.209432,44.997517)
(40.206489,9.240647)
(41.005066,50.250878)
(53.905982,56.575642)
(1.597190,2.850823)
(58.554597,59.772804)
(23.354832,38.790666)
(2.704359,38.187291)
(42.449431,39.487127)
(53.685410,16.593052)
(42.890601,37.078504)
(12.216998,32.541210)
(13.217611,39.029424)
(24.028270,42.175993)
(24.032353,14.524260)
(18.386370,54.081850)
(14.528773,20.545549)
(7.708912,21.154046)
(12.779766,28.008536)
(58.918220,56.063990)
(30.128145,26.428270)
(48.171522,0.150467)
(15.434367,21.857347)
(48.706852,35.624762)
(23.666217,25.667896)
(17.541309,25.827536)
(44.176530,8.419704)
(44.346045,24.533947)
(29.966918,14.204449)
(16.616537,56.842868)
(36.200025,6.532752)
(40.243204,39.008628)
(46.660010,51.756535)
(0.875157,29.495238)
(48.090057,53.585598)
(56.924419,14.174648)
(5.841767,36.437566)
(40.621214,16.919660)
(56.603205,20.354868)
(40.898008,30.605752)
(39.666779,55.666191)
(34.644325,22.231038)
(44.762977,44.427334)
(28.664406,50.421775)
(13.645761,30.920950)
(23.391534,25.665682)
(17.547623,22.828436)
(15.951380,19.650131)
(41.219349,42.945447)
(21.765286,41.760545)
(46.224645,22.952696)
(23.244269,51.402800)
(24.453569,10.413736)
(24.643754,9.643694)
(49.526319,58.568425)
(46.343592,34.477884)
(13.428955,6.170200)
(13.369042,60.614870)
(21.995111,40.459734)
(28.887981,7.202216)
(27.945894,9.306808)
(20.155285,44.045284)
(56.715646,29.063329)
(18.799540,53.689446)
(56.428879,5.524957)
(13.968529,34.103248)
(6.997178,13.005079)
(33.144653,9.111927)
(61.814026,31.550895)
(41.956956,48.828002)
(13.385855,33.902626)
(48.045238,21.942216)
(19.859129,32.398656)
(2.349680,26.827374)
(45.281429,36.860804)
(45.151243,50.954526)
(21.087940,26.026081)
(7.468880,55.191482)
(22.183710,25.179224)
(6.323875,18.210693)
(0.756346,11.520005)
(35.191340,38.900525)
(9.379690,1.199061)
(26.716511,43.414493)
(31.111744,36.522395)
(15.306188,14.521000)
(45.091071,0.558104)
(38.821031,27.448736)
(38.467719,59.409721)
(26.516499,17.110659)
(25.480847,29.456865)
(58.371505,14.255852)
(54.566460,48.227871)
(51.363060,44.541452)
(17.214891,36.433164)
(45.655223,21.050548)
(52.807724,1.155902)
(41.205102,46.365200)
(45.316083,22.675816)
(40.767547,48.984477)
(33.750589,5.928418)
(6.640027,42.979616)
(11.105361,19.949092)
(6.032728,28.814727)
(26.498361,33.276820)
(35.335956,32.872424)
(2.128969,25.363403)
(39.997878,38.063817)
(20.753776,34.804857)
(21.392263,40.340534)
(39.082073,6.726048)
(40.421785,48.761062)
(55.512358,13.229187)
(32.036829,23.669460)
(53.607269,27.877945)
(42.268586,11.466920)
(39.766427,16.362152)
(14.000598,20.602001)
(4.454045,18.693184)
(9.769029,19.519972)
(24.773422,33.897320)
(41.576715,27.811360)
(17.188285,21.965065)
(1.410792,32.469569)
(42.089111,1.115358)
(5.101115,30.960873)
(36.660920,2.577014)
(0.409136,14.924111)
(17.715430,51.182360)
(12.722877,59.463250)
(38.910327,28.821233)
(60.647212,33.024376)
(34.930793,17.906764)
(31.363448,17.977636)
(21.617195,46.134507)
(49.762965,16.693525)
(47.375573,1.425558)
(13.124968,56.653253)
(6.012394,23.524724)
(21.982351,61.784451)
(1.283410,29.104540)
(18.381919,4.836878)
(38.178731,45.689622)
(28.190392,36.604340)
(31.103732,55.518572)
(4.522035,14.538643)
(18.813275,19.699291)
(32.788826,3.905487)
(53.596740,54.996970)
(53.446574,3.351418)
(22.934731,19.410910)
(26.119803,22.396695)
(40.487434,0.921388)
(36.308232,6.156678)
(36.667992,38.565750)
(24.294349,40.485786)
(40.347593,15.812402)
(39.163206,32.447004)
(52.672964,38.089145)
(19.441301,21.787561)
(44.777399,47.068782)
(37.001299,10.493075)
(18.721280,51.417085)
(43.099297,25.781307)
(33.339118,11.725865)
(33.503971,46.056208)
(19.811148,45.001786)
(54.471116,29.389910)
(22.279488,19.265367)
(18.621092,48.245569)
(21.733339,33.997105)
(29.315077,28.769950)
(17.575525,55.207391)
(53.842096,55.498564)
(26.038597,34.736383)
(45.974418,5.016237)
(44.305324,58.025780)
(14.347185,3.449234)
(33.252975,46.038004)
(16.281499,60.737842)
(29.497319,17.252232)
(36.409505,33.226941)
(3.431954,44.336022)
(2.472614,37.727933)
(0.095324,0.450922)
(24.695940,28.241101)
(57.421739,28.929462)
(3.376239,2.561346)
(10.355863,40.213786)
(41.903194,7.427047)
(21.470132,53.491276)
(17.232652,48.266119)
(10.920009,62.302976)
(0.456837,19.050261)
(6.599889,41.923728)
(25.362040,40.035759)
(47.336110,52.460357)
(4.816287,51.629421)
(26.443231,25.104504)
(21.135269,45.377868)
(31.206472,47.218356)
(41.372460,59.296414)
(21.457586,12.957627)
(15.494538,24.894327)
(13.379323,35.066192)
(44.203489,47.145170)
(56.423925,36.158495)
(26.253666,27.709092)
(5.281930,53.978002)
(46.870111,49.512876)
(23.953850,10.531062)
(59.437377,53.226754)
(7.001806,7.861470)
(42.526224,38.928815)
(52.826964,22.622109)
(49.184524,49.817572)
(20.175479,44.326991)
(43.650815,31.750044)
(1.579385,31.308088)
(47.746087,25.302285)
(17.675066,21.441436)
(26.386181,3.752826)
(53.773741,44.597096)
(21.570544,44.118390)
(29.439133,3.103334)
(47.174451,2.391108)
(14.936204,46.736577)
(52.515785,6.137188)
(52.301306,21.330887)
(0.611966,13.109406)
(5.728308,44.556371)
(39.147280,42.626293)
(50.188310,51.767691)
(41.734890,34.404117)
(31.680426,38.402746)
(36.368079,51.869946)
(46.937822,7.342695)
(44.101743,26.101370)
(29.673801,40.016820)
(5.714590,16.383819)
(50.950284,57.692711)
(0.112027,26.895077)
(49.500691,21.955830)
(24.501235,8.775363)
(51.763926,49.547469)
(26.230179,20.026692)
(6.863215,58.844717)
(24.259392,53.127220)
(21.965219,27.215472)
(0.373432,43.539109)
(15.780595,6.721098)
(40.547436,27.629547)
(15.448916,54.067259)
(16.167488,7.005166)
(15.054085,40.062613)
(24.061549,13.730731)
(9.271176,40.952625)
(51.097741,2.084698)
(34.169882,31.505120)
(29.630188,56.008434)
(26.900448,43.241375)
(52.628008,35.847809)
(28.356720,8.740080)
(46.898724,28.115443)
(28.101864,19.375080)
(25.919493,44.534700)
(36.287987,34.900311)
(51.021973,13.698927)
(25.357967,35.937732)
(48.919553,41.205682)
(8.774287,7.268171)
(0.245778,4.891742)
(13.703585,47.636667)
(4.891534,27.589007)
(47.537085,46.916443)
(18.645729,41.234383)
(7.974905,20.812951)
(1.217937,22.244119)
(7.896922,1.783505)
(23.507677,37.583999)
(56.109696,15.655822)
(53.573120,36.195856)
(31.761326,21.830928)
(31.214775,31.841737)
(32.435518,46.565438)
(30.344809,41.800331)
(37.960675,19.116398)
(23.698974,51.766554)
(31.295310,45.370255)
(1.785900,41.513405)
(58.224279,18.292185)
(24.730496,47.074675)
(45.520999,50.952317)
(40.597891,4.704034)
(37.069300,31.383415)
(30.705031,24.918425)
(30.722197,41.411546)
(0.841920,14.752954)
(43.997481,51.182808)
(6.078674,54.483342)
(8.523675,50.742449)
(28.818690,1.074919)
(44.477905,28.688657)
(4.036720,0.474410)
(46.227936,5.363687)
(48.511301,26.450049)
(52.215993,50.951043)
(9.620288,33.854911)
(30.993974,60.394339)
(7.961929,46.977614)
(58.293652,48.015092)
(19.022437,31.754923)
(30.612935,30.939594)
(38.613598,34.645431)
(24.355933,51.094857)
(45.252257,57.231584)
(18.259866,4.923208)
(46.240661,8.518566)
(12.220959,12.829025)
(27.098929,22.755034)
(29.171568,27.529284)
(17.134598,36.019671)
(38.740844,9.015953)
(27.066315,1.986125)
(17.446592,60.311345)
(38.295179,4.583817)
(36.844176,13.723385)
(20.370183,57.197100)
(39.735251,37.917544)
(25.529701,5.381241)
(48.202990,9.271232)
(34.314321,58.276553)
(24.955290,31.589955)
(22.117167,38.145266)
(47.391561,41.009478)
(52.708730,23.491363)
(5.332809,11.934523)
(7.610019,5.587730)
(2.915535,6.990252)
(12.181865,44.308285)
(11.439299,33.774803)
(38.063703,39.940647)
(55.756576,36.596197)
(34.640171,5.113558)
(6.168008,41.023657)
(48.442697,12.276496)
(46.628011,14.598437)
(13.801186,3.854264)
(27.446518,31.663600)
(48.248279,23.408255)
(24.929052,40.226152)
(52.824285,7.841378)
(38.337940,6.467958)
(3.899997,53.943972)
(1.629042,45.518509)
(40.171829,7.673287)
(45.486543,39.565629)
(15.004207,53.308161)
(29.666249,28.820912)
(41.875013,46.680822)
(22.207557,19.979177)
(51.628670,23.986455)
(34.990762,41.313169)
(19.392480,7.748050)
(45.454748,1.245063)
(20.093000,18.081716)
(14.439470,55.003448)
(49.508260,0.107912)
(11.874116,32.490075)
(7.368116,24.013459)
(1.189846,47.209162)
(35.556107,27.555703)
(23.527516,21.538549)
(23.397543,43.653507)
(41.564076,0.647565)
(42.343768,52.025067)
(56.258331,24.674377)
(12.010808,38.008224)
(0.803606,18.079394)
(17.502028,34.525006)
(21.831140,57.749764)
(16.504478,5.975346)
(30.254600,15.959206)
(24.982409,18.330361)
(38.188568,43.029871)
(2.534770,42.476811)
(8.193383,32.267591)
(38.030674,52.373285)
(34.508066,4.716379)
(36.570968,55.359891)
(51.688926,33.888781)
(14.966354,9.772927)
(13.474635,28.660512)
(29.796747,28.372750)
(15.572785,42.494124)
(9.216576,42.397716)
(38.983932,21.710815)
(37.591324,11.495784)
(36.337889,41.004299)
(1.881183,43.277439)
(54.166292,16.494497)
(2.713437,47.111635)
(9.537469,48.996544)
(7.989026,10.406754)
(52.712300,14.724068)
(41.397165,11.432723)
(36.969348,23.030242)
(43.629174,6.229127)
(50.010074,23.186659)
(44.205258,41.127182)
(17.620398,47.167695)
(5.318221,35.351967)
(54.951420,29.612138)
(11.784091,45.931241)
(21.702811,37.791296)
(31.883468,0.073332)
(17.016019,26.169745)
(4.159728,19.860953)
(40.503678,23.222076)
(41.237453,12.243547)
(6.215828,2.987341)
(54.019211,24.706462)
(39.188369,49.078065)
(11.208414,11.920484)
(39.144851,23.821010)
(22.794990,39.435539)
(39.847797,37.943177)
(3.865432,3.083604)
(34.712010,21.676444)
(47.949706,25.068938)
(36.778832,40.241552)
(54.360249,4.164492)
(2.299505,24.759591)
(44.478650,20.722753)
(6.952778,40.650243)
(32.636326,52.952473)
(44.064534,30.033771)
(4.032985,50.292180)
(12.210657,8.948726)
(10.612949,5.339698)
(19.725431,16.617706)
(20.111926,38.031916)
(5.527768,13.211381)
(0.067672,43.107107)
(27.852380,14.803939)
(30.712731,46.859753)
(38.039262,37.271429)
(9.939139,3.454061)
(31.431668,4.407600)
(14.857342,22.068690)
(22.165115,27.237874)
(6.899864,37.853915)
(14.413839,28.105618)
(8.070055,50.325064)
(19.072105,37.108369)
(7.626910,10.088995)
(60.406294,9.610697)
(27.162718,49.308261)
(32.752976,51.856297)
(41.212837,35.548614)
(29.729701,38.085566)
(48.693184,34.076386)
(0.653811,51.728648)
(53.022535,35.712211)
(35.682588,49.474498)
(43.797937,4.540341)
(34.680635,4.914300)
(25.289074,19.299776)
(25.189285,47.579645)
(47.341597,49.945357)
(10.193599,57.818420)
(5.479174,3.821260)
(46.186017,3.981700)
(15.276609,27.269512)
(26.983575,26.901295)
(21.818659,61.974741)
(37.442205,0.671073)
(29.475916,14.884609)
(24.014271,1.387131)
(25.617536,10.079037)
(50.002592,10.467973)
(0.173078,44.577184)
(28.518222,18.258661)
(50.412613,39.881085)
(2.354851,11.847800)
(6.306830,24.722368)
(25.591597,26.199852)
(1.589383,18.536401)
(30.118112,7.386244)
(59.519201,15.569483)
(35.193521,37.396054)
(35.145586,21.550194)
(9.283543,9.908247)
(18.712368,16.764709)
(32.768405,43.587860)
(48.307142,11.413690)
(46.379379,17.760056)
(29.872258,45.609618)
(49.351260,14.435253)
(50.139172,20.219635)
(35.320295,21.207985)
(46.258569,50.388644)
(2.372955,10.276668)
(31.544171,38.141747)
(47.924559,31.614803)
(47.614105,40.012557)
(2.466585,24.665684)
(34.595960,11.934129)
(33.225725,11.346907)
(12.374020,41.918784)
(40.569498,51.089854)
(31.669646,55.081266)
(41.217127,24.563721)
(50.393218,9.274777)
(10.248873,0.233239)
(60.550649,12.069365)
(13.855424,3.173626)
(23.327550,37.208198)
(30.668189,41.763542)
(17.614501,2.323258)
(45.716003,35.333085)
(42.834417,54.392328)
(29.282865,15.499735)
(20.564840,4.622302)
(16.112294,15.275095)
(9.324718,42.633301)
(16.760849,54.799130)
(53.251941,14.629443)
(13.819612,14.308029)
(10.166393,16.941403)
(9.061079,51.864379)
(13.625516,19.203172)
(10.302452,53.761793)
(31.020455,15.031376)
(28.913523,36.018192)
(45.375438,23.469547)
(40.147430,51.629560)
(39.044473,45.774396)
(46.197758,12.236689)
(6.619273,26.334194)
(2.778502,5.567209)
(12.044365,39.791716)
(46.328855,29.859276)
(55.101127,28.874246)
(35.627381,1.168713)
(41.337312,10.351573)
(17.508568,46.703774)
(48.291034,24.782498)
(22.820184,54.705408)
(41.366126,48.403930)
(36.246062,0.685661)
(49.106296,44.458707)
(41.045532,16.726207)
(11.820081,43.431183)
(60.173274,9.729964)
(19.096640,49.314759)
(49.339401,24.332338)
(34.726631,11.097118)
(33.197680,14.979668)
(2.282627,29.532073)
(25.564119,22.834936)
(28.749950,7.754571)
(13.450916,48.474009)
(19.634203,13.436601)
(42.193034,40.022892)
(26.508373,55.619445)
(35.969542,45.589396)
(24.879615,45.465480)
(59.713509,21.124632)
(11.981400,35.072500)
(34.184205,56.362747)
(32.285291,17.131179)
(44.029869,41.587918)
(47.211570,41.942506)
(48.962599,51.373426)
(9.051879,13.884347)
(37.936733,21.549681)
(33.730820,14.675619)
(28.866805,58.723477)
(58.291792,50.006824)
(0.516419,21.735413)
(27.288001,21.574878)
(11.676741,37.987796)
(12.021355,4.943285)
(47.897712,33.417611)
(5.667475,1.565417)
(51.448290,29.772241)
(28.969352,19.575140)
(8.940322,16.203195)
(38.137060,10.525733)
(32.889918,55.387115)
(29.411316,42.103519)
(27.770911,42.645809)
(55.478024,3.256971)
(61.199196,31.460379)
(54.345342,12.665087)
(57.903296,16.332291)
(29.464730,42.767966)
(6.833501,27.238596)
(37.431626,34.324531)
(56.630393,17.188207)
(47.611774,28.689922)
(26.777950,28.456759)
(23.462557,3.884786)
(2.032136,31.781845)
(62.928084,36.685538)
(52.734441,25.377215)
(2.231690,54.679934)
(46.641057,27.570346)
(47.418654,50.682662)
(17.628940,22.009881)
(45.623855,7.462218)
(21.103647,30.507507)
(6.217890,37.183825)
(16.314477,31.497021)
(41.256355,32.762098)
(22.112375,16.750324)
(39.711635,44.290307)
(51.019230,35.791764)
(26.270818,43.358270)
(6.309973,47.904267)
(48.008483,29.333471)
(46.220417,25.446442)
(3.245631,9.526199)
(10.799145,38.095582)
(4.325231,12.161045)
(34.811130,50.172413)
(20.967218,6.708715)
(56.436260,43.151118)
(22.792107,0.047695)
(47.925337,13.938100)
(3.918909,37.643781)
(39.714942,46.412639)
(47.432244,46.349193)
(6.405094,52.714824)
(18.471248,43.519761)
(8.739807,6.610340)
(9.689920,19.855469)
(14.139129,5.183612)
(35.966896,30.025051)
(27.261799,20.352959)
(0.243746,62.607646)
(58.365806,50.241002)
(5.822137,16.572915)
(27.353680,49.172213)
(26.252860,16.135230)
(51.538964,0.758169)
(45.005802,43.342491)
(21.680878,13.651991)
(42.565827,17.481506)
(54.535082,18.735336)
(4.185853,2.480131)
(1.587919,57.683082)
(24.656161,11.924288)
(10.246028,38.256765)
(5.297016,27.967029)
(7.907652,49.713923)
(50.503397,9.261013)
(37.387924,22.506000)
(14.761372,8.181598)
(2.404269,46.121807)
(19.230547,26.636629)
(3.022389,3.817245)
(40.549410,29.951983)
(51.678452,31.216482)
(39.741425,11.615950)
(36.475459,35.454730)
(2.466588,14.755245)
(36.544188,33.100504)
(14.262222,18.692151)
(51.831619,49.822517)
(48.271129,36.029557)
(16.657256,38.688102)
(49.698521,53.396485)
(16.780511,31.525049)
(1.294248,49.324326)
(26.907956,5.197459)
(49.675134,22.485396)
(48.442874,43.023090)
(2.556620,30.305501)
(57.779341,19.405906)
(40.636349,11.922530)
(39.960035,2.730361)
(2.322654,2.109359)
(11.983303,22.785368)
(8.275009,37.944297)
(12.080689,38.230584)
(44.250826,35.519710)
(43.001951,30.289405)
(3.229808,44.964779)
(45.316404,20.339151)
(29.847255,50.028166)
(2.630907,27.933199)
(56.069340,18.253836)
(32.974317,32.465780)
(49.964808,18.352690)
(16.590725,7.695024)
(55.329698,12.361713)
(60.056484,57.148902)
(15.848635,46.777123)
(56.815467,45.731154)
(15.610997,5.041735)
(42.323039,1.498822)
(12.624941,32.101240)
(47.390163,14.583737)
(43.533513,29.161555)
(14.270272,54.777689)
(54.572689,48.787595)
(1.763493,3.790391)
(3.606107,28.985289)
(15.330202,36.636852)
(23.657214,37.107331)
(13.190106,29.133715)
(4.311883,5.403207)
(14.089262,48.782790)
(28.350866,51.726783)
(5.023277,31.949022)
(14.762195,26.300004)
(45.513877,36.546371)
(44.108156,46.961629)
(42.736069,0.998237)
(15.257954,26.100167)
(6.208445,7.272816)
(18.194356,28.982757)
(1.108763,25.501055)
(9.042559,29.752356)
(29.002024,39.876413)
(36.519414,43.737091)
(33.208169,13.652724)
(47.176585,57.571057)
(15.034278,26.024616)
(53.020233,31.140510)
(33.585497,15.022221)
(17.215097,34.492886)
(5.290836,18.099760)
(11.535802,47.302452)
(13.222745,24.064210)
(45.463255,49.648276)
(15.748149,57.178124)
(37.675071,32.649176)
(42.789736,21.143945)
(57.583174,8.254875)
(28.105391,21.502987)
(15.685088,58.004118)
(12.732907,52.625500)
(20.860512,44.905636)
(23.411334,47.382614)
(9.252005,60.486800)
(8.392392,10.842197)
(58.380231,17.875825)
(21.316769,24.315150)
(31.108946,24.510156)
(0.763269,13.730978)
(51.017640,42.403799)
(47.670197,7.656722)
(10.366361,27.209609)
(22.942994,28.047267)
(16.550900,24.486446)
(28.462149,19.208582)
(12.843331,23.660609)
(38.262936,34.248541)
(52.742829,53.023542)
(15.687403,1.569770)
(36.614166,17.020314)
(4.922530,25.405086)
(34.337679,34.742251)
(58.148937,28.512369)
(26.299427,10.647831)
(27.391993,43.372407)
(19.642728,35.399952)
(38.472809,47.701852)
(8.313874,11.774313)
(10.637336,35.070047)
(4.190048,34.636088)
(19.189474,37.327569)
(45.032816,19.324973)
(2.797642,56.850080)
(13.909939,47.455892)
(1.629055,50.163662)
(13.625152,45.895480)
(57.489863,26.476316)
(43.283486,32.397337)
(47.213038,49.900204)
(29.326224,35.094621)
(51.238116,14.474193)
(45.357283,63.487026)
(41.834620,17.470254)
(42.268711,41.193601)
(46.316933,22.129658)
(14.055810,37.604793)
(18.648327,24.428425)
(17.273110,45.526773)
(41.826759,11.987535)
(27.571737,32.151682)
(19.147421,25.745599)
(33.015719,34.642530)
(30.496114,12.030744)
(17.480193,0.051565)
(6.005815,5.707515)
(49.499341,41.559693)
(11.518424,7.557126)
(25.418953,16.257482)
(39.986943,31.395526)
(47.711128,47.892329)
(36.332357,35.676746)
(4.236827,36.612666)
(12.015083,14.992001)
(47.707816,57.962493)
(37.134717,34.693002)
(47.643531,46.314388)
(9.172301,55.037080)
(35.945780,57.891430)
(9.306438,39.111722)
(9.830404,18.173197)
(41.105200,22.511998)
(15.441791,15.665502)
(33.115953,32.463863)
(42.091009,21.896835)
(34.586356,55.892768)
(29.854347,50.451632)
(37.480266,2.878032)
(53.656347,46.766991)
(21.194152,46.155256)
(6.824462,21.350526)
(38.093564,50.215124)
(47.893179,51.009009)
(13.219426,6.208725)
(31.033936,23.379831)
(24.132679,30.329622)
(8.548767,48.522434)
(54.674296,16.483661)
(35.144089,15.075106)
(47.360090,53.508344)
(5.831447,30.059390)
(2.198644,11.691560)
(6.925217,15.651052)
(5.331224,52.561069)
(7.823012,15.287944)
(33.614629,6.463029)
(35.975929,47.719999)
(41.161612,40.899368)
(14.745244,26.782337)
(39.272177,14.936256)
(38.617376,33.009797)
(29.990965,23.416823)
(41.200373,17.403608)
(26.454459,13.961151)
(21.467321,7.689152)
(36.355029,12.604526)
(28.812579,55.594199)
(19.057308,59.046584)
(29.406456,29.365078)
(7.813234,51.315707)
(42.412885,27.641971)
(26.077452,34.989380)
(5.649058,12.147100)
(43.768830,3.475497)
(26.198440,29.620107)
(20.820947,57.006121)
(38.438223,53.299779)
(0.452863,39.563828)
(30.047611,30.821423)
(11.549115,2.971010)
(46.558076,8.529799)
(12.322491,48.993641)
(27.934897,55.336765)
(26.877274,13.931437)
(11.124803,43.816555)
(43.480154,49.284767)
(45.980533,13.207751)
(47.035517,7.559069)
(12.695432,4.438616)
(31.966571,26.426368)
(28.222959,14.602972)
(41.942622,33.691163)
(18.013048,28.744831)
(57.225338,9.547498)
(17.943285,26.307164)
(50.357684,23.777340)
(2.676038,51.230021)
(7.357292,8.922529)
(8.494780,42.592453)
(35.111295,16.959282)
(45.829469,10.472711)
(1.674312,52.124880)
(28.745807,7.687636)
(28.925999,49.084363)
(30.413254,53.708417)
(51.050405,33.861643)
(36.867105,33.043047)
(38.226501,42.961411)
(54.901752,32.119579)
(56.102802,2.150069)
(5.997592,41.992054)
(41.937682,20.186818)
(44.939358,47.418211)
(18.423746,40.307910)
(8.432144,27.414385)
(14.049141,50.649382)
(16.714657,4.794142)
(8.560029,16.383295)
(44.175754,56.950920)
(2.526295,14.952076)
(6.418098,0.530072)
(45.911830,28.925184)
(11.216933,29.919624)
(7.554294,40.866918)
(2.011012,24.708975)
(15.790802,5.507394)
(35.814538,55.100279)
(49.654294,49.248505)
(10.052758,51.268338)
(49.137802,6.167767)
(46.070150,35.689781)
(2.725200,36.951683)
(2.202355,30.541549)
(27.639774,34.788075)
(41.570977,32.094071)
(20.309277,33.413727)
(38.154048,38.399325)
(13.416772,2.071555)
(42.709974,55.920939)
(29.898540,33.244902)
(27.204030,39.960628)
(36.969803,28.030375)
(47.698427,8.235332)
(40.724990,42.502397)
(5.989591,29.924134)
(36.350835,7.228886)
(45.281993,22.668497)
(34.885842,17.526435)
(47.511235,5.602587)
(8.876891,34.048319)
(31.507693,55.168980)
(21.079071,24.287317)
(23.680474,52.975072)
(16.571365,46.495111)
(39.537166,50.630348)
(1.548294,52.281472)
(46.649169,27.552996)
(31.743444,18.709407)
(43.733972,45.372902)
(19.465860,15.505919)
(17.112293,17.361963)
(51.730799,52.853392)
(5.117955,16.775284)
(30.152405,9.691595)
(57.573286,51.186477)
(58.011980,44.879745)
(22.737213,12.421982)
(37.594482,54.043047)
(24.353285,0.843018)
(18.749430,30.131799)
(5.388090,12.073874)
(44.035049,45.702312)
(33.379761,15.542356)
(1.844672,45.829298)
(19.204618,10.945834)
(20.601343,39.608120)
(39.512282,15.000544)
(17.254485,38.962973)
(35.046847,52.064114)
(46.312294,35.142160)
(44.825589,38.593596)
(10.683967,25.396144)
(26.640208,36.489805)
(46.997339,41.484331)
(32.075627,3.834996)
(43.029455,5.245883)
(49.869869,1.220189)
(26.235217,18.612309)
(22.080849,33.801597)
(45.514872,15.806475)
(58.446531,14.547599)
(23.035124,1.669017)
(36.060371,12.842809)
(4.556282,48.954289)
(40.271981,25.035957)
(17.109698,3.461815)
(44.946028,44.214733)
(6.614130,46.195780)
(47.222065,48.917545)
(0.925811,3.851859)
(5.367414,20.474942)
(28.691311,0.304237)
(8.985028,24.710354)
(50.624503,57.401007)
(33.694659,46.429646)
(31.195723,17.669132)
(62.161199,2.674104)
(54.067691,16.069190)
(26.780420,52.369179)
(12.512564,31.194670)
(42.447854,1.079363)
(7.329094,46.687852)
(20.602709,29.007040)
(33.226298,10.315385)
(38.080196,38.346156)
(19.737362,4.848088)
(24.259194,1.571524)
(8.971063,16.272716)
(34.551677,44.738350)
(30.126761,20.079417)
(48.644543,32.938989)
(28.158466,39.388887)
(2.703681,51.125781)
(18.849466,14.232169)
(10.019314,32.807649)
(40.640924,34.847061)
(33.456171,28.727504)
(53.278083,14.188788)
(51.921833,26.249411)
(10.661544,41.783517)
(7.480977,3.890809)
(51.408131,8.862425)
(34.109486,27.427743)
(7.822893,36.522389)
(9.629377,18.432856)
(53.765990,23.968598)
(35.883860,2.396563)
(28.059451,12.698328)
(39.940098,31.736867)
(44.098930,38.037337)
(36.458345,52.601274)
(1.087586,51.055651)
(36.656164,17.550414)
(24.972855,44.159952)
(60.586162,19.092546)
(28.449603,22.595428)
(33.290932,29.325964)
(44.858855,47.145153)
(28.307341,14.328866)
(58.893108,22.935441)
(53.505208,51.777983)
(26.590732,23.818804)
(40.560771,33.646191)
(34.293888,12.347598)
(38.628461,39.035598)
(33.977881,12.316965)
(22.435669,50.187721)
(39.699887,10.900487)
(5.249939,50.696768)
(8.131613,48.172866)
(7.398838,21.800342)
(36.291092,30.129447)
(6.527485,36.256770)
(39.592345,33.410207)
(42.430983,61.818106)
(25.332865,27.404248)
(29.964119,21.878480)
(18.784643,4.576667)
(3.997010,38.576820)
(20.038553,15.873687)
(55.985810,27.522709)
(39.977631,29.589038)
(22.300237,48.440190)
(4.256248,47.335268)
(5.121402,39.761219)
(49.336035,18.378079)
(21.742684,40.274376)
(52.314849,23.753413)
(32.617668,27.149602)
(32.570667,42.636081)
(19.569616,23.081804)
(55.272926,29.917481)
(44.173375,58.753210)
(9.790355,17.743713)
(36.552316,46.538457)
(29.811628,10.441818)
(14.963395,32.826173)
(41.579322,21.105630)
(39.173174,58.645324)
(18.689769,44.744190)
(40.491324,7.253584)
(60.045663,49.760481)
(23.249576,30.422605)
(7.801131,22.688292)
(33.035450,49.367761)
(38.974618,33.413466)
(38.156691,32.825874)
(2.118575,5.564974)
(22.217312,38.479467)
(11.168520,42.412682)
(22.640027,43.169590)
(26.520423,9.094560)
(56.311904,15.889392)
(31.925970,26.985294)
(12.001013,16.134805)
(23.386344,11.224537)
(1.026989,36.503504)
(20.292392,18.243902)
(40.695821,26.509749)
(35.087656,45.988420)
(7.103538,24.229566)
(34.799493,25.462022)
(19.679731,0.170579)
(48.777958,6.766900)
(7.276345,36.354816)
(47.319940,62.023150)
(2.480523,53.192939)
(41.535571,40.988447)
(26.033166,42.709771)
(32.320272,37.482364)
(0.589846,49.734368)
(37.700384,7.054986)
(56.866793,0.864988)
(41.071311,1.743141)
(21.300936,17.551779)
(58.755200,27.566941)
(9.608280,35.163214)
(42.186090,21.382914)
(55.035081,8.078468)
(47.760719,38.561081)
(16.812930,46.790069)
(49.346161,31.904863)
(5.711571,24.043938)
(44.633064,12.067809)
(20.135844,2.804580)
(9.978682,55.981721)
(43.394854,53.854424)
(49.300421,39.960373)
(42.010713,40.602307)
(0.838112,19.450725)
(18.063428,48.845862)
(16.480871,48.834213)
(20.115114,39.275479)
(18.829319,41.821284)
(63.843325,47.118741)
(62.142082,21.754637)
(58.553836,38.611406)
(56.616726,20.263630)
(32.879581,21.794596)
(52.995847,42.033532)
(41.241032,27.718194)
(58.546621,15.666264)
(49.910558,51.129198)
(9.175344,12.140882)
(8.848256,48.418806)
(6.972717,58.233594)
(20.118025,42.060564)
(27.776192,29.084863)
(20.977698,38.000426)
(31.530100,22.801886)
(14.290041,39.815204)
(3.735490,56.279907)
(28.855524,4.952852)
(47.816226,48.803713)
(38.508711,6.340613)
(34.945852,21.620375)
(38.980101,43.913673)
(29.642367,52.608483)
(6.506242,55.259536)
(42.702450,2.448835)
(30.488159,16.174508)
(16.620223,52.755391)
(48.534429,36.282289)
(25.155097,7.680064)
(15.997866,44.865388)
(8.864117,14.307143)
(21.740495,53.544806)
(7.732401,43.441501)
(56.697515,27.319581)
(24.648356,39.686353)
(2.763295,15.859752)
(29.504673,36.382572)
(0.954089,59.343609)
(51.595995,31.312885)
(45.471330,49.386330)
(36.846110,30.638556)
(6.619578,27.325008)
(55.996571,36.800718)
(39.046957,5.263445)
(25.787976,37.776359)
(32.714691,34.685976)
(43.493250,6.921076)
(20.082832,46.031011)
(56.886352,17.076468)
(9.001369,28.791828)
(14.222746,51.151258)
(41.273294,36.189452)
(6.895262,30.628449)
(37.900094,11.833006)
(5.909305,29.252269)
(4.763120,5.220618)
(12.888408,28.783870)
(19.731616,34.507455)
(41.724010,31.848292)
(37.792430,61.357999)
(35.379719,50.265086)
(2.526352,22.680718)
(14.273306,2.960000)
(5.907065,40.376570)
(38.689490,42.191720)
(24.963988,30.659943)
(34.757057,27.276081)
(54.276289,25.982233)
(14.691930,29.427552)
(10.997890,26.674654)
(31.342966,7.388130)
(42.225613,39.336453)
(3.081974,47.676357)
(36.915490,43.720730)
(18.149458,11.038932)
(10.404905,7.066059)
(8.750210,52.215802)
(48.918107,57.048193)
(10.288035,48.274268)
(48.540456,50.344941)
(41.360047,45.619727)
(36.853397,30.606710)
(28.086669,20.650008)
(48.636250,23.739902)
(55.311867,5.956997)
(18.990246,43.513163)
(1.257101,27.184875)
(58.708046,51.187254)
(27.360211,29.620623)
(45.967423,38.984170)
(11.213792,46.751682)
(33.971846,21.928869)
(43.756823,17.732827)
(7.836361,57.001596)
(60.109424,27.882492)
(47.975685,29.537448)
(18.073595,16.339922)
(43.694527,39.193816)
(42.934442,7.896329)
(25.326158,21.330603)
(3.759121,49.521823)
(29.081823,50.834660)
(23.548956,8.656206)
(7.807733,58.043947)
(26.445274,54.463593)
(7.187493,13.997341)
(43.061828,35.526973)
(53.605015,3.866117)
(50.346461,12.286694)
(34.282934,38.221573)
(35.962444,10.126744)
(6.625822,43.853591)
(10.270696,49.486997)
(24.469113,20.852446)
(2.857912,9.419824)
(39.009453,37.750618)
(7.730782,21.579582)
(29.638126,36.277995)
(5.099591,9.385813)
(8.025124,37.575653)
(44.237500,1.525736)
(29.634784,46.432699)
(51.612666,49.003775)
(28.290093,13.483568)
(50.889994,51.980336)
(27.716659,11.118171)
(22.043587,6.363166)
(18.465334,6.893528)
(16.688462,50.659030)
(34.494211,1.269815)
(7.654994,24.491137)
(56.949773,26.470833)
(43.162260,46.224503)
(50.481067,2.048261)
(49.610269,50.815296)
(35.176878,10.188463)
(8.399393,33.648761)
(48.593218,42.670728)
(47.024118,46.519329)
(29.638865,33.503702)
(41.412978,21.318862)
(39.472103,17.495019)
(53.156986,30.453488)
(42.718097,47.761881)
(42.748582,49.537578)
(27.785318,61.082930)
(13.124976,42.341344)
(10.402794,35.049158)
(41.418137,13.726640)
(19.207057,54.993664)
(43.465568,0.750452)
(10.812906,54.049848)
(41.228884,10.457566)
(44.041494,35.075922)
(26.312643,52.977521)
(13.571118,42.214525)
(50.654281,50.477986)
(29.587623,32.306707)
(27.167270,9.162530)
(56.550483,41.631217)
(4.137654,20.914073)
(6.799732,15.693187)
(2.254784,5.391892)
(46.275815,18.971846)
(8.878754,15.300697)
(37.669076,19.968630)
(23.172208,57.079588)
(11.739038,25.941940)
(41.003091,25.748748)
(30.839450,29.800186)
(39.378190,28.356177)
(12.783073,53.191162)
(25.302411,26.553545)
(59.678813,40.636406)
(25.158063,41.932013)
(49.434506,13.503981)
(1.837758,21.935055)
(13.651115,46.765736)
(40.332643,41.511931)
(56.115236,40.957421)
(42.350419,23.356959)
(1.784641,22.821406)
(55.151585,7.385708)
(55.472466,21.711147)
(11.453548,51.816310)
(0.025133,57.673891)
(16.808178,11.997578)
(4.601893,11.545629)
(33.112554,39.000502)
(35.060489,50.865838)
(4.349700,9.264012)
(5.895007,26.937538)
(0.687646,45.920976)
(40.984394,45.832803)
(45.282032,19.672168)
(29.868513,50.854295)
(33.426077,3.549919)
(14.147792,11.819161)
(0.989010,2.735738)
(26.404299,6.915480)
(49.802908,45.563619)
(5.868911,9.710632)
(23.947222,39.492643)
(31.159898,27.898741)
(56.087762,17.973033)
(3.500718,20.111395)
(50.157163,51.781140)
(9.478641,25.068151)
(20.708649,0.708269)
(0.699882,44.544130)
(39.605527,2.776909)
(62.753654,12.457492)
(35.817651,24.784082)
(53.366804,20.223764)
(40.171874,18.910387)
(10.938323,4.042290)
(49.522571,34.836967)
(19.224768,31.687898)
(45.009749,44.839058)
(32.703762,42.057272)
(21.578197,14.760742)
(2.875426,22.732418)
(5.361547,33.791117)
(24.548511,35.551578)
(23.075778,18.511278)
(48.143563,41.506927)
(45.271071,12.290403)
(29.692939,7.672303)
(50.202352,20.704845)
(22.010105,22.482903)
(31.348638,31.065218)
(0.500507,44.550523)
(50.420073,44.227494)
(51.093094,40.673378)
(36.439824,33.187663)
(21.870227,17.919945)
(37.640262,55.345058)
(33.264865,12.595656)
(25.670925,10.259922)
(31.685174,30.958142)
(27.786984,36.356301)
(60.285145,50.060192)
(53.075129,13.806414)
(8.679650,17.974673)
(39.071503,12.239871)
(27.757199,15.369241)
(4.136915,25.819518)
(8.298836,37.060513)
(24.673607,2.335051)
(59.560697,2.157335)
(51.573991,37.123327)
(25.394760,17.841084)
(35.508581,3.277634)
(6.041279,0.665317)
(9.766983,4.067854)
(62.179157,23.112950)
(36.458235,53.276391)
(50.295410,40.545510)
(26.795159,14.274993)
(33.852463,24.378370)
(33.813932,39.636967)
(18.045743,52.827469)
(5.821044,43.197066)
(48.455528,25.874116)
(32.670539,40.531709)
(50.292746,23.386797)
(0.903341,12.299735)
(34.824614,63.021801)
(47.277534,38.413384)
(6.903762,54.828424)
(26.447258,46.499344)
(20.091673,18.706053)
(18.465555,54.866251)
(22.884407,17.567827)
(32.383267,39.526390)
(21.809915,36.615165)
(1.462518,38.851060)
(21.004943,3.689866)
(16.637183,47.135602)
(7.046702,44.384944)
(52.350365,34.430837)
(16.929843,43.781510)
(19.000838,32.669769)
(1.291852,8.198070)
(37.371893,15.065645)
(35.674092,11.820804)
(62.399401,4.357039)
(11.557472,11.009620)
(44.899169,5.617408)
(19.955421,14.252880)
(11.459411,43.811949)
(4.737938,5.513626)
(47.969850,20.416586)
(11.383070,10.299541)
(57.735437,33.531844)
(31.343419,24.939542)
(21.377125,28.240627)
(15.594916,2.161948)
(42.451071,38.110972)
(3.043596,16.184632)
(17.793178,0.141464)
(41.106979,13.400293)
(2.853923,6.318351)
(33.574159,0.311497)
(41.235287,50.720924)
(34.250768,7.871475)
(34.377247,19.296770)
(51.127570,33.117537)
(23.985273,32.743995)
(9.945486,30.547481)
(53.189752,43.834318)
(39.136120,30.189702)
(5.311713,28.369861)
(43.076770,58.733297)
(46.649940,29.621547)
(39.661944,11.744932)
(18.400676,52.277299)
(30.118341,40.116352)
(48.419915,19.177860)
(7.014737,26.379312)
(19.976734,4.055347)
(16.158660,57.292898)
(18.755372,40.375693)
(53.507859,52.285423)
(2.765450,27.348400)
(28.559698,27.646188)
(16.474823,58.613017)
(50.200320,16.491134)
(4.657865,44.290302)
(31.415310,49.573403)
(9.429426,42.131564)
(1.074478,35.376831)
(32.676331,14.170727)
(50.870128,51.537077)
(28.846130,13.817866)
(15.087291,27.876028)
(36.077211,39.107625)
(45.370204,3.131165)
(8.776259,58.178715)
(29.236578,24.643679)
(20.247653,8.970928)
(39.917543,13.584041)
(26.801067,19.755153)
(12.132469,6.859509)
(44.058503,56.281261)
(39.103778,50.228341)
(42.628762,6.182589)
(0.964872,28.756998)
(35.507034,24.279971)
(34.769950,48.254632)
(24.614556,20.852420)
(4.999906,41.840194)
(18.953777,19.015797)
(22.864145,37.066912)
(24.183129,46.260899)
(31.269988,33.869567)
(42.981638,54.464249)
(41.200468,56.391401)
(53.043011,14.811091)
(41.265794,53.751017)
(22.714318,32.461950)
(7.764323,15.606930)
(52.061044,21.289022)
(54.685775,41.678735)
(43.953766,25.999836)
(33.886430,45.014414)
(21.163604,20.321947)
(21.913187,10.622234)
(34.817832,18.807388)
(3.563875,16.541531)
(13.862571,38.176503)
(25.780535,42.163861)
(29.108274,24.067017)
(47.887188,27.379054)
(41.412090,22.518444)
(48.091628,40.837758)
(0.557997,39.552791)
(42.384105,42.912651)
(12.870650,3.313134)
(17.048222,45.435188)
(11.197936,46.884160)
(25.492333,44.603937)
(41.654200,60.355530)
(42.426728,32.707757)
(45.761217,30.253126)
(47.995864,17.974546)
(47.615911,2.469626)
(13.510496,17.966820)
(31.695938,7.821028)
(28.764266,13.075001)
(13.604834,0.113254)
(5.028460,48.089899)
(25.466999,53.508925)
(8.438705,13.658043)
(37.155429,1.186006)
(36.887809,52.569320)
(37.038265,5.274616)
(30.514524,22.775176)
(1.885988,10.333074)
(51.774553,5.696766)
(35.790058,6.049423)
(52.453036,35.785499)
(10.983988,37.348685)
(3.347634,18.284287)
(24.806265,7.945443)
(40.865091,15.432348)
(28.854726,35.945146)
(25.597453,49.389053)
(1.455603,48.839408)
(33.579468,24.056216)
(0.854137,50.514653)
(41.539151,1.905289)
(34.582301,0.397420)
(23.492139,43.204238)
(18.021950,58.116480)
(36.374031,35.251986)
(50.172402,10.901021)
(49.099786,5.626240)
(12.598486,37.716387)
(18.389953,10.702626)
(62.964965,27.332784)
(16.006394,50.121958)
(18.490495,11.103347)
(20.635642,11.210949)
(21.745506,34.503585)
(25.754833,1.045936)
(52.785561,35.455656)
(18.003232,54.936080)
(42.115918,12.533741)
(37.089627,52.466320)
(43.601976,39.785453)
(25.206504,44.527891)
(3.601078,28.135596)
(12.452961,46.560431)
(49.377602,34.399768)
(23.424927,8.764202)
(21.024891,52.784345)
(30.590283,25.318448)
(45.252381,18.862913)
(18.463912,18.624392)
(25.428606,38.787553)
(52.212792,42.163232)
(55.047101,5.519587)
(12.976210,61.454367)
(22.968603,21.222764)
(10.781267,37.736903)
(47.867506,49.009110)
(8.093876,36.615991)
(42.015922,15.239091)
(4.731017,13.415334)
(0.833829,1.595567)
(3.083904,39.382794)
(49.426709,45.341040)
(18.646013,29.354078)
(58.940949,56.409621)
(34.181992,15.755978)
(40.350109,28.481788)
(38.971600,16.276503)
(53.436616,27.320572)
(29.250466,44.541230)
(31.369584,14.354193)
(37.005723,40.437464)
(44.360606,36.517974)
(45.131866,22.186271)
(60.154044,40.416631)
(28.262238,4.526779)
(41.495061,34.512653)
(50.994145,15.529170)
(45.316678,48.611931)
(32.791948,38.306541)
(54.205826,48.903957)
(41.040823,31.771709)
(49.092593,9.155055)
(14.044071,30.505650)
(18.450337,1.177350)
(35.879125,21.670642)
(29.900650,44.406346)
(32.180518,54.154802)
(37.263356,40.659464)
(26.165577,30.852707)
(21.651165,33.794939)
(41.591723,4.477750)
(42.403231,40.543978)
(10.764019,32.813993)
(8.421002,3.054416)
(17.907732,56.562178)
(27.838095,56.699870)
(45.117863,8.323053)
(2.505292,54.823327)
(16.719468,10.717078)
(19.386239,16.587648)
(46.055917,6.255406)
(25.691810,8.118728)
(4.190747,2.642635)
(8.842429,8.270755)
(51.810889,37.128345)
(42.405153,30.477565)
(48.999909,50.967146)
(35.132623,36.513362)
(58.514849,10.912725)
(4.566402,54.386882)
(6.518915,10.730183)
(2.143584,4.491286)
(26.482991,39.735568)
(7.951340,21.437173)
(60.614055,15.041282)
(37.052480,0.192148)
(3.352581,52.294793)
(15.700050,24.545508)
(2.981865,27.463215)
(31.763348,26.766671)
(3.243428,56.309332)
(35.074164,6.381625)
(0.976678,9.106597)
(7.975741,12.043288)
(56.522015,22.150378)
(38.888082,21.626661)
(32.492536,2.305197)
(51.771368,40.011488)
(32.128925,21.888828)
(20.545510,38.659051)
(14.649352,2.844434)
(12.843967,14.592815)
(22.731949,60.278806)
(12.179324,17.995998)
(15.033735,17.238455)
(39.715389,6.126875)
(2.480710,36.469006)
(6.600931,30.586865)
(22.621644,5.006929)
(51.660030,33.050451)
(45.771303,14.657371)
(0.720997,47.446341)
(39.502694,3.334662)
(38.342200,52.484527)
(1.346483,54.111050)
(21.648186,32.924082)
(24.390096,37.918902)
(30.722382,13.869930)
(17.264193,9.170519)
(22.591533,16.374382)
(12.782883,55.500359)
(18.457472,42.545455)
(53.333913,49.354655)
(37.408163,49.276875)
(28.931689,3.066963)
(36.171275,34.929827)
(5.517204,26.832545)
(19.655920,16.854832)
(59.710538,18.696704)
(53.065318,20.874899)
(58.739807,42.520264)
(36.493857,34.986415)
(29.961849,40.625439)
(58.033926,47.848350)
(25.487880,41.714299)
(9.621283,31.991996)
(21.600771,31.904593)
(27.089483,42.505421)
(53.338643,30.192235)
(25.059787,32.007611)
(21.597061,28.640298)
(60.041866,40.487227)
(10.711330,31.916806)
(2.784153,2.602674)
(5.308213,11.738289)
(37.510223,43.989657)
(23.586282,2.119895)
(4.170316,53.477908)
(5.896844,51.391738)
(6.060276,51.926278)
(15.069082,42.145838)
(45.363218,21.333824)
(11.543868,48.643656)
(33.424452,41.888982)
(23.423297,31.020906)
(11.605929,18.717639)
(8.815425,29.769326)
(54.557437,42.117600)
(8.096805,44.510030)
(26.106924,24.501391)
(12.672568,29.486310)
(49.662917,26.716327)
(50.543492,38.394829)
(13.784441,13.405147)
(39.909396,27.675146)
(54.960046,0.181641)
(0.237687,30.656344)
(39.975887,22.543554)
(42.557830,25.605234)
(3.885069,59.311078)
(52.521897,37.838347)
(30.162516,22.102716)
(6.309849,46.232527)
(53.206504,41.834978)
(25.148372,27.377145)
(10.756572,39.825779)
(51.433959,11.249161)
(20.767931,20.235124)
(41.875934,45.630447)
(31.618203,11.142146)
(50.097158,27.557727)
(45.509393,53.097128)
(2.309324,10.713464)
(44.297221,32.204973)
(21.907805,16.395862)
(48.023903,9.410104)
(20.929343,44.280760)
(13.595725,30.394506)
(30.841859,36.348302)
(42.382222,48.381444)
(49.463800,42.333417)
(3.671021,37.675752)
(19.167083,14.203917)
(39.618970,25.160024)
(3.832087,19.620682)
(44.797481,11.368243)
(50.958728,44.717785)
(2.357585,9.903690)
(43.110614,26.311473)
(44.131274,30.290077)
(18.027231,3.750748)
(22.749966,51.989075)
(36.322119,43.937890)
(24.766965,6.128109)
(36.957223,33.854336)
(7.531914,32.048942)
(7.006990,45.067778)
(4.076087,38.641001)
(6.757475,25.043844)
(3.517556,33.530068)
(28.753696,56.900751)
(45.189622,16.091692)
(53.907340,21.175847)
(44.444727,25.720362)
(12.746810,53.839178)
(1.064198,56.109661)
(35.137787,28.813878)
(59.784160,16.406710)
(63.055937,52.813718)
(29.537043,0.827207)
(59.589713,12.617945)
(31.230842,23.372048)
(55.556197,13.313597)
(26.902043,49.697476)
(19.112447,37.675439)
(4.350604,13.513896)
(28.166354,51.758456)
(42.342754,32.567848)
(25.933215,47.404583)
(18.106684,9.062140)
(0.927036,29.618636)
(42.770821,22.199184)
(53.458942,52.619546)
(41.997395,53.726535)
(6.942954,47.790556)
(2.584390,40.026080)
(8.111653,36.321863)
(48.117390,20.563233)
(53.020656,19.895673)
(44.738884,27.306114)
(40.101126,4.156822)
(38.371726,22.898052)
(46.131454,32.903730)
(20.614214,51.591699)
(28.873941,42.298142)
(21.451300,10.327581)
(34.796283,24.810165)
(35.655210,24.905393)
(8.809833,35.445533)
(1.860645,1.312233)
(57.100431,0.467294)
(51.315408,9.488753)
(41.483999,33.833491)
(18.951416,40.523164)
(19.137586,45.140899)
(3.028690,49.403152)
(28.475592,22.936270)
(8.684774,13.243567)
(22.080337,12.803543)
(20.819709,61.030799)
(7.958976,40.541161)
(10.454584,6.814832)
(22.610166,1.177247)
(45.634064,37.899221)
(9.095374,16.883611)
(46.090181,0.244446)
(45.119905,43.628043)
(24.487361,16.569241)
(46.297476,25.384229)
(22.734057,5.998263)
(38.389880,53.356625)
(18.346999,34.341123)
(34.496661,55.917836)
(29.786482,37.867618)
(26.163310,3.701861)
(49.335839,23.837188)
(6.194967,26.183552)
(19.922891,62.685352)
(10.447377,55.318429)
(38.228621,56.384722)
(27.416457,2.605530)
(25.928432,32.901162)
(20.433896,29.297925)
(13.634578,34.176814)
(41.404203,54.634727)
(28.326074,35.762732)
(36.008319,31.701073)
(13.639879,40.890708)
(43.180733,55.479147)
(2.806437,43.938617)
(9.639787,53.499974)
(35.215396,58.940711)
(25.162580,23.401988)
(12.845530,41.886002)
(49.046477,32.381868)
(1.087271,45.306500)
(52.252209,29.599290)
(48.117213,22.399136)
(45.569382,5.810896)
(11.134299,14.108194)
(39.772323,33.974062)
(18.593916,31.027904)
(1.962104,4.253159)
(48.629134,45.249644)
(21.167858,38.089737)
(45.915933,44.105548)
(23.690254,18.823726)
(22.565059,8.028793)
(34.579591,17.644112)
(27.624287,33.347866)
(28.646040,59.230440)
(5.197743,12.612339)
(24.295651,39.512291)
(19.528380,57.948488)
(43.346747,40.341781)
(0.994713,9.074128)
(50.375005,39.167132)
(5.094547,42.031283)
(52.393558,43.023510)
(34.393547,38.073077)
(8.253645,0.286551)
(6.163959,56.710572)
(12.856861,48.624792)
(55.513436,46.172322)
(45.742111,56.249601)
(23.756938,46.397261)
(33.707960,13.136870)
(33.673686,20.915837)
(20.670515,1.786482)
(5.332602,34.246202)
(20.410502,25.228810)
(24.730382,2.589851)
(13.836685,45.039679)
(38.187879,41.162567)
(41.471447,61.427762)
(20.094938,11.924510)
(1.997471,42.286901)
(13.803846,12.144487)
(34.027651,8.079514)
(46.601481,18.756595)
(12.033407,4.717062)
(56.546426,31.543664)
(25.487495,29.845812)
(35.367041,17.710955)
(17.286573,18.609647)
(49.518831,27.172814)
(12.881660,2.624180)
(3.145276,31.810642)
(53.472935,32.358556)
(37.071959,26.933361)
(56.078269,30.649680)
(39.350964,23.308445)
(38.334600,0.267570)
(47.937005,30.263748)
(24.155586,0.891599)
(42.998065,43.885202)
(3.377269,42.226854)
(48.942010,14.126055)
(2.520093,47.279768)
(3.978254,37.101731)
(7.044553,15.292865)
(41.628948,40.113094)
(23.253807,27.399023)
(36.223850,51.760262)
(18.740715,27.498123)
(14.168041,53.951904)
(41.144719,24.988911)
(30.014330,8.652870)
(13.325806,15.861288)
(18.922084,1.510358)
(3.974975,14.533782)
(35.166930,3.475712)
(53.454658,14.707170)
(9.837553,26.896426)
(36.558772,57.863735)
(0.562304,2.636480)
(47.205258,42.297246)
(47.600237,19.425131)
(54.494377,4.394135)
(62.009823,42.216669)
(28.491245,9.769138)
(11.391624,31.440892)
(5.648260,36.007138)
(14.355368,14.224346)
(10.526490,15.439245)
(48.752944,0.545928)
(36.255530,57.469749)
(5.313849,6.721713)
(10.240718,52.629685)
(62.022528,32.219921)
(58.735889,7.506691)
(19.358594,26.452812)
(14.199268,22.290147)
(63.113168,21.775668)
(2.453356,35.784399)
(50.205834,46.862133)
(6.748585,59.452412)
(6.241546,42.879985)
(51.919045,1.740228)
(13.436256,46.175674)
(31.967324,12.236728)
(4.201062,8.049407)
(24.499928,4.263532)
(7.640013,9.202112)
(37.773226,17.168747)
(0.257328,46.984663)
(54.525807,26.271515)
(27.991169,9.508979)
(4.760057,25.547717)
(27.127077,43.867841)
(53.011263,19.855880)
(18.319518,29.443771)
(40.011350,19.163122)
(19.708231,36.195863)
(5.869200,2.438561)
(5.863391,41.228428)
(19.948348,29.084352)
(41.384591,7.860045)
(58.629827,13.490801)
(44.159918,46.937042)
(35.311483,31.220786)
(38.999481,9.863601)
(43.060649,48.130452)
(36.545098,51.870473)
(47.577453,3.747071)
(32.756216,31.681418)
(3.109353,58.066307)
(35.649774,0.586062)
(46.962141,47.747434)
(1.892697,9.880967)
(17.785114,3.557738)
(21.240229,18.175061)
(37.505587,9.490923)
(12.573115,14.776058)
(1.026072,56.425074)
(17.656690,21.442472)
(49.770467,34.677068)
(14.059618,46.408235)
(26.457578,54.784701)
(22.825856,32.726783)
(19.108160,29.656499)
(18.813469,55.732324)
(10.416754,35.386329)
(47.031488,22.704973)
(40.356114,5.220185)
(3.790095,2.258031)
(18.710931,30.880806)
(7.373464,34.289836)
(12.341453,29.726647)
(40.581535,47.306239)
(32.836091,7.410933)
(5.387650,14.038534)
(52.601388,17.338868)
(46.786100,39.430841)
(29.463615,49.948894)
(27.217158,27.532307)
(45.389833,22.839412)
(30.961477,12.570147)
(22.692652,51.674577)
(33.352105,40.398554)
(28.216245,36.666365)
(14.693387,25.290000)
(53.213148,28.380907)
(10.193900,10.345818)
(14.251278,36.303495)
(10.600255,45.887092)
(36.685028,51.814196)
(44.667776,21.525405)
(32.964596,27.117499)
(24.270229,45.881137)
(31.972604,36.002719)
(44.989096,47.228403)
(19.777873,42.242103)
(5.473756,29.096437)
(36.138985,21.458614)
(51.402743,13.984730)
(42.090082,26.168397)
(11.800593,28.046336)
(40.405148,13.600955)
(14.633802,42.894458)
(38.885539,38.815340)
(38.745768,17.667769)
(4.497343,56.578773)
(27.163777,32.217537)
(39.502613,19.650870)
(50.814773,22.889907)
(8.404443,40.067149)
(44.948989,40.289491)
(5.813251,11.167961)
(26.377019,20.696034)
(45.732663,44.214809)
(25.737356,21.575671)
(19.071157,24.652482)
(25.390612,2.763468)
(41.007307,52.414454)
(33.127894,59.716433)
(25.227072,43.948833)
(53.112926,8.216878)
(26.389941,1.827808)
(6.419003,34.365601)
(17.635113,44.281649)
(47.475109,10.626019)
(17.108478,15.637757)
(44.268380,58.978789)
(11.336500,38.581663)
(27.846260,28.412119)
(17.556980,33.607964)
(49.570258,34.308809)
(21.810775,46.051971)
(32.533364,42.541662)
(50.431812,35.650508)
(30.146686,6.526846)
(49.190986,27.539414)
(42.070201,11.786433)
(57.869177,28.533341)
(24.682831,60.534991)
(50.884228,5.094955)
(3.543879,34.548877)
(30.908065,54.272882)
(43.936719,49.255323)
(14.450098,30.416222)
(21.358825,47.159103)
(42.615689,8.241218)
(46.898927,25.694985)
(28.165361,58.686828)
(2.618149,18.987671)
(1.262439,41.048875)
(3.525381,37.462371)
(12.368389,40.167975)
(6.062330,17.027406)
(9.606290,49.015673)
(19.955732,19.642106)
(29.437021,49.554780)
(25.663861,52.180620)
(16.077442,2.910876)
(48.435709,35.115265)
(32.875543,12.581904)
(45.159806,37.180033)
(38.999073,13.844516)
(28.719174,50.671872)
(29.417345,23.305939)
(14.043301,4.702312)
(35.239708,20.121094)
(8.169173,20.887536)
(56.197366,22.813564)
(32.487326,19.611855)
(7.412600,39.463496)
(60.481435,1.732907)
(4.412779,14.826899)
(27.258020,26.245369)
(19.439304,42.117700)
(60.953736,15.536052)
(46.079632,4.758412)
(20.294724,9.313148)
(21.888331,19.281900)
(14.081293,35.002577)
(49.104883,18.864055)
(37.933851,15.541338)
(54.874390,48.223390)
(38.201981,23.552705)
(46.055121,50.446795)
(3.980578,5.536207)
(16.866196,15.384477)
(13.367024,40.353067)
(43.290919,18.866738)
(10.792082,51.568007)
(23.756218,38.617601)
(63.310563,17.981619)
(4.971941,14.850784)
(33.185175,10.438758)
(60.919009,1.517662)
(2.647441,27.083200)
(28.146045,46.443815)
(4.223790,19.374682)
(39.900344,0.047610)
(17.969418,2.673461)
(27.988279,33.176431)
(27.425541,44.445012)
(25.138592,52.729348)
(6.845894,37.498981)
(30.436064,9.662951)
(12.785963,6.935192)
(54.896637,20.794952)
(22.623706,20.732888)
(23.725102,3.095172)
(14.523002,58.294362)
(52.474112,14.402352)
(18.472390,28.677908)
(37.241535,31.361272)
(58.021878,24.563257)
(41.390830,13.399692)
(59.359292,26.283879)
(17.620420,4.718507)
(42.839976,12.641504)
(11.048999,22.694386)
(19.532691,39.115473)
(14.731283,0.592628)
(42.192796,9.502507)
(42.283876,6.939249)
(17.880432,1.089363)
(7.020764,36.135233)
(7.361339,36.349039)
(18.024061,5.231591)
(50.576329,4.614715)
(26.203113,38.783869)
(1.662086,62.832363)
(15.650840,41.547497)
(17.472610,50.556725)
(43.541362,6.826744)
(9.731345,51.969470)
(21.947208,2.145009)
(5.999787,18.052905)
(4.256738,18.101860)
(36.186178,31.121323)
(17.368845,28.398996)
(12.075113,14.902753)
(7.536993,9.046267)
(10.243384,34.155436)
(40.818644,11.664313)
(14.954564,7.227793)
(5.859296,21.921908)
(22.949082,8.162551)
(41.002092,14.252765)
(14.350497,25.461038)
(24.735050,16.560815)
(55.057672,9.315772)
(33.077634,31.991615)
(2.099564,19.747882)
(6.682400,38.277162)
(18.786536,38.378840)
(2.287159,0.002909)
(14.669295,14.709327)
(14.043794,60.092992)
(28.774044,46.750501)
(40.863829,30.012693)
(20.810834,25.025965)
(44.099955,45.298761)
(6.327736,24.074996)
(3.041034,23.836373)
(37.651733,7.341214)
(29.398849,41.513199)
(28.423751,35.271165)
(58.613475,49.181452)
(25.338149,30.783877)
(39.134391,40.644436)
(21.778461,45.674549)
(36.360363,3.092049)
(2.080284,29.869458)
(7.832439,34.908061)
(36.609270,9.003644)
(38.055481,15.136203)
(43.309270,2.710885)
(6.000137,48.657242)
(34.091088,18.486873)
(17.994860,55.081856)
(21.726117,10.207383)
(23.320460,27.448935)
(35.285375,3.981683)
(11.327450,44.355838)
(10.522605,10.656306)
(56.743821,33.704243)
(16.194786,5.611454)
(47.862283,5.487077)
(60.254142,37.820358)
(24.852088,22.465693)
(56.612797,58.895125)
(17.756791,21.125733)
(50.207487,24.835500)
(28.189922,50.049227)
(22.664260,27.560496)
(17.707015,45.292637)
(36.493194,49.698440)
(13.375178,44.720765)
(18.873289,42.035203)
(45.545458,43.489745)
(45.978722,20.359700)
(30.413918,39.244033)
(16.180305,28.199984)
(45.008461,50.507748)
(48.158472,2.872784)
(31.751422,4.904223)
(22.354821,4.831184)
(41.040940,1.668686)
(10.616282,33.214193)
(47.862823,61.032265)
(20.999548,37.218208)
(52.347216,10.352903)
(39.903253,32.774424)
(8.439139,40.425279)
(54.360149,54.044009)
(7.065539,3.855924)
(28.041149,50.751821)
(19.215591,23.930650)
(33.748433,8.716727)
(13.529196,4.229642)
(17.327314,59.079201)
(47.255496,26.902885)
(15.338572,42.310930)
(59.046329,50.316482)
(24.888570,50.879168)
(53.374461,14.425284)
(44.461083,51.956801)
(43.171835,6.978478)
(1.398483,49.827279)
(2.476849,41.453205)
(53.359170,33.928651)
(45.987123,22.592534)
(6.111110,13.358340)
(12.940367,58.231457)
(35.078957,46.048171)
(22.284006,37.010986)
(43.468238,20.969077)
(6.529515,45.544429)
(53.535858,19.366767)
(23.170778,30.938025)
(45.181573,30.857117)
(11.881555,5.089325)
(11.133784,13.287826)
(54.924328,36.231486)
(16.450016,12.278557)
(13.730015,6.196188)
(13.737237,42.499817)
(28.826017,55.900555)
(19.810145,50.105653)
(19.610057,21.938505)
(35.976751,26.301595)
(41.154339,30.748506)
(11.031795,35.793743)
(32.767380,16.056177)
(27.514429,6.896498)
(41.555576,27.954521)
(30.077446,3.928456)
(4.619658,56.109154)
(25.918125,30.367895)
(52.896740,16.679996)
(22.330932,35.105834)
(36.831206,35.207729)
(19.950400,53.971218)
(39.179654,44.436031)
(30.773788,47.583212)
(25.308376,41.226692)
(52.144444,54.141367)
(43.186242,11.038563)
(21.438428,33.201130)
(42.571786,37.761015)
(57.955197,33.086034)
(43.401077,32.176839)
(4.832883,33.036630)
(31.945196,19.553922)
(50.924090,13.538646)
(50.616136,12.705592)
(36.626689,10.036143)
(37.629451,10.565364)
(47.095663,52.800416)
(31.230948,43.443471)
(41.786013,13.141759)
(16.058824,42.271161)
(19.343976,24.893736)
(49.792683,1.355509)
(10.413143,16.604544)
(15.805189,33.946942)
(17.781989,23.943938)
(2.575532,33.100648)
(12.946952,54.238351)
(26.722989,12.123826)
(30.574414,38.537077)
(44.679084,10.053990)
(31.629381,16.968085)
(17.426912,44.768959)
(9.817451,13.338322)
(25.559242,6.585197)
(14.159132,7.798454)
(1.996852,19.570882)
(50.725686,46.118284)
(2.717749,52.608362)
(49.067451,50.021946)
(57.910832,40.588636)
(32.462907,39.904708)
(6.408929,18.105730)
(17.757164,27.028026)
(40.674109,36.619892)
(14.416935,5.993047)
(36.185545,9.099797)
(54.184717,30.606298)
(17.712997,44.749591)
(47.990090,40.015196)
(6.627491,12.810466)
(39.317092,17.326934)
(25.408111,21.248391)
(44.482479,37.789655)
(49.027397,2.602615)
(46.457684,27.821381)
(37.382255,19.015342)
(24.123181,35.035766)
(5.026321,18.802687)
(41.848796,33.825127)
(48.696776,33.480752)
(51.069424,29.704002)
(34.177898,52.187058)
(11.343871,59.587047)
(60.959815,24.421038)
(56.129685,0.928241)
(33.287865,4.908986)
(60.272635,36.445205)
(23.728221,45.756582)
(40.625619,51.441874)
(25.604044,49.971549)
(5.498853,18.407284)
(14.376336,38.095708)
(7.464078,35.389727)
(24.089122,44.056737)
(25.403226,7.630520)
(43.583697,5.976479)
(55.329606,12.105523)
(25.951674,57.715367)
(0.224338,45.111298)
(16.909539,1.158947)
(26.044846,45.952813)
(36.971484,14.315702)
(35.555573,2.418387)
(34.727895,23.803234)
(50.529118,23.498965)
(56.855939,3.832258)
(13.482123,45.822606)
(17.494459,12.780009)
(25.133467,23.434462)
(12.190257,24.328940)
(53.559617,41.011458)
(40.998271,48.069358)
(5.007795,43.870007)
(36.791660,1.386766)
(22.532876,6.744368)
(12.231228,13.711279)
(23.145365,34.294097)
(15.469239,32.366151)
(20.775379,18.456306)
(47.856609,16.513623)
(23.622243,35.138440)
(43.345783,4.268384)
(55.598814,18.839279)
(5.124002,1.498687)
(40.304077,14.992626)
(43.007864,13.703608)
(10.930881,43.741962)
(43.954294,57.489119)
(37.451027,23.798248)
(12.437786,52.074261)
(6.541556,42.655377)
(2.573177,7.213676)
(49.206119,33.192824)
(14.219861,52.404660)
(49.063200,13.407150)
(40.877140,37.228680)
(26.972644,56.807487)
(42.988619,28.664455)
(36.862728,43.861753)
(30.572086,21.706769)
(43.151029,40.191004)
(15.641310,29.226089)
(13.493667,33.766385)
(8.147677,12.426868)
(58.458135,57.965634)
(16.013983,48.929649)
(9.594183,27.105117)
(9.592166,39.974145)
(21.754737,37.061882)
(26.532832,48.292072)
(25.198870,54.105621)
(8.288136,30.677726)
(35.735979,10.479927)
(47.463151,23.303808)
(20.875463,40.119676)
(33.089413,22.550215)
(32.554241,28.312925)
(9.110679,41.648074)
(13.629384,9.694399)
(47.339613,41.763563)
(32.192926,22.473709)
(37.530489,50.245855)
(12.254511,13.036474)
(41.826724,33.742491)
(0.481093,11.090996)
(49.289121,41.673577)
(3.093116,31.682314)
(55.475530,40.316248)
(18.191145,21.395976)
(9.806783,29.592526)
(17.048625,33.898649)
(54.367772,30.606360)
(0.574882,11.548353)
(31.131127,4.290041)
(26.273011,39.544452)
(20.931695,55.788748)
(42.379729,49.194243)
(57.537651,7.742311)
(30.306232,40.707791)
(37.682103,16.324924)
(42.232463,21.984019)
(29.316610,35.888376)
(22.606738,18.165243)
(5.125618,36.798539)
(25.048010,5.916092)
(35.203679,4.744985)
(33.318551,50.661155)
(0.261800,5.123550)
(17.405274,29.355284)
(16.904708,46.807569)
(6.125418,48.734692)
(50.141922,49.765043)
(57.979444,25.949753)
(40.541737,54.068007)
(55.300895,10.942104)
(46.227467,13.956081)
(17.878028,1.600009)
(47.104572,41.729043)
(9.657263,35.773596)
(41.250996,22.271823)
(45.517075,47.037493)
(26.676329,38.207992)
(36.157130,9.552685)
(13.022265,36.045826)
(10.761110,58.131980)
(47.483523,48.784953)
(37.531717,48.464611)
(15.299949,59.613144)
(41.260192,21.811276)
(9.890523,56.312842)
(41.644361,14.887014)
(9.409077,54.173966)
(57.807197,52.913654)
(51.773949,35.421134)
(29.079157,5.422658)
(5.222807,54.418841)
(38.562189,12.833814)
(49.221395,39.722113)
(3.987831,35.225016)
(9.304487,54.448056)
(12.668590,7.917001)
(5.388339,41.890249)
(36.063924,7.333694)
(49.202431,12.824809)
(2.533062,22.663049)
(51.651900,11.654572)
(5.121657,11.920820)
(8.665886,8.476252)
(47.755878,28.707345)
(22.616382,5.013292)
(28.418836,35.469806)
(40.685744,59.441504)
(46.340077,27.835517)
(3.893339,49.805433)
(32.634868,37.242108)
(47.319242,39.163302)
(33.947165,46.027862)
(4.399701,51.672524)
(41.729089,42.367322)
(20.006456,13.149414)
(9.962182,49.702138)
(19.183135,10.513460)
(50.443756,13.049763)
(32.951598,23.244526)
(1.522057,0.692359)
(13.820658,9.526241)
(29.604912,33.040329)
(18.560826,9.477525)
(1.135114,62.733247)
(22.453933,12.998995)
(50.918389,10.066239)
(54.250878,6.413752)
(40.360220,44.460363)
(17.834469,47.245600)
(4.780528,25.277049)
(7.778567,15.819868)
(27.625441,47.884776)
(35.887333,52.866601)
(35.812061,42.868471)
(7.573714,48.602944)
(20.301778,38.161187)
(24.745051,5.337548)
(4.864367,3.642950)
(45.968507,50.642495)
(23.825203,1.373502)
(50.758514,36.099339)
(31.575631,34.380924)
(25.357332,29.447738)
(20.870269,47.096461)
(2.458772,45.327222)
(42.031223,11.454836)
(25.569121,3.781597)
(15.338003,28.031539)
(7.350484,20.536132)
(33.365882,12.848363)
(31.921871,27.664591)
(31.984775,29.762985)
(24.145964,41.803228)
(7.866039,8.132455)
(41.469089,32.560469)
(53.791611,3.513203)
(11.935345,21.500622)
(26.154867,21.756886)
(59.888513,34.720682)
(30.686817,4.406670)
(29.103736,56.069026)
(17.257715,1.796016)
(25.934472,13.171828)
(29.458081,9.997574)
(29.202746,32.363165)
(50.766515,45.279209)
(39.204610,28.021350)
(20.533366,24.019667)
(38.369386,45.366436)
(49.285013,55.607613)
(19.037706,22.015300)
(20.448920,23.688180)
(15.405685,56.521813)
(42.959346,13.609499)
(47.550950,6.994893)
(20.567858,52.455850)
(37.599297,36.750033)
(26.716248,11.688341)
(56.233483,56.947770)
(18.564775,43.161440)
(3.544309,51.789252)
(7.226152,7.341338)
(29.307843,24.448601)
(13.164936,27.054858)
(30.254901,7.699596)
(26.702160,54.554254)
(50.263316,40.842744)
(22.517377,36.999789)
(49.773465,2.608035)
(13.172379,31.568344)
(54.340931,25.658685)
(17.191244,36.937864)
(21.488559,28.434311)
(26.895553,53.802834)
(46.249423,0.557142)
(37.673521,14.326945)
(36.581409,5.236057)
(21.873565,49.743910)
(53.014383,24.391398)
(40.416242,34.540559)
(9.316304,13.401984)
(1.292277,1.871821)
(28.748358,46.042569)
(53.106559,19.836423)
(20.153225,51.291790)
(28.705590,4.357850)
(44.226850,25.504215)
(26.579225,10.044111)
(20.333167,12.743856)
(42.627610,51.407874)
(36.052416,10.306526)
(32.822780,12.570772)
(0.415803,28.509422)
(5.779921,52.573582)
(5.712402,11.497855)
(36.642837,33.831670)
(28.632103,42.791458)
(35.940566,54.987471)
(19.439553,40.532788)
(40.506674,21.570937)
(54.825801,33.525856)
(12.328636,28.839450)
(17.440361,47.063176)
(28.469982,25.843213)
(22.117269,0.992175)
(14.216883,32.224204)
(11.372266,51.501756)
(7.765366,39.912842)
(10.366819,23.182628)
(44.941433,1.345562)
(36.906173,18.364317)
(25.012740,32.952081)
(57.021722,1.495920)
(4.808581,19.809610)
(7.757385,41.503088)
(33.858342,34.932918)
(5.813414,18.136382)
(47.873628,22.776303)
(36.012116,18.221079)
(27.470548,41.453599)
(4.927126,50.128607)
(17.972966,14.725245)
(54.235895,34.511249)
(27.470467,41.701750)
(27.031042,13.424831)
(6.632231,42.723475)
(62.364267,54.674548)
(43.560607,28.968104)
(7.514680,43.379570)
(19.207489,52.870429)
(3.584276,37.666760)
(17.803895,11.638842)
(33.718739,0.071049)
(35.058952,10.268032)
(14.380988,42.803436)
(21.774672,49.975430)
(4.487494,34.320985)
(46.039461,6.872558)
(35.225258,14.881724)
(47.831423,41.350167)
(19.250144,27.213889)
(14.719698,5.094919)
(6.640615,55.428821)
(32.846425,39.168465)
(23.695082,38.821713)
(50.711044,28.830443)
(0.983791,36.662445)
(4.072032,31.803215)
(26.328029,23.153181)
(18.706854,41.856754)
(41.219738,46.343498)
(13.482267,46.417810)
(2.441830,40.126986)
(7.092384,46.275659)
(44.776162,47.773389)
(17.765343,22.412289)
(32.610306,1.132695)
(45.728872,13.802393)
(13.941929,55.818489)
(47.542319,21.049189)
(32.510037,16.692094)
(61.895330,48.536906)
(3.234355,20.795876)
(51.774066,36.172963)
(54.597635,24.622300)
(15.084097,22.839567)
(4.105719,18.918940)
(18.330736,8.925201)
(42.363038,34.637569)
(56.212181,9.517959)
(12.946510,34.839708)
(45.016978,9.542239)
(9.476912,52.679015)
(14.530251,9.895388)
(43.794286,31.633386)
(22.689646,1.244532)
(5.266475,31.303153)
(4.825385,55.224200)
(15.058045,48.301883)
(23.887187,61.725185)
(55.597993,58.496569)
(57.896369,2.558991)
(26.890132,52.014770)
(4.321087,29.412001)
(0.819059,50.487213)
(41.843441,44.325562)
(27.420785,6.449188)
(27.015337,12.961113)
(45.484615,15.184967)
(7.060755,3.267665)
(30.704576,52.221180)
(35.931655,24.923296)
(54.194331,21.393449)
(31.228930,53.959742)
(56.132585,61.179072)
(43.130356,13.106944)
(3.463105,42.082794)
(2.087769,25.278448)
(43.294084,42.445556)
(12.119938,33.600999)
(43.814253,21.461486)
(34.662914,5.122597)
(45.973327,19.036646)
(38.633642,40.907784)
(0.168398,39.122477)
(2.804840,49.062275)
(48.270770,19.719517)
(16.781586,24.870231)
(39.662794,58.612301)
(1.645984,1.411737)
(21.598629,8.599606)
(61.161543,2.216000)
(3.613718,54.919124)
(9.599326,49.313702)
(41.462369,37.792232)
(34.600462,7.108918)
(8.801611,31.835768)
(55.337387,33.832224)
(45.759300,8.356792)
(30.682767,30.033266)
(14.311175,22.799503)
(46.794649,6.343361)
(17.649655,43.150420)
(52.522337,22.665554)
(50.085064,34.514215)
(4.319824,45.119033)
(2.962608,50.041592)
(2.158296,34.704259)
(29.265139,15.421513)
(12.107652,56.550677)
(9.441693,52.227070)
(22.585261,34.939546)
(22.442498,27.446660)
(12.346002,48.937043)
(17.241849,24.642890)
(10.181585,42.315303)
(8.735255,13.847774)
(23.525393,47.162095)
(2.865722,10.660521)
(47.590142,37.269194)
(10.673563,40.259963)
(44.488383,0.987378)
(41.638496,11.759736)
(16.487936,8.999455)
(50.441783,50.045402)
(12.858086,21.286362)
(42.779899,50.634418)
(9.272789,50.163603)
(0.819709,16.158408)
(17.984669,53.686504)
(13.258932,13.643489)
(31.794019,39.998589)
(50.294669,7.732465)
(45.677756,37.124636)
(30.889887,26.554254)
(8.190514,6.117954)
(33.761529,27.098733)
(58.787235,35.073988)
(27.480229,10.059589)
(20.375235,4.695594)
(51.691790,24.297232)
(20.981441,52.110621)
(8.558950,9.760704)
(39.083573,32.682149)
(39.001766,11.960411)
(62.598441,44.866318)
(44.262351,37.135442)
(51.346183,6.560846)
(60.749097,58.367394)
(41.442877,62.167196)
(51.195615,36.796779)
(44.370304,59.579767)
(28.279443,52.802413)
(4.687377,49.823007)
(31.431524,23.637300)
(16.869690,39.503716)
(37.410060,52.909315)
(18.653767,50.494975)
(8.112253,33.120648)
(1.312961,55.393708)
(41.731073,29.697198)
(35.893128,27.884212)
(26.908322,38.589476)
(23.096565,26.347495)
(37.543837,21.801770)
(22.959545,46.291653)
(41.221590,40.640491)
(45.643976,55.889854)
(15.398983,19.687236)
(32.042805,36.293218)
(14.494763,56.662466)
(33.888891,49.327237)
(16.871761,21.343859)
(36.940155,44.593803)
(20.707968,19.943137)
(60.133216,44.019777)
(1.826084,30.579505)
(18.838897,0.225203)
(6.819521,1.971777)
(6.535327,18.676511)
(52.397939,16.776851)
(56.811362,15.883165)
(14.154338,21.285794)
(41.649998,42.698037)
(51.530563,50.200172)
(27.247927,47.523681)
(33.360777,4.452055)
(53.341262,29.866537)
(8.517818,30.485838)
(31.897753,26.710743)
(43.711367,54.702268)
(18.461058,44.441115)
(33.605536,42.355262)
(10.790646,55.248572)
(50.755310,1.348528)
(17.052426,37.883615)
(40.539444,13.390069)
(29.428486,33.499722)
(10.185489,51.144972)
(46.727090,9.840007)
(38.141836,34.203109)
(41.778643,36.756715)
(49.711256,51.234984)
(42.263785,36.523676)
(4.128570,34.862645)
(18.071463,6.001071)
(18.523690,52.212059)
(48.486222,4.296211)
(13.351272,36.234129)
(4.937319,24.091522)
(19.071509,38.219329)
(49.330969,33.033714)
(19.773848,14.088344)
(40.066992,15.426221)
(57.839023,16.221412)
(8.929449,50.571722)
(3.141025,18.254198)
(9.839921,9.073045)
(26.216998,23.485994)
(46.779075,61.391240)
(1.845910,13.395550)
(39.587351,25.291186)
(5.917880,42.853460)
(16.872775,37.469886)
(33.458468,22.571457)
(36.926377,15.234511)
(25.718426,47.037136)
(45.274741,2.637841)
(20.833643,54.193561)
(24.156595,31.878716)
(36.309108,59.564321)
(50.107949,47.500474)
(1.552502,58.541971)
(23.909426,29.303261)
(27.785699,51.004761)
(31.021791,4.036244)
(5.385214,16.976414)
(0.959880,5.323391)
(20.299833,47.057327)
(12.209528,40.694971)
(17.049504,41.151882)
(45.153525,9.219089)
(18.411580,55.710933)
(18.884590,57.689945)
(0.258182,33.881529)
(3.371155,27.146192)
(2.364223,25.251867)
(38.833185,26.179180)
(17.887365,23.104501)
(2.280034,49.882909)
(32.776576,28.478517)
(31.663501,57.641727)
(39.102447,52.857622)
(39.512812,60.012947)
(42.839103,8.929250)
(39.174091,17.837737)
(51.879417,15.426532)
(46.891802,30.148750)
(9.619840,31.759711)
(32.103105,51.292767)
(21.368343,4.175200)
(24.939923,47.625871)
(34.761697,14.403960)
(30.892081,49.157445)
(32.324334,33.848259)
(33.289649,0.625549)
(32.764998,28.561540)
(22.532586,31.059171)
(4.913682,42.766018)
(40.567757,52.052325)
(45.935801,19.353785)
(19.112898,15.209047)
(12.515216,18.859290)
(9.936228,12.677803)
(2.632087,2.498880)
(32.497924,52.769944)
(18.021701,49.876187)
(49.786348,45.902221)
(34.515862,27.637712)
(10.635348,53.407830)
(30.632185,11.788755)
(47.879477,10.604122)
(48.366301,20.164958)
(8.495260,20.175922)
(21.847817,45.164800)
(45.116140,8.623257)
(40.374361,12.321819)
(28.989403,51.959567)
(31.364163,3.532455)
(33.424499,28.951634)
(3.298031,24.742060)
(59.720431,26.745896)
(21.485922,10.639078)
(50.006939,44.448387)
(7.161205,10.571827)
(43.710555,38.829890)
(54.519602,35.488201)
(55.592164,38.533703)
(35.330322,29.963708)
(25.436387,43.966149)
(35.499063,52.339350)
(42.663212,61.688052)
(44.519175,22.843326)
(2.746781,24.813920)
(46.900878,31.307503)
(39.504360,9.160206)
(20.627814,47.592117)
(1.813064,43.891729)
(52.751594,3.662597)
(14.645821,49.247065)
(49.633744,52.002975)
(36.607004,34.459114)
(43.521674,46.116507)
(35.234422,37.819222)
(29.718916,48.593563)
(32.452538,57.816440)
(9.582782,36.529812)
(24.366442,7.351063)
(31.341671,51.356927)
(33.531826,56.197038)
(27.172874,27.476732)
(51.427533,50.641880)
(22.355754,17.683370)
(34.811059,18.057355)
(19.567087,15.453982)
(35.254386,50.983767)
(50.117372,20.918489)
(5.965758,55.122226)
(40.550116,6.204588)
(35.207519,38.047006)
(24.516078,3.079520)
(53.363863,48.826729)
(47.977090,51.554361)
(46.063237,21.390548)
(9.953805,26.189471)
(16.414521,46.900331)
(36.582701,1.288413)
(50.272103,0.537998)
(16.803413,45.478392)
(36.848485,18.757763)
(40.522668,7.907594)
(18.783812,31.866592)
(21.421065,47.549843)
(52.375807,44.801815)
(53.567262,52.410012)
(40.336916,13.829134)
(30.296367,29.235746)
(40.670237,33.548127)
(4.271330,40.084554)
(50.008083,0.554939)
(0.697701,17.308278)
(23.866090,8.427855)
(18.708551,34.921086)
(41.695815,25.901396)
(46.081881,13.410928)
(19.131855,51.839272)
(60.561237,14.455480)
(43.951766,55.847755)
(4.536557,47.911108)
(55.165713,36.143298)
(53.594406,50.345256)
(40.622941,22.368128)
(14.897496,39.198029)
(5.818031,34.230164)
(16.095079,40.850278)
(49.958676,29.214550)
(47.443426,31.212091)
(39.394775,8.710526)
(42.430751,5.265753)
(15.174476,34.159404)
(43.210446,47.516326)
(53.313288,17.034781)
(14.589452,40.513940)
(24.555389,54.900468)
(21.299048,15.893181)
(26.411331,19.965607)
(40.182943,61.260623)
(43.459912,6.294615)
(47.514714,18.037827)
(7.676234,48.843536)
(31.449330,25.074789)
(5.875398,44.570614)
(13.470971,30.488030)
(39.750233,63.578480)
(7.725937,6.942399)
(35.083472,51.542999)
(42.584327,32.532075)
(23.777837,62.824212)
(24.245011,31.115870)
(5.235963,51.766540)
(39.559632,31.529719)
(4.468513,4.991927)
(12.600482,21.798335)
(3.753118,45.172097)
(9.508020,23.530800)
(4.024078,43.944905)
(33.144782,41.157880)
(20.970008,19.298673)
(47.661899,46.453416)
(55.137162,11.354787)
(28.830374,31.409429)
(21.794849,3.164401)
(26.615770,39.993410)
(44.029091,47.132994)
(22.214686,37.576793)
(40.627510,0.211296)
(36.059203,49.345355)
(30.817596,8.747030)
(21.194570,31.123977)
(12.714690,8.453560)
(1.022737,29.639359)
(62.007809,12.361101)
(18.945309,2.915781)
(5.980427,48.474122)
(50.995482,32.211177)
(46.491618,5.991945)
(25.338056,10.810853)
(0.708954,41.968794)
(5.412932,30.257557)
(44.867137,36.758514)
(14.250234,29.425478)
(28.318206,50.826761)
(26.177987,25.094137)
(17.386709,45.816137)
(18.889551,14.784931)
(53.373360,7.415503)
(47.353581,30.039898)
(50.733841,48.281430)
(28.725431,8.434127)
(40.883204,20.909840)
(14.626691,33.388713)
(24.334487,30.766094)
(33.165879,50.971274)
(26.072196,27.716461)
(27.259571,40.153776)
(56.556071,50.741767)
(1.762107,23.599505)
(59.578115,20.819191)
(45.569726,16.568960)
(59.771031,41.333010)
(39.604301,38.469458)
(22.258649,1.535394)
(10.282172,39.758798)
(23.347282,17.007474)
(23.814494,57.435914)
(34.292277,51.024017)
(29.480755,23.313975)
(10.475061,8.352218)
(6.266586,45.990059)
(56.919715,25.341397)
(50.735268,46.658222)
(57.975048,50.925601)
(46.806812,42.587916)
(45.265256,25.860296)
(12.781571,50.049484)
(38.425040,22.371766)
(23.365032,35.955820)
(48.532886,42.906123)
(4.525897,37.606787)
(29.641709,32.779139)
(55.922227,20.343544)
(21.056953,23.076384)
(50.529000,52.621312)
(59.868277,10.245074)
(20.153198,8.585501)
(5.999949,23.636958)
(38.723243,54.467428)
(16.960100,63.817169)
(5.202604,17.385393)
(12.619478,37.781129)
(31.875620,34.173147)
(5.039427,24.144781)
(35.240376,33.900115)
(3.605094,21.640276)
(39.039055,64.792058)
(11.556209,25.096584)
(14.315921,12.233083)
(0.438216,49.183488)
(52.432595,19.736718)
(4.748884,46.014907)
(23.717154,10.637158)
(43.675127,43.907748)
(0.144208,3.853976)
(35.268931,10.056499)
(5.607497,16.418665)
(40.536366,17.932715)
(44.742348,4.067619)
(20.802636,10.418171)
(6.148814,34.616178)
(14.778843,41.796000)
(49.731825,7.090697)
(5.190311,9.043455)
(46.258885,57.889269)
(16.069840,50.971738)
(48.896222,6.859947)
(36.571451,47.916491)
(21.684019,42.957355)
(24.321401,57.845152)
(1.758979,48.080577)
(35.263151,22.355361)
(32.075090,38.663678)
(25.259916,44.298982)
(9.496165,44.003417)
(5.800932,23.992860)
(4.289242,4.759485)
(50.251057,31.568490)
(56.454074,35.633370)
(4.056149,54.585426)
(20.334000,4.001861)
(49.419637,6.451986)
(16.013322,21.249258)
(34.018988,56.913825)
(12.617987,29.210859)
(40.578088,33.535182)
(39.357159,49.918298)
(39.829614,43.142214)
(18.670245,4.973515)
(27.496875,14.077717)
(45.992302,7.465203)
(36.901203,31.211640)
(5.533593,46.015970)
(2.328618,2.167564)
(34.377129,10.148719)
(8.874828,18.986161)
(32.835289,56.203569)
(17.073144,25.174829)
(35.833086,25.765436)
(40.381775,33.068998)
(47.410070,49.526501)
(54.702331,40.318616)
(15.236950,39.265844)
(48.439017,2.277535)
(28.172295,43.098277)
(3.981330,38.917832)
(28.818311,47.193024)
(44.803466,40.855861)
(23.151808,43.609873)
(10.156987,1.852623)
(53.031598,36.575265)
(24.404657,1.369523)
(40.320852,40.395709)
(18.777327,22.100077)
(51.961681,28.952294)
(2.296117,8.617572)
(31.641477,5.362750)
(44.852501,47.239899)
(37.881974,27.754163)
(37.980448,17.947693)
(22.777024,19.989419)
(9.630043,20.633691)
(6.624012,32.155203)
(58.898931,12.509970)
(28.318125,33.661071)
(19.991110,31.110864)
(46.678075,46.635927)
(52.312270,6.006822)
(10.813228,31.612815)
(30.181636,47.756177)
(6.483278,50.407962)
(13.805259,0.309154)
(18.247349,10.272440)
(31.599562,11.790770)
(13.781629,24.746784)
(32.146353,26.658543)
(43.807365,54.945130)
(2.344530,7.032817)
(45.902226,1.777254)
(15.491681,37.388948)
(57.683945,13.134154)
(55.166469,46.817664)
(25.372373,49.258256)
(17.734357,46.965119)
(47.135441,58.251579)
(27.004692,41.339738)
(52.243733,1.765901)
(6.136324,23.280954)
(13.949423,13.803662)
(13.174389,13.596577)
(9.694579,43.327746)
(34.983872,32.146657)
(54.427917,37.106491)
(49.480748,6.618350)
(14.657989,18.008056)
(49.423216,5.742304)
(20.312043,41.184738)
(16.835712,2.593166)
(3.407797,11.301336)
(0.459039,59.053485)
(23.290711,62.496292)
(6.479354,27.004493)
(13.320058,12.672394)
(33.450980,23.980801)
(44.442932,3.172223)
(0.724681,13.974709)
(60.238301,24.017635)
(9.744040,43.795193)
(53.031893,52.039369)
(1.087574,15.751998)
(26.857436,36.916110)
(62.340483,14.709459)
(18.539484,39.302466)
(2.539547,46.828203)
(49.729881,12.076425)
(51.361178,22.339561)
(52.111537,53.459617)
(14.601491,48.815196)
(12.481751,50.343403)
(43.938620,28.579283)
(10.132995,25.048144)
(3.728257,14.579689)
(59.441717,56.328613)
(3.379434,30.734146)
(46.531733,24.423774)
(50.702453,55.728086)
(31.167628,11.125051)
(10.192522,33.109505)
(62.207852,16.327718)
(28.096251,53.069663)
(38.410161,61.241887)
(48.111383,47.881596)
(44.156018,21.607619)
(48.798223,51.684178)
(50.777541,4.050381)
(17.514069,40.812305)
(17.866167,13.864915)
(2.815878,25.629463)
(9.269903,58.504613)
(13.146241,7.683678)
(57.476121,28.532832)
(11.039815,18.261931)
(35.834569,47.226111)
(20.816687,30.069078)
(18.895328,22.379042)
(51.125482,9.159506)
(51.277836,23.567054)
(36.147821,45.151560)
(56.272959,36.911412)
(20.217360,45.587197)
(62.390190,21.322562)
(48.329932,20.155756)
(53.993264,16.781726)
(23.378868,60.606637)
(15.760247,17.654342)
(51.635357,16.640357)
(46.098072,47.632557)
(38.211070,51.759113)
(55.742362,35.659429)
(43.527050,6.410190)
(40.720341,51.593252)
(39.750737,47.492424)
(31.115904,11.406915)
(37.395014,55.778343)
(43.933197,35.074523)
(54.098429,50.524036)
(34.412433,7.870844)
(30.805602,51.546705)
(6.626146,14.063363)
(6.882439,1.262277)
(39.486272,41.846276)
(51.717499,52.908488)
(1.659743,56.270495)
(16.183925,60.550609)
(13.775402,21.338389)
(45.864993,28.977833)
(58.244963,19.927823)
(27.670008,18.372710)
(52.483320,0.357933)
(11.717196,44.767164)
(9.905891,59.651174)
(18.799366,33.569445)
(28.515507,32.888554)
(48.914125,48.363615)
(16.676844,10.786084)
(8.625681,42.518835)
(48.070298,16.343544)
(7.245791,5.899253)
(7.928646,27.543063)
(23.370321,41.917258)
(43.198646,5.216744)
(31.058593,39.744688)
(42.721045,1.047563)
(32.177828,35.013242)
(25.297550,15.125677)
(36.915624,47.083595)
(40.432809,49.980147)
(28.484466,22.086337)
(49.408388,22.281034)
(39.486790,49.486536)
(9.693788,54.868152)
(4.816436,34.950216)
(29.654020,9.094329)
(1.832106,17.990095)
(32.256121,18.156697)
(39.936638,45.290237)
(42.026043,46.149442)
(24.208177,18.719346)
(12.134485,10.473925)
(50.571313,50.467723)
(6.935548,27.786685)
(45.892080,8.949769)
(3.124023,37.462233)
(40.839514,58.207944)
(49.176428,26.330537)
(25.075078,6.104956)
(44.671962,46.032676)
(20.832500,48.667231)
(51.602404,31.213556)
(24.361689,20.110794)
(18.327422,49.060614)
(56.398849,47.313232)
(15.067894,24.615599)
(1.101657,13.427869)
(15.172143,2.696604)
(17.506628,41.492124)
(2.294861,54.950692)
(17.300636,4.743777)
(17.036084,46.495687)
(30.100226,22.540630)
(26.974840,19.148771)
(49.993763,18.181088)
(22.668700,1.617882)
(15.282135,35.241450)
(24.744837,12.200687)
(49.662785,16.886933)
(58.770732,3.904310)
(26.086146,59.911954)
(49.828222,17.608584)
(42.337174,20.566864)
(39.186739,30.678364)
(40.562884,22.716037)
(46.766019,4.806317)
(40.070723,38.781879)
(21.567220,29.364090)
(44.920333,39.497668)
(4.212598,27.490709)
(9.103161,2.375255)
(0.894652,3.364135)
(47.698218,7.259312)
(3.023603,47.387554)
(46.208933,37.706053)
(42.239048,22.782461)
(44.837199,32.638706)
(2.643672,37.477187)
(16.101603,22.278674)
(51.898801,49.994163)
(20.084288,2.792152)
(22.295617,20.641127)
(23.417211,56.412644)
(35.924899,43.604088)
(42.549157,1.759778)
(19.104741,4.432265)
(11.015087,51.399734)
(46.494494,26.869566)
(24.446844,49.068643)
(15.231319,34.054125)
(51.891839,27.333548)
(36.908068,1.486469)
(57.706010,31.036594)
(32.926960,7.581536)
(2.421741,17.901666)
(29.289659,54.576271)
(4.062695,47.795167)
(21.942938,11.688514)
(22.019156,1.214866)
(13.908375,14.693271)
(19.197220,39.076516)
(45.503110,31.038353)
(14.094153,42.813238)
(16.789352,33.117469)
(39.219387,50.485455)
(32.265861,52.363258)
(9.592402,56.130343)
(9.650502,43.802982)
(29.566182,41.086176)
(24.166227,12.318062)
(50.294951,56.298016)
(20.852152,58.049723)
(12.019486,22.080919)
(34.570002,4.564058)
(2.540923,17.714310)
(7.932262,7.328543)
(38.887800,57.625510)
(38.730176,5.948595)
(18.728061,52.413886)
(52.924815,11.804597)
(44.875663,3.340846)
(42.373200,36.013849)
(49.945628,52.918656)
(48.898814,50.390039)
(21.387338,11.169792)
(48.702010,58.064059)
(21.869474,18.316836)
(42.569280,35.502904)
(11.415030,43.135452)
(34.617846,53.076545)
(29.795406,34.647867)
(5.634323,34.626066)
(31.987267,33.261404)
(2.574703,0.488070)
(1.388262,17.617888)
(11.728491,9.320863)
(41.503649,3.918140)
(12.506495,48.892146)
(23.627651,49.210454)
(2.332457,29.025386)
(3.296095,25.917337)
(27.311691,35.286362)
(29.662604,39.429388)
(20.571471,28.721636)
(32.063110,20.509926)
(17.215858,5.839106)
(37.458949,46.202946)
(22.190443,51.834663)
(11.586536,21.220425)
(32.826276,23.959676)
(25.512236,46.817076)
(34.344425,15.757500)
(11.180591,20.321212)
(37.771068,16.191405)
(29.213692,34.481048)
(31.107910,34.983676)
(26.965617,19.702047)
(48.110699,26.500720)
(12.527788,25.852191)
(0.399777,37.529226)
(39.658475,39.042133)
(19.481325,1.457692)
(42.268600,3.359045)
(35.847317,10.325720)
(13.382441,23.631273)
(2.357324,57.338804)
(33.591642,51.608038)
(48.675967,49.181298)
(26.077247,21.543504)
(4.755852,44.240033)
(29.843576,38.983050)
(13.525485,58.442940)
(14.925636,33.131461)
(38.075343,31.284357)
(54.499201,2.081479)
(23.450532,30.922748)
(18.223933,31.906102)
(57.270375,42.828456)
(47.830568,56.296190)
(31.304253,36.614731)
(8.936188,49.563920)
(51.271700,42.138327)
(3.089937,35.119811)
(28.937922,38.289825)
(39.994174,22.157109)
(6.248114,1.726313)
(51.408861,8.459925)
(60.711651,34.783937)
(30.302009,8.183765)
(0.118128,1.080209)
(50.529813,27.331686)
(24.236255,45.739551)
(4.766867,34.408864)
(57.573413,41.831107)
(51.692328,32.063144)
(44.487452,28.983460)
(52.154175,36.384306)
(32.369655,36.598341)
(7.883101,42.517737)
(41.842252,39.894463)
(0.393935,42.221253)
(46.173362,49.406828)
(33.904713,40.212172)
(22.226454,2.584718)
(5.159330,47.986712)
(11.719818,19.898210)
(3.198175,40.528855)
(16.366307,19.612277)
(48.954685,10.802746)
(53.472388,30.964401)
(26.559366,9.645114)
(38.310591,11.009364)
(58.229605,34.102054)
(15.265412,1.387729)
(54.695109,44.047954)
(15.169968,38.625501)
(47.971940,37.508504)
(36.508181,8.438244)
(15.585230,40.486511)
(48.500980,14.357801)
(23.629176,25.899959)
(24.182144,32.019233)
(13.585758,3.114675)
(14.151215,49.285595)
(24.084980,16.837654)
(44.410852,29.453818)
(59.298063,37.590283)
(40.875758,9.524124)
(50.550867,11.903088)
(29.751534,7.084369)
(26.175638,48.013789)
(35.302387,35.861940)
(52.690697,22.474406)
(49.818346,36.631945)
(29.484727,11.896744)
(21.077186,24.018431)
(33.660567,24.684349)
(51.502247,14.947410)
(0.893293,19.855745)
(48.697809,12.477990)
(14.601696,47.232229)
(49.645853,42.295479)
(36.814698,59.056853)
(34.895962,51.114406)
(29.085992,4.952277)
(26.154322,43.417721)
(29.781987,50.530480)
(16.561924,18.057989)
(56.543148,9.822497)
(3.869991,22.125208)
(40.515993,3.306804)
(8.058155,6.510102)
(28.569277,0.871483)
(41.725004,12.518643)
(53.176535,37.352636)
(47.876002,37.130767)
(45.519824,11.076042)
(37.700310,13.646394)
(39.546125,11.465249)
(31.817907,27.503579)
(37.081956,40.860813)
(33.998392,40.790123)
(36.829166,49.960351)
(8.522963,50.960012)
(2.060521,19.329490)
(24.761442,35.303918)
(23.748005,52.105434)
(53.875872,26.457014)
(52.342677,31.252349)
(13.275987,56.490564)
(3.058640,16.410372)
(16.812309,6.518128)
(26.096690,61.267008)
(47.671204,53.472461)
(4.323337,25.387558)
(6.325116,41.241506)
(39.392003,26.586009)
(56.153875,19.848200)
(18.312337,52.219724)
(6.594795,14.926763)
(25.142376,20.161630)
(13.486798,24.940325)
(27.354569,46.134990)
(17.557582,10.225026)
(5.127306,1.138415)
(32.691422,20.051409)
(52.620758,19.257878)
(43.508619,0.224709)
(21.724797,38.227046)
(25.717588,19.864212)
(34.160779,36.566001)
(38.875632,1.376486)
(5.352009,39.274212)
(16.053200,35.467516)
(7.868081,41.804663)
(58.420560,42.021313)
(50.218432,46.246557)
(4.279662,23.047741)
(14.950956,24.084251)
(4.954111,8.587683)
(18.595493,10.842621)
(9.152130,7.863916)
(32.179582,53.401166)
(47.787059,6.270737)
(58.114970,7.859635)
(0.226188,30.718562)
(15.854776,61.391281)
(24.239264,43.958402)
(53.325090,10.288441)
(54.738603,1.873974)
(25.810469,41.779946)
(7.465010,30.032814)
(22.635849,20.124959)
(51.399857,6.312199)
(51.413811,22.457901)
(11.584450,13.914703)
(39.141568,35.735439)
(29.059281,27.458016)
(11.541973,13.797914)
(43.575310,24.946946)
(47.717494,44.656821)
(20.811550,15.659182)
(52.842635,41.372926)
(42.270758,2.043008)
(23.486879,6.358006)
(56.516113,9.647333)
(53.594646,47.490141)
(12.311279,24.906716)
(11.632612,7.840346)
(14.606117,38.320031)
(12.555650,48.900418)
(38.226439,27.810615)
(1.214580,37.227623)
(19.227328,7.884770)
(1.781340,13.849795)
(11.305077,36.899562)
(1.966691,47.016491)
(42.326958,14.581036)
(18.928119,31.936515)
(0.619926,43.793589)
(8.399477,18.227741)
(51.929134,6.215361)
(33.444866,24.619994)
(36.381886,55.641011)
(10.326752,6.369901)
(54.267622,16.856686)
(37.250447,18.192043)
(51.013361,45.530592)
(23.996988,30.423201)
(32.129898,39.944467)
(15.548392,1.567981)
(1.418004,44.230973)
(1.570665,51.888313)
(51.422575,19.704522)
(33.494807,40.871777)
(6.096236,54.299072)
(10.220224,21.870710)
(5.107840,26.426850)
(12.972877,44.568240)
(38.807888,15.390074)
(27.022699,49.971198)
(13.484195,36.130931)
(22.567037,0.056102)
(56.402723,24.792891)
(28.662943,24.514639)
(9.306194,19.260771)
(11.684373,0.110688)
(38.336753,36.817609)
(47.861118,30.846783)
(39.586254,25.979085)
(28.127162,13.140571)
(46.797289,62.430732)
(14.309343,19.697767)
(35.241222,7.347408)
(19.865100,55.111989)
(42.337237,30.236283)
(49.396160,47.590290)
(55.554347,25.754820)
(40.232293,19.738548)
(56.276599,54.433088)
(10.686255,16.952336)
(34.073086,58.943857)
(15.127673,19.698272)
(23.631022,7.495843)
(33.291456,48.348463)
(24.937990,38.812710)
(17.957360,9.941713)
(30.741698,37.443769)
(7.103146,10.902520)
(35.417705,45.855679)
(39.803032,48.975978)
(14.465201,37.466779)
(19.181817,21.647502)
(29.384910,6.345737)
(59.496766,21.520520)
(47.498496,34.094871)
(16.075105,17.698965)
(28.043848,15.753734)
(48.503499,36.843083)
(29.778843,6.754703)
(33.153886,2.714131)
(45.605449,12.940952)
(19.603412,50.275565)
(45.228819,47.319549)
(34.204782,16.064757)
(23.001224,14.300787)
(13.976207,20.672020)
(40.696974,24.403761)
(37.394141,40.956821)
(49.902669,23.690889)
(43.772028,43.405281)
(40.084585,22.903894)
(24.909778,13.613896)
(43.264625,46.107702)
(56.262253,30.554736)
(18.937452,43.374082)
(10.346238,30.729796)
(13.662238,25.379403)
(48.637461,4.198797)
(23.232285,47.229225)
(38.654342,5.699615)
(39.686824,17.034473)
(49.849225,32.406340)
(33.792973,15.369546)
(12.736761,30.973579)
(22.598200,24.008927)
(0.213384,20.830046)
(25.511687,29.212556)
(50.021314,15.304747)
(43.499368,56.553140)
(7.706375,45.977027)
(23.060155,29.638743)
(15.253683,39.336526)
(29.975914,50.466137)
(34.611311,42.495283)
(31.799074,24.760274)
(11.417214,28.787094)
(48.808546,3.072861)
(40.561055,45.153989)
(40.641385,42.542499)
(42.058245,4.642388)
(12.902085,48.158121)
(35.516972,7.591562)
(2.208631,5.593811)
(12.141299,16.323980)
(8.216794,48.066059)
(41.370926,39.970496)
(12.593259,30.096490)
(45.144457,14.990718)
(16.506471,29.714931)
(26.772927,3.245910)
(57.085209,12.871136)
(8.814681,38.334325)
(0.654112,24.454197)
(42.446108,13.794153)
(42.571975,36.534825)
(31.819559,56.438907)
(19.211849,55.786288)
(45.726173,25.690041)
(49.850411,47.555232)
(54.171949,29.623035)
(5.300569,23.039132)
(0.385998,28.480649)
(44.333027,28.773695)
(38.984160,12.353265)
(46.456236,17.111086)
(37.282246,1.693380)
(31.151511,12.392739)
(52.422861,4.839802)
(30.174747,43.879064)
(10.365466,28.304036)
(44.026589,50.591461)
(5.817798,16.212406)
(0.616738,9.098992)
(6.266197,15.625437)
(3.370787,1.109317)
(0.294786,7.219006)
(10.086457,61.064267)
(37.583974,46.760876)
(43.445947,19.989865)
(5.021301,49.392710)
(56.259530,42.703434)
(20.847524,39.678398)
(4.442382,10.259150)
(43.593904,25.451731)
(33.468793,19.593377)
(22.254593,37.891714)
(57.918823,10.106284)
(57.166902,36.867601)
(31.384900,59.280212)
(24.062187,17.733683)
(44.078273,43.161067)
(7.278573,34.233549)
(21.744080,13.050124)
(42.058595,48.545437)
(43.190105,13.827697)
(40.336485,14.626258)
(34.516676,29.077453)
(28.027542,53.431210)
(12.634932,13.152230)
(14.097630,16.666342)
(20.190189,52.767941)
(45.498966,30.219110)
(35.619382,63.326324)
(44.347972,1.693382)
(51.182647,8.158494)
(1.279923,15.394656)
(60.181173,11.992508)
(59.143304,13.993785)
(11.588859,19.520505)
(37.481102,44.040203)
(47.611043,29.304138)
(55.090946,23.081716)
(4.493411,46.408295)
(12.850683,31.688549)
(49.978230,33.023061)
(12.944060,2.099410)
(54.056730,15.106793)
(8.870724,18.356795)
(51.416384,48.955369)
(40.221544,18.921662)
(31.602818,12.178894)
(19.179110,5.113257)
(52.155003,23.241200)
(25.269159,0.743671)
(55.202052,3.183598)
(1.171147,20.934415)
(17.811367,6.110138)
(52.453006,13.027488)
(43.253822,13.256506)
(2.596339,36.747364)
(33.258877,41.484910)
(54.507553,2.549769)
(30.640352,37.582151)
(37.976299,12.209157)
(27.553046,26.333809)
(58.398615,46.331089)
(22.811985,20.218767)
(25.409384,57.379356)
(46.607236,15.030634)
(48.822975,39.231917)
(46.774479,35.424571)
(59.782240,48.079857)
(37.552137,1.897954)
(24.611080,15.779078)
(19.888070,30.188219)
(49.640955,4.819122)
(26.074322,23.510120)
(33.845622,43.440066)
(31.023505,34.539763)
(48.902980,50.665581)
(0.438077,28.335037)
(11.058780,17.139111)
(38.972540,24.289806)
(36.441869,39.031090)
(9.649749,2.100001)
(48.696071,39.873202)
(37.035907,42.191720)
(9.845783,39.416141)
(39.529060,49.035414)
(28.832911,12.582080)
(16.089819,9.493757)
(6.617498,53.108023)
(30.592365,42.086461)
(6.806450,45.028523)
(18.559983,46.437819)
(55.200425,38.793692)
(3.325518,47.658124)
(14.403032,26.692951)
(31.704231,59.041048)
(55.195498,59.793393)
(6.179893,29.120539)
(8.957066,26.852757)
(42.802524,7.037404)
(40.762461,19.419092)
(8.030928,24.658312)
(39.112607,24.963924)
(1.610730,5.613869)
(41.215197,32.669742)
(40.532868,41.027532)
(24.229294,17.319876)
(29.816516,41.737755)
(16.057995,43.182973)
(44.234694,38.992037)
(37.275250,33.245472)
(20.911059,28.482277)
(36.355962,22.761923)
(28.237960,14.353447)
(12.006372,50.208256)
(7.968568,37.191278)
(2.226830,12.132746)
(18.825528,21.224342)
(20.578112,37.371690)
(30.237485,50.872452)
(48.780237,9.235448)
(38.456589,11.444747)
(11.074646,6.835490)
(1.945734,36.853395)
(13.348511,22.323193)
(1.477756,24.890228)
(46.242272,39.716024)
(0.372070,51.445469)
(45.492837,24.356989)
(48.569616,3.689805)
(38.547532,11.671736)
(52.690280,11.223003)
(24.856019,25.133564)
(39.298125,30.082050)
(10.523517,47.580723)
(20.935510,5.217264)
(44.863386,18.879161)
(49.124035,8.732603)
(14.425536,56.936843)
(38.925042,38.818701)
(18.630428,4.271216)
(31.907266,32.605019)
(24.150197,31.213587)
(40.599627,16.556956)
(42.863454,34.737359)
(39.012697,46.314921)
(38.524373,56.742309)
(47.592138,10.587509)
(30.614264,1.832910)
(57.419128,10.754119)
(28.558861,2.099536)
(28.054001,36.401858)
(1.246157,47.404660)
(46.876839,4.455158)
(0.464535,36.617253)
(35.941347,22.958563)
(46.634877,33.931661)
(7.416829,5.300195)
(38.948833,37.368984)
(21.360067,20.467561)
(29.633180,15.032858)
(52.866718,37.397315)
(46.389393,9.146483)
(48.566482,47.578718)
(33.027069,8.553667)
(8.859329,27.330828)
(31.619283,20.560230)
(9.347404,38.919671)
(26.252491,37.021872)
(40.087474,39.522327)
(20.091034,15.546217)
(25.921234,46.969325)
(33.513685,16.870201)
(41.521253,9.476252)
(47.396509,31.040048)
(11.742493,2.481214)
(2.947480,51.943758)
(4.706234,40.010925)
(18.785103,23.340050)
(19.599977,56.942164)
(32.716198,52.270392)
(2.557081,48.210503)
(44.779299,29.202695)
(30.966723,1.439135)
(3.159391,49.041922)
(52.364441,28.485006)
(32.801659,58.749773)
(1.686241,42.247351)
(2.220721,46.505066)
(54.371248,16.765606)
(22.924309,15.291754)
(23.144819,40.721449)
(29.584210,49.622568)
(6.131007,31.913797)
(51.447835,28.253442)
(47.597213,31.416615)
(4.449691,60.369759)
(4.833573,35.865009)
(45.025940,20.822274)
(5.591684,4.621731)
(10.397995,20.558015)
(9.674281,4.378036)
(48.291863,32.530567)
(20.960094,42.070503)
(31.630830,13.430169)
(7.189194,25.868018)
(57.037853,0.611972)
(8.504913,0.893425)
(9.404583,47.757771)
(23.220019,62.259017)
(35.769853,57.039343)
(12.936279,4.530627)
(24.478562,46.548933)
(49.827304,27.266212)
(58.273903,34.772491)
(7.055822,11.257398)
(4.408458,51.243732)
(23.929678,50.692816)
(28.746235,30.127267)
(50.455813,53.253037)
(48.762939,8.859941)
(3.871668,47.258442)
(44.056885,48.031515)
(51.083116,23.267253)
(38.397677,32.028553)
(18.059681,5.448399)
(23.474793,42.188658)
(51.499890,58.027328)
(32.311634,28.693834)
(23.986684,1.400220)
(49.142135,19.290551)
(21.576851,14.907900)
(35.715999,41.829215)
(2.604987,57.072018)
(35.569078,10.097880)
(50.590390,31.686728)
(42.601968,42.191433)
(16.505315,36.717258)
(51.178414,31.669850)
(61.065097,38.324144)
(23.676905,45.338080)
(5.219170,9.522198)
(48.089175,41.806099)
(29.205427,36.750030)
(27.293520,62.474944)
(30.092635,19.792830)
(13.633165,61.307889)
(22.892559,3.049590)
(25.615968,29.948505)
(0.474214,44.286446)
(19.356638,51.879451)
(9.828009,29.172997)
(27.804798,30.466019)
(55.861628,32.116518)
(61.232943,11.571574)
(16.670366,51.984716)
(53.578191,14.451409)
(58.098045,0.775251)
(55.135216,43.284207)
(20.986735,21.426136)
(22.960457,45.874535)
(16.947617,27.872015)
(6.654520,38.765977)
(19.400201,4.741746)
(60.981037,34.923992)
(32.194630,4.678934)
(45.735939,30.153964)
(51.079050,35.581216)
(24.748612,41.834896)
(56.911494,42.372864)
(1.719927,41.855784)
(39.538686,19.837204)
(8.146065,14.522788)
(4.785605,38.118654)
(21.402205,3.267363)
(3.431057,24.477383)
(3.016157,52.614846)
(15.520672,1.281116)
(36.370561,41.551177)
(8.090171,46.075223)
(37.933884,14.776294)
(33.585253,3.437045)
(19.698435,23.646054)
(3.834332,9.670200)
(32.680415,4.483209)
(0.874467,28.133070)
(19.207560,12.374109)
(32.487542,18.317040)
(10.024736,18.124595)
(38.174667,51.869467)
(57.781127,41.028136)
(35.409494,50.063834)
(30.928476,15.512799)
(3.751693,39.692184)
(56.709855,42.343085)
(26.381295,26.495543)
(22.717161,40.803261)
(16.192199,57.686334)
(55.878687,4.592706)
(37.427803,16.070881)
(47.624286,2.920221)
(28.146042,25.639025)
(13.859301,36.495482)
(2.539295,53.726196)
(42.005674,42.106199)
(54.778266,19.939400)
(42.478227,19.576633)
(0.925509,48.256458)
(58.773727,25.986897)
(29.962212,30.032571)
(50.652554,17.524448)
(49.014806,8.155863)
(24.766177,36.127740)
(30.678950,4.299161)
(1.588892,38.433538)
(3.820699,2.271623)
(16.262841,33.576022)
(36.439170,8.637609)
(43.156478,62.325572)
(8.549664,0.008363)
(50.847470,55.423705)
(2.287701,47.250706)
(5.754164,34.789082)
(12.196986,53.888274)
(20.725027,28.256465)
(7.366547,3.635771)
(19.664505,7.438245)
(47.229921,48.178678)
(43.594074,4.026783)
(56.430919,9.447068)
(18.595613,50.070876)
(6.786356,63.700476)
(25.455365,35.286803)
(24.062598,45.001336)
(37.159591,51.231560)
(57.828429,2.353604)
(51.123844,43.814408)
(26.327494,60.072643)
(40.053116,17.028983)
(20.192340,12.797978)
(50.603704,37.508319)
(20.111417,10.633095)
(25.202543,33.989175)
(11.412210,60.740030)
(14.390806,39.471903)
(29.642200,6.466927)
(6.019384,0.957467)
(22.199151,53.758330)
(3.059317,28.089272)
(57.481275,61.092389)
(36.791332,18.510137)
(50.266278,21.762765)
(37.895640,4.101841)
(50.775666,35.874635)
(26.047953,58.325843)
(43.273655,11.255510)
(18.672450,5.530317)
(12.722486,2.498741)
(43.033438,54.849935)
(14.538856,11.482022)
(36.413807,8.073967)
(47.375389,13.859396)
(31.915799,32.424445)
(7.409964,0.022781)
(51.084092,27.697872)
(56.081782,18.439417)
(22.647541,24.679329)
(48.436817,47.493974)
(49.777891,35.931811)
(36.708797,43.316533)
(50.041958,50.224634)
(32.583475,31.322440)
(39.948200,0.750009)
(9.010628,29.783577)
(28.150748,36.411709)
(52.961840,40.996848)
(11.177018,8.312109)
(17.821312,57.217697)
(36.585638,0.112585)
(10.212986,47.899857)
(42.578429,35.464570)
(18.628760,42.174640)
(51.441921,38.711348)
(28.242011,10.609274)
(11.140923,8.747170)
(49.874258,16.435831)
(32.254522,18.351876)
(44.716808,0.665782)
(7.453053,29.577230)
(5.751217,38.902122)
(61.864010,53.007508)
(11.925291,30.813681)
(31.690478,32.170485)
(6.249434,33.218436)
(37.722435,12.332160)
(8.739295,39.313936)
(19.383334,42.395844)
(32.865762,31.190100)
(11.726459,28.487086)
(9.085236,7.408462)
(16.097600,13.653289)
(18.791152,12.656068)
(54.495073,20.973214)
(2.197304,31.405872)
(40.713321,9.310129)
(21.490959,31.511344)
(58.048097,7.584071)
(53.925047,6.645128)
(2.189672,44.755604)
(3.078651,2.517081)
(21.311114,46.027917)
(21.400525,49.651185)
(38.016942,19.216544)
(47.619923,52.932333)
(3.123180,5.727179)
(21.203359,5.836266)
(7.232453,24.471192)
(41.184532,43.947883)
(37.386501,46.324565)
(21.161073,23.964546)
(24.063010,5.427309)
(53.202122,3.424132)
(48.145413,36.193711)
(13.344062,26.851648)
(32.808333,42.728152)
(38.156128,29.303673)
(46.006325,3.861682)
(51.813393,29.338762)
(31.402803,9.764000)
(22.524290,52.171230)
(10.192397,20.794107)
(2.462320,17.734060)
(36.848218,21.369148)
(26.480303,32.830842)
(0.244871,2.121738)
(19.863834,59.621546)
(48.561344,4.100800)
(47.410537,23.855293)
(18.170622,44.436591)
(45.875884,17.053091)
(36.652839,51.440921)
(30.008336,57.622663)
(43.742977,63.280007)
(50.549095,10.112281)
(23.353453,35.350301)
(22.648953,30.953138)
(34.293935,7.609187)
(25.547030,8.800448)
(52.305028,35.622962)
(29.412843,15.304921)
(34.150662,35.080001)
(25.007596,5.061518)
(21.135837,36.244315)
(33.548937,51.026086)
(3.697947,26.360887)
(5.338759,5.038841)
(50.201218,25.433107)
(39.659958,23.260290)
(29.733112,21.874234)
(48.543680,46.592319)
(22.277571,7.696348)
(36.712798,15.464413)
(9.936916,7.112775)
(38.472070,37.958921)
(26.987989,10.670823)
(7.396808,46.551007)
(44.646723,29.965017)
(55.741140,53.522026)
(42.958532,1.611570)
(28.547093,42.404843)
(52.831131,3.629973)
(53.764412,48.962356)
(27.737554,10.837295)
(12.119059,59.927548)
(11.617944,41.100236)
(18.988378,25.375866)
(9.985242,0.920044)
(9.063170,2.586395)
(53.818397,0.547597)
(12.691573,10.477509)
(38.902867,30.242492)
(2.496561,20.821725)
(35.158715,47.699781)
(7.048383,39.310598)
(41.640814,8.133127)
(44.890400,39.764687)
(20.526598,37.233150)
(57.008404,26.061183)
(44.790394,38.505728)
(16.789475,33.129624)
(50.456521,19.723778)
(5.458751,7.748746)
(24.901489,42.225957)
(9.533015,10.568247)
(2.090383,15.751655)
(25.506607,39.666817)
(17.263606,38.664337)
(15.045531,41.235927)
(36.362496,49.737277)
(53.827863,29.593658)
(43.867669,31.025413)
(24.050692,22.939143)
(50.476749,18.014010)
(15.170402,31.254829)
(49.873400,0.645297)
(34.105655,38.864354)
(3.909292,25.074194)
(25.444502,54.258039)
(19.209104,29.339784)
(2.824551,36.698211)
(48.805971,33.148293)
(22.870833,31.615175)
(33.056992,60.524333)
(20.799535,31.071293)
(50.151480,16.052379)
(26.405939,32.702023)
(4.425724,1.422621)
(1.968163,0.465526)
(0.076121,23.909608)
(45.246683,43.715697)
(4.047439,36.322077)
(10.187446,14.041355)
(12.481091,10.385249)
(49.827424,43.343088)
(10.793656,6.003845)
(18.346073,28.534296)
(35.971847,20.461980)
(36.050398,53.090592)
(47.980306,30.149775)
(16.956377,17.297496)
(23.885871,47.411273)
(46.297208,27.240412)
(34.741924,36.277589)
(51.546685,37.520063)
(29.165565,35.064166)
(31.696068,60.831733)
(21.964506,44.906140)
(48.651506,4.035529)
(9.734857,20.889314)
(31.730870,35.808523)
(41.177756,39.952186)
(50.426022,45.038364)
(21.457695,15.049059)
(31.134499,23.501078)
(48.190131,1.654813)
(28.828032,37.939116)
(38.784322,42.871518)
(63.795981,34.350497)
(24.345212,40.658764)
(60.114381,2.529150)
(41.453625,43.717156)
(35.462741,34.312405)
(53.600050,48.094200)
(21.027001,30.965722)
(47.581180,0.661557)
(8.891667,59.778715)
(7.462659,30.663970)
(47.418377,2.037543)
(45.629200,44.948362)
(27.017001,11.915467)
(39.262126,11.635911)
(3.597841,5.263790)
(23.814763,50.089385)
(49.843355,34.913799)
(10.886165,15.550210)
(16.754273,50.891549)
(48.689513,2.723360)
(25.935391,24.499057)
(24.028794,43.664580)
(52.063374,51.055939)
(42.577841,49.879613)
(1.728738,35.020794)
(49.077455,49.767396)
(27.881763,8.755938)
(11.793169,2.690651)
(16.397949,15.647914)
(50.440485,7.031835)
(28.783176,47.728990)
(30.693668,8.468866)
(0.720359,45.972966)
(35.489893,21.565333)
(32.389585,46.444079)
(27.035920,19.628416)
(44.775903,46.532311)
(33.465319,2.324048)
(10.311963,42.450646)
(11.091591,53.922683)
(39.113046,21.252281)
(38.857076,7.045603)
(34.008637,48.778807)
(4.369484,35.971814)
(0.613416,20.178796)
(27.359778,18.406303)
(6.562681,25.486909)
(3.277987,36.375886)
(11.302515,5.071869)
(21.571809,49.406952)
(15.181436,15.611339)
(34.497772,23.433946)
(6.814558,17.211495)
(3.069580,2.395942)
(29.365962,39.746452)
(10.267118,5.349974)
(2.660910,45.158336)
(1.517521,26.911909)
(27.278401,19.185621)
(23.566237,33.121656)
(17.802375,34.837941)
(46.488571,25.018920)
(32.338890,29.768186)
(45.086900,49.220486)
(6.549796,42.112088)
(11.480674,53.181428)
(49.248498,20.405978)
(26.268789,1.052452)
(42.365942,3.871650)
(42.710257,21.057208)
(3.353135,31.667576)
(1.056610,14.103936)
(36.108138,24.080171)
(56.562095,19.351949)
(22.177009,43.465779)
(19.947527,18.995522)
(48.139105,16.627832)
(55.187015,42.759833)
(32.749040,14.072130)
(35.156259,55.851353)
(4.395647,5.471819)
(29.660522,20.414362)
(50.057892,43.853736)
(47.456376,48.403821)
(38.193740,49.310333)
(51.630345,34.137668)
(17.790762,23.188195)
(23.089134,22.358381)
(35.330612,24.912057)
(36.643542,43.356412)
(27.487868,42.212144)
(37.974520,14.323911)
(11.158862,14.947827)
(11.490829,40.234423)
(52.433935,35.621149)
(1.101126,29.768824)
(1.495417,38.679095)
(4.053236,11.498500)
(16.754549,16.783440)
(47.066887,16.608049)
(18.005528,48.356846)
(53.860613,40.760767)
(48.623720,20.915389)
(18.558153,44.830500)
(13.056655,21.968015)
(4.972529,31.691606)
(9.843862,50.410465)
(16.151657,52.425319)
(46.611224,21.910718)
(35.997367,37.834354)
(50.559521,12.299150)
(35.843480,26.669190)
(39.099580,17.615226)
(35.908160,29.399609)
(37.161491,44.847331)
(49.321388,20.080902)
(39.236258,0.102880)
(1.330027,37.087384)
(40.965659,31.066222)
(25.956690,49.648769)
(47.510313,29.590087)
(53.346937,17.794467)
(15.602174,25.582724)
(58.946198,33.976015)
(26.058032,46.707769)
(2.116165,41.346030)
(48.207846,9.019846)
(2.040840,34.921244)
(31.241039,50.583764)
(0.570788,33.806165)
(9.794268,8.520195)
(14.567283,29.569787)
(13.541694,32.836423)
(30.191815,58.486417)
(1.025567,45.022754)
(46.160074,51.688929)
(9.924751,49.095374)
(16.539786,1.472470)
(16.873366,24.868245)
(29.094893,32.265973)
(40.126147,38.431741)
(27.129830,7.719638)
(18.826576,27.701803)
(41.038176,38.960816)
(47.580912,35.628952)
(9.648932,44.799913)
(12.815310,9.884647)
(16.700670,48.562789)
(49.816668,54.867528)
(17.696961,55.954016)
(5.182263,26.132974)
(56.147316,39.700526)
(18.751137,8.031754)
(46.222769,38.608739)
(10.675820,57.354269)
(43.362095,22.980546)
(54.755574,43.656814)
(0.053571,17.424112)
(29.639108,38.442186)
(22.767665,13.890487)
(24.484372,2.733027)
(23.193903,30.285786)
(11.454112,13.635431)
(21.591593,2.216901)
(16.585119,33.773122)
(45.151926,42.223036)
(41.830002,8.174468)
(0.199347,28.159554)
(32.602595,26.349977)
(18.489893,12.209016)
(33.172768,33.580795)
(32.976707,8.214055)
(3.794090,33.695697)
(8.085802,39.746808)
(33.142917,24.942321)
(36.762314,56.647337)
(30.917533,2.104481)
(51.055668,32.816678)
(35.762647,12.145138)
(44.861843,16.905506)
(25.447518,10.622074)
(22.110244,23.799677)
(11.650719,60.251732)
(37.065299,6.919576)
(46.276540,18.444323)
(44.319397,38.762285)
(42.628746,21.457972)
(58.027050,24.206332)
(49.515934,30.591819)
(13.443835,32.939512)
(28.770939,37.616950)
(2.083276,31.335229)
(60.696827,48.915182)
(13.283986,4.661326)
(16.057452,49.382074)
(22.128817,45.511400)
(22.828335,57.272224)
(45.732554,44.076992)
(59.235495,53.259759)
(16.831289,27.779233)
(60.099156,18.689874)
(12.516684,40.508550)
(24.015553,35.702164)
(55.776744,1.557911)
(38.023666,45.753819)
(21.126141,35.602993)
(0.497522,28.649358)
(47.515859,62.743748)
(15.435829,3.363173)
(15.220825,2.377218)
(39.971618,15.263724)
(28.532498,13.201077)
(25.621476,52.624729)
(41.272141,29.560883)
(0.149966,9.661432)
(43.068845,17.419534)
(45.780357,16.041745)
(15.057961,25.951014)
(11.886716,23.136655)
(55.128322,23.763949)
(12.297968,54.185035)
(21.565574,43.090378)
(2.326807,42.511361)
(38.793716,0.718631)
(8.278101,47.826016)
(12.411692,9.730672)
(15.393342,47.549922)
(8.556140,54.799833)
(43.761846,36.557993)
(49.307336,29.645911)
(47.928309,3.639461)
(49.376658,2.346887)
(9.218479,9.018388)
(27.945495,43.921774)
(22.748683,2.545979)
(17.709095,27.400969)
(13.670481,4.159188)
(60.399706,59.477683)
(20.093734,16.588507)
(18.905187,42.992272)
(18.153309,15.761347)
(22.840449,10.027383)
(51.788545,8.793245)
(23.081581,11.235146)
(20.310550,10.554754)
(24.311235,20.144301)
(5.352563,45.808634)
(50.362787,11.092372)
(37.345919,0.796475)
(20.045719,49.490456)
(58.199609,24.872389)
(38.991538,42.777152)
(18.869434,51.814493)
(35.912443,18.520418)
(44.228816,38.859783)
(43.005095,16.681372)
(16.798258,40.778132)
(42.130896,23.476158)
(23.647566,6.307971)
(24.310918,8.844357)
(55.127113,41.672007)
(35.724373,39.891155)
(24.452081,14.035739)
(58.576949,4.600942)
(20.494284,18.975268)
(2.360796,7.221833)
(44.002187,4.891513)
(7.728123,52.815218)
(27.642182,57.200002)
(44.118589,19.146369)
(1.192516,44.025378)
(3.022640,8.907960)
(57.162856,35.228030)
(10.269597,28.373556)
(26.348621,58.197239)
(47.773317,28.280528)
(55.754924,3.029046)
(42.170419,9.317429)
(51.239991,0.943802)
(48.913542,8.389499)
(47.160575,51.345887)
(37.110578,43.971632)
(12.733655,5.027810)
(41.464104,0.786687)
(44.861016,8.949594)
(40.318157,43.358344)
(6.199249,63.634659)
(49.218109,3.159336)
(50.744601,47.215677)
(34.441477,24.648069)
(9.931377,16.240573)
(25.918317,4.899492)
(40.549623,8.169251)
(26.388857,26.827340)
(50.295583,15.621728)
(9.726441,33.155437)
(7.110163,28.744804)
(12.027072,20.247934)
(54.370394,16.698327)
(43.355736,53.080159)
(5.525150,28.253497)
(32.761134,42.336321)
(49.915843,5.049225)
(61.532539,40.226722)
(51.073166,11.285612)
(50.468586,33.621914)
(2.755373,7.481198)
(27.806751,28.879267)
(18.265023,31.209401)
(3.302154,30.660632)
(36.006913,12.775316)
(32.370407,56.054506)
(9.798102,29.278741)
(44.184194,48.421405)
(11.021200,50.878540)
(25.530935,53.680972)
(12.906959,13.061677)
(47.801108,47.797002)
(46.909920,35.028339)
(33.267714,35.741868)
(8.305826,42.779663)
(35.284497,17.085320)
(61.481142,46.662039)
(23.955514,17.297747)
(54.427010,22.131104)
(20.630238,15.972195)
(1.429893,37.857320)
(24.225775,29.898491)
(25.480758,52.725871)
(30.180212,0.114196)
(5.280472,16.672636)
(38.266802,7.567297)
(38.272438,44.276330)
(27.157088,38.667871)
(44.126549,20.500195)
(10.997558,8.064897)
(44.126870,26.942293)
(41.932626,46.175317)
(13.733621,22.759705)
(13.823283,57.987478)
(23.278739,5.525684)
(15.012488,48.241850)
(24.331155,23.472505)
(54.545670,49.674008)
(52.169948,38.343931)
(15.048668,28.408406)
(54.850916,60.086072)
(19.937995,13.701434)
(10.422913,5.429622)
(43.357044,37.660546)
(16.513196,16.125234)
(48.151615,14.068376)
(54.811926,54.480877)
(52.672399,15.500867)
(39.791119,2.242805)
(7.137347,4.190613)
(46.669608,1.438137)
(50.028538,18.839907)
(9.568649,54.479486)
(14.024537,39.336093)
(27.349924,20.487653)
(16.411669,42.334398)
(36.710860,37.712461)
(15.670582,12.484028)
(3.936870,8.671077)
(6.344287,16.698678)
(14.074618,12.193206)
(54.314371,4.687807)
(26.371223,5.619003)
(8.184163,15.507530)
(18.631913,42.045784)
(55.173084,5.387398)
(56.201077,46.731100)
(22.771001,23.237150)
(5.572608,0.996448)
(37.125138,38.853057)
(49.352862,49.784732)
(38.033157,53.977309)
(18.374747,36.501457)
(5.304355,52.251024)
(9.399924,22.551012)
(53.519982,59.413793)
(28.767110,22.641452)
(20.976427,32.173966)
(2.557291,15.407348)
(23.460618,6.442331)
(52.473537,59.367240)
(47.217922,40.752166)
(42.348062,41.288679)
(59.471601,44.679914)
(52.505807,52.496671)
(4.384388,2.710710)
(10.024033,12.254230)
(39.991444,24.358311)
(14.697797,6.445900)
(48.869359,60.119958)
(45.089296,45.750661)
(25.679023,6.476823)
(11.116829,13.115844)
(21.450733,31.285266)
(51.525159,57.713224)
(49.089350,35.892343)
(0.219246,45.972063)
(45.595824,23.677824)
(22.683199,32.855490)
(51.900575,26.056044)
(13.482140,57.132647)
(44.363443,53.136790)
(45.383667,57.572368)
(0.631528,51.690372)
(27.694732,4.576286)
(48.266204,4.624534)
(40.402912,23.527187)
(40.280696,13.073271)
(1.885253,13.462318)
(8.488236,3.583286)
(10.237928,49.509734)
(42.293481,22.780241)
(10.408796,30.866973)
(7.054357,15.651750)
(43.935239,34.937774)
(35.483261,33.869710)
(17.639395,39.215659)
(4.139996,26.328601)
(20.892944,52.267514)
(3.695696,30.723746)
(24.613045,32.534180)
(33.619705,25.892581)
(30.613937,6.914108)
(33.233114,51.587708)
(50.306637,18.317793)
(51.136831,54.057134)
(0.294686,19.464462)
(44.332431,44.008189)
(62.531447,60.571102)
(27.673234,45.370188)
(59.166667,29.534082)
(8.095883,11.020188)
(20.344819,30.033827)
(6.449811,46.454158)
(6.266727,23.967759)
(50.866020,15.867922)
(16.343079,4.514656)
(23.758397,30.399523)
(27.810742,1.989662)
(0.087377,41.610887)
(45.007943,28.285489)
(6.857971,7.979941)
(26.080379,30.405590)
(16.982473,38.264284)
(26.414842,39.913619)
(35.019376,37.413743)
(22.305919,53.632062)
(12.180219,57.274772)
(32.736126,50.529218)
(21.812188,51.778641)
(32.916056,17.541472)
(16.129817,6.711229)
(48.506577,40.507454)
(43.059408,31.757740)
(2.257898,51.035048)
(20.020646,27.107790)
(45.808749,30.619441)
(5.618802,39.752887)
(0.144794,39.278439)
(23.914644,55.313512)
(25.719268,24.933563)
(29.252933,37.224383)
(28.862267,30.062157)
(9.233601,26.624562)
(41.406521,25.862682)
(19.716535,64.083160)
(27.274267,49.859881)
(44.474167,47.396207)
(30.265561,50.962693)
(41.199318,47.492970)
(50.154075,54.033106)
(18.764190,4.010218)
(37.313546,50.403648)
(35.935665,38.824155)
(49.451068,36.493101)
(32.633438,9.966202)
(14.234268,40.190107)
(0.694592,34.771134)
(3.061706,2.722261)
(26.424469,34.958177)
(4.239207,52.052109)
(50.341217,58.838021)
(30.501787,43.816765)
(15.852861,45.194055)
(34.316805,27.229011)
(46.679015,31.504902)
(51.997490,47.947783)
(43.333728,47.603709)
(14.144017,1.698302)
(18.010187,32.809757)
(19.863054,32.657181)
(14.694019,41.091153)
(15.939179,35.274492)
(41.979248,9.006304)
(44.674083,58.572650)
(6.699614,33.935847)
(24.927586,2.010060)
(47.292459,55.739084)
(18.069755,16.978884)
(32.498208,48.155256)
(52.689821,10.938717)
(21.553302,8.827217)
(24.907594,7.185827)
(6.032572,50.100484)
(31.002587,26.378626)
(27.686786,30.522770)
(29.868371,22.696524)
(20.518716,41.768578)
(17.105502,5.928857)
(40.662292,37.983885)
(6.639530,45.307209)
(12.687283,15.675088)
(45.950165,57.958012)
(20.933368,36.378948)
(24.340194,40.882720)
(58.747949,37.122635)
(13.025280,59.905230)
(31.067121,38.414830)
(43.705602,43.034417)
(58.930858,11.692411)
(13.253978,20.690351)
(13.444701,21.865616)
(7.414704,2.539909)
(18.047029,34.773132)
(5.669267,3.798632)
(4.650925,29.315594)
(17.269639,34.913620)
(22.451694,4.418887)
(22.232601,52.090951)
(54.689799,57.522135)
(38.750097,3.770109)
(20.032000,7.993979)
(9.157392,31.773806)
(23.998460,53.478554)
(36.248159,28.123700)
(17.565108,22.083953)
(28.484512,13.433250)
(17.961490,61.574230)
(4.397987,37.176497)
(49.226485,23.719359)
(16.200124,4.738355)
(33.422563,34.870636)
(14.165261,2.080160)
(47.866568,50.429750)
(0.903139,15.054574)
(20.110658,25.766110)
(45.023131,49.601219)
(58.353803,15.867808)
(44.529175,15.541103)
(30.627676,13.517466)
(20.533885,44.222348)
(44.465108,57.890445)
(0.666475,10.832594)
(30.998597,26.692233)
(10.350634,23.146783)
(48.015913,0.904332)
(14.298003,41.371801)
(3.028021,59.061032)
(4.422887,46.124739)
(36.545177,4.389797)
(7.146606,3.567051)
(39.068642,32.336802)
(37.753289,5.586013)
(32.867033,48.206035)
(52.399950,1.365833)
(22.587174,32.745634)
(8.001378,40.749793)
(17.547494,20.141543)
(20.356716,41.795584)
(16.965274,13.044646)
(41.635617,24.361006)
(31.125931,34.323094)
(14.036165,36.122145)
(46.786289,23.369155)
(18.932364,36.463906)
(18.109469,51.193157)
(0.392748,9.452231)
(15.406819,32.263628)
(22.038645,42.014143)
(4.398237,57.956997)
(52.622620,25.528018)
(31.445943,40.656292)
(6.675989,3.001237)
(24.503181,38.171786)
(36.385395,21.403607)
(5.526764,10.721862)
(54.777414,1.277471)
(46.598209,6.025420)
(38.088290,12.912290)
(4.100654,3.138071)
(4.422024,13.396724)
(5.152678,53.347438)
(14.749455,10.301527)
(8.179750,49.704559)
(17.196194,52.023282)
(24.607340,42.476842)
(30.115028,55.903564)
(11.232952,52.774737)
(18.725601,27.662434)
(4.912497,6.406593)
(24.372015,31.218310)
(4.033719,14.068543)
(9.877600,55.926682)
(12.287570,45.135030)
(20.512366,42.738500)
(22.133004,33.172907)
(32.436441,7.501207)
(0.861080,55.437837)
(35.126670,41.700192)
(27.456469,19.348994)
(41.401297,8.723139)
(44.844538,23.848543)
(18.426223,39.544108)
(43.986255,29.647003)
(49.343886,36.652140)
(56.070497,43.237842)
(22.025558,48.693349)
(35.617377,9.372226)
(10.136578,37.475010)
(16.017715,34.549933)
(45.084739,50.422934)
(53.685344,47.816643)
(50.453024,35.617162)
(42.208053,43.257180)
(3.208547,12.346051)
(1.307215,29.843324)
(17.148999,20.788997)
(53.374747,32.378576)
(32.715924,39.591738)
(14.658732,25.047259)
(38.448992,53.228469)
(7.528995,57.004757)
(47.471634,18.125170)
(60.116344,40.396350)
(2.945774,28.759604)
(47.522290,51.647003)
(3.426732,47.251650)
(47.903654,42.675993)
(22.856704,9.003427)
(32.423955,24.205038)
(53.017011,6.695609)
(0.038524,42.030096)
(8.049427,22.778095)
(23.755912,42.528442)
(14.564403,23.871294)
(7.419100,32.749476)
(1.996774,17.719868)
(29.401146,29.749818)
(31.655833,55.155897)
(19.960828,14.160739)
(50.006404,28.621563)
(30.261574,18.735659)
(15.400750,40.265034)
(17.930775,39.155264)
(5.371319,23.680724)
(12.606600,32.522535)
(32.577230,41.274551)
(9.039744,46.190212)
(26.201408,63.404453)
(15.710858,47.411482)
(35.432394,33.436972)
(32.218186,16.275248)
(50.456354,2.596171)
(26.506815,32.648456)
(35.649489,64.285840)
(45.115062,35.703822)
(9.243636,14.396736)
(19.226838,19.445731)
(43.235546,47.106822)
(45.381058,17.372468)
(27.055110,6.676969)
(23.267644,43.068525)
(13.196593,17.336041)
(50.748542,13.358140)
(44.918855,9.791275)
(21.609562,8.785137)
(30.685366,43.124857)
(45.751744,16.675766)
(24.649817,20.025485)
(8.702843,29.156053)
(37.821504,1.157085)
(4.293858,32.387447)
(55.200791,35.526899)
(14.241463,39.722672)
(46.639932,4.294233)
(32.276578,9.292094)
(35.496461,19.376396)
(16.751797,16.595120)
(52.532323,18.933336)
(47.008617,48.267729)
(12.501104,45.072192)
(9.425278,15.534553)
(39.379050,16.694114)
(13.987505,1.108299)
(7.076658,3.177367)
(28.977607,39.082336)
(15.380877,49.834403)
(11.912907,28.875735)
(24.893211,49.142896)
(52.843274,24.416092)
(12.457903,29.146954)
(5.862350,31.813240)
(30.505602,16.350212)
(50.494286,17.450816)
(14.837699,15.172242)
(34.176186,37.285146)
(3.797055,9.051767)
(46.934451,30.604403)
(19.657647,20.630700)
(28.175793,51.723519)
(27.391364,23.533272)
(9.481127,13.129287)
(53.795159,51.495608)
(2.574541,19.065168)
(19.877194,24.113123)
(38.069262,1.839046)
(28.178366,31.128338)
(55.339752,27.864796)
(28.939326,29.369056)
(4.331324,54.038165)
(28.182873,30.653983)
(28.509965,53.292952)
(5.496892,18.425985)
(37.061710,38.447500)
(17.200963,28.949280)
(15.614472,0.984005)
(5.012730,32.054322)
(28.641396,5.482630)
(1.001606,14.486528)
(4.066267,59.073065)
(49.516668,44.922128)
(52.141526,1.872569)
(19.618605,23.586972)
(0.079852,20.551206)
(43.319564,57.573986)
(16.997342,11.582993)
(4.885252,50.498324)
(5.538058,35.920756)
(36.589037,46.575273)
(7.444753,13.523128)
(12.136818,35.173855)
(22.639778,1.719173)
(57.266480,28.082149)
(35.786036,46.260859)
(58.116247,3.576792)
(27.112041,15.600724)
(33.608446,62.963075)
(10.436071,18.593238)
(13.027691,2.201855)
(5.922964,50.300588)
(14.780162,26.399943)
(53.986025,8.776384)
(1.889390,12.023893)
(4.078468,31.990136)
(20.651194,28.124264)
(6.046417,53.036512)
(28.853003,29.809449)
(53.757805,8.844796)
(8.633624,38.834449)
(43.520183,41.185277)
(12.100059,41.883239)
(5.126096,34.326936)
(51.467682,18.787924)
(32.160857,17.737374)
(14.789882,16.567979)
(34.025749,5.068283)
(35.904381,0.894627)
(14.642811,32.909371)
(52.989580,20.043045)
(38.519926,38.072446)
(31.508226,2.753920)
(5.768239,19.351695)
(13.484666,11.645117)
(6.955820,58.454896)
(11.015337,30.209040)
(59.072260,2.001234)
(7.331129,49.832720)
(41.569525,2.044917)
(49.122522,10.524519)
(56.797445,30.822829)
(15.633044,44.226772)
(46.427267,6.542311)
(18.031034,11.774381)
(26.830581,49.452975)
(51.214121,23.181802)
(46.221642,46.461733)
(6.284568,39.530544)
(31.031293,40.884128)
(23.950459,26.149424)
(47.934807,45.205378)
(44.424762,30.047699)
(46.560762,14.841619)
(15.794355,50.742257)
(31.861284,31.339200)
(21.393499,34.631716)
(43.513481,22.911616)
(8.782673,2.898619)
(27.878637,62.129015)
(38.466424,32.225653)
(28.525462,33.797052)
(20.895815,6.972413)
(33.579362,30.567049)
(22.618729,15.163846)
(47.290818,1.468318)
(46.426477,34.397156)
(40.320489,44.615596)
(4.394732,28.592931)
(7.039593,20.197111)
(12.670441,20.147310)
(51.600797,36.951974)
(46.235487,20.741808)
(37.339050,9.854577)
(16.987923,24.157882)
(41.153077,19.594140)
(47.325405,46.086994)
(30.915546,12.790194)
(56.891429,59.768474)
(23.823691,57.428859)
(22.797814,14.176931)
(3.956345,46.980307)
(7.083056,45.974907)
(6.567701,18.990682)
(25.355105,20.075658)
(40.244521,32.474611)
(43.953285,46.597462)
(7.800668,40.357036)
(55.542403,26.013221)
(14.839809,10.544819)
(30.737098,11.845035)
(11.087792,11.736456)
(49.295857,25.545192)
(27.644920,57.797199)
(19.012335,6.810981)
(2.603291,43.128377)
(49.311782,9.656960)
(53.001042,31.307860)
(51.045258,37.006615)
(45.568994,44.176481)
(58.463706,37.234488)
(29.532669,36.105122)
(37.905101,0.043856)
(51.849440,17.140561)
(41.610404,57.695381)
(3.895084,51.397150)
(42.226022,36.238939)
(29.998472,5.153004)
(34.223713,3.111912)
(20.002446,17.773632)
(21.152547,44.773204)
(45.716929,59.988061)
(10.665500,24.558952)
(25.377820,25.660801)
(30.981528,32.517978)
(29.977515,14.824381)
(36.434565,30.778341)
(9.486824,32.332850)
(8.357106,26.851489)
(22.402757,9.856382)
(8.078594,21.470331)
(45.299525,26.287198)
(53.322655,10.524746)
(50.279339,44.306851)
(0.402739,16.834566)
(17.448229,46.491233)
(6.751274,5.227424)
(54.298403,42.333088)
(16.350756,24.783104)
(11.796231,22.514940)
(44.628587,1.337000)
(7.796457,17.124556)
(32.289082,16.152466)
(30.115734,54.895844)
(21.486265,25.514485)
(10.773549,31.144300)
(29.003531,56.802088)
(58.507814,28.921981)
(49.566002,49.903236)
(14.315085,1.611938)
(6.331572,54.616957)
(25.013379,12.842337)
(41.562751,42.111788)
(53.176558,19.280276)
(6.933046,22.354613)
(33.923174,14.387065)
(42.873790,44.547280)
(18.627021,41.362994)
(44.333565,45.559558)
(26.601748,40.074007)
(3.216528,29.867309)
(13.330858,7.739817)
(27.351822,37.932547)
(28.569751,37.905358)
(10.655411,17.896835)
(37.902554,31.862659)
(41.840126,48.334479)
(52.949129,36.704316)
(7.120360,40.016089)
(5.783572,6.968662)
(12.561242,41.709313)
(24.921118,43.593073)
(11.173513,39.664813)
(30.295698,49.252244)
(11.597032,2.082904)
(13.645370,15.211466)
(57.367327,21.616256)
(19.209190,60.884375)
(50.190685,19.760800)
(20.951642,29.790620)
(5.431766,32.966324)
(37.067894,18.453177)
(56.743029,56.830205)
(23.085715,36.111024)
(45.018769,41.084039)
(40.708544,46.321350)
(55.413039,43.044281)
(11.801685,24.270768)
(25.903934,21.780931)
(52.135925,56.483814)
(13.144887,39.411743)
(57.610302,56.075767)
(10.165029,12.801301)
(16.340354,46.952618)
(54.072789,27.261956)
(30.895397,3.030316)
(14.580526,32.894386)
(40.098151,20.687415)
(31.429249,23.803747)
(12.148630,26.020241)
(15.700956,23.730877)
(7.817499,27.281060)
(30.581433,41.019322)
(51.654407,2.237433)
(20.572182,24.263819)
(39.978617,4.507767)
(42.937006,22.683945)
(9.975287,11.799175)
(17.442884,53.656565)
(3.942077,33.300826)
(63.003024,21.945368)
(26.193338,22.377680)
(4.042683,33.182891)
(41.089345,39.812734)
(49.981652,43.039618)
(15.422953,24.446194)
(39.610462,50.225917)
(53.345019,4.465732)
(3.073151,15.694010)
(51.794404,45.663695)
(32.971507,19.149559)
(17.256162,18.745985)
(27.511681,4.521649)
(22.961353,19.497763)
(7.709047,25.591393)
(38.361494,0.168315)
(5.784256,28.012345)
(27.616997,38.536965)
(23.866802,39.467241)
(43.387958,31.138296)
(19.106429,26.041230)
(33.601644,40.892221)
(37.461561,59.641407)
(28.075016,10.892402)
(27.732303,0.903873)
(18.269088,34.830786)
(54.975414,22.712087)
(15.677667,33.346796)
(33.856247,13.821944)
(35.967304,9.283370)
(3.814710,17.394010)
(17.452081,21.211503)
(30.742792,50.474062)
(27.176282,46.862470)
(48.136002,3.303847)
(7.812829,34.772029)
(8.285682,34.906287)
(23.518825,12.098411)
(52.954278,32.841950)
(47.335745,38.426383)
(53.757977,40.086648)
(2.259972,53.352520)
(34.371618,0.043313)
(4.006463,42.200954)
(55.852396,41.142911)
(61.949837,13.834748)
(49.968079,1.889352)
(10.661396,24.938217)
(6.083334,28.312610)
(31.287661,36.704299)
(45.570034,45.977064)
(31.808253,42.484240)
(3.587858,20.542127)
(18.529280,53.001748)
(37.044405,48.287560)
(31.966848,49.992032)
(52.448026,22.412377)
(48.791056,6.760920)
(44.143192,31.012209)
(48.745146,1.427199)
(18.549872,16.835975)
(59.520553,38.558519)
(29.048888,42.595158)
(54.519684,41.704174)
(2.118063,27.299605)
(52.657101,11.753796)
(22.274559,27.839849)
(22.060801,31.466192)
(51.083245,15.468361)
(14.963677,44.215822)
(53.461134,49.940395)
(53.086435,8.187174)
(37.928824,15.373284)
(15.774220,9.575365)
(10.433978,24.765064)
(8.577565,13.248637)
(1.457251,64.000113)
(29.645721,43.434392)
(52.804060,11.074570)
(4.962383,28.484773)
(3.279187,43.235159)
(31.705808,14.818152)
(13.460537,5.068567)
(57.296102,51.413747)
(5.911966,6.559314)
(29.405852,40.956849)
(49.326287,27.186183)
(21.525328,38.266153)
(45.303393,35.920698)
(46.840417,47.051935)
(29.768213,8.878301)
(43.852866,29.963456)
(16.686383,43.836172)
(34.334099,53.552450)
(12.982738,7.297559)
(54.271549,27.442970)
(28.358192,18.464836)
(29.639909,43.400672)
(51.855374,44.075837)
(49.505475,9.089421)
(47.902899,24.844901)
(46.291091,23.167320)
(44.822628,52.189287)
(25.006626,8.083661)
(26.948243,19.196228)
(33.531700,14.323040)
(3.742603,7.989011)
(50.712199,53.757832)
(8.702326,52.403842)
(9.711391,40.888238)
(21.099577,2.867057)
(21.405043,13.058338)
(11.673973,18.053707)
(17.274986,8.156454)
(8.199254,0.622731)
(16.021670,28.512239)
(1.570464,52.693640)
(51.637889,9.319480)
(49.600988,8.088053)
(0.353404,21.685231)
(27.796405,14.318302)
(9.279458,36.487634)
(7.592118,13.979444)
(54.596185,54.151437)
(21.450066,32.280219)
(5.188012,25.602288)
(39.946849,62.676216)
(18.296035,9.380495)
(37.013409,50.600092)
(58.013787,16.505636)
(58.776042,43.097383)
(23.379069,9.824573)
(48.131962,36.841892)
(50.065590,44.948110)
(9.723564,32.295145)
(22.668938,1.910940)
(17.000264,58.209991)
(30.776476,5.789183)
(32.997310,15.696466)
(26.391366,40.956306)
(40.495888,50.836883)
(56.654167,26.684942)
(7.161495,21.585015)
(32.981930,22.787900)
(44.755707,8.293130)
(55.509255,25.396712)
(27.343056,37.090469)
(41.303227,15.164932)
(31.371465,22.989448)
(21.065130,44.801706)
(29.281094,18.764772)
(12.885788,8.461306)
(48.194966,5.857339)
(5.168296,39.598501)
(48.404802,16.224385)
(27.416298,15.187936)
(37.550796,14.431397)
(47.269076,37.363511)
(26.525007,20.172095)
(27.474718,61.084605)
(35.785660,34.568127)
(2.919542,46.983490)
(0.517406,20.446044)
(36.479002,56.078127)
(34.434384,25.599051)
(1.231112,3.470704)
(14.863739,34.838198)
(28.861140,33.048455)
(54.280123,48.545796)
(50.552328,7.829551)
(21.102750,29.015572)
(44.137699,18.152401)
(2.631531,11.299438)
(4.541483,15.354012)
(8.421506,37.040230)
(47.726203,40.717478)
(22.068071,49.093943)
(2.711686,18.936979)
(27.862570,12.959120)
(21.577812,8.801255)
(59.913375,32.609068)
(61.099968,27.605106)
(28.813246,17.940811)
(34.235667,23.838702)
(2.541388,50.741399)
(27.884348,50.479663)
(17.947193,29.440674)
(8.701046,51.800453)
(10.519403,3.902475)
(5.592796,53.254199)
(12.586358,29.871919)
(31.577674,5.864803)
(22.419138,31.707544)
(57.201298,27.956042)
(45.708631,1.179983)
(46.542421,3.750198)
(42.051565,5.828722)
(49.530949,45.440229)
(22.838624,13.067549)
(33.386287,57.404941)
(8.839336,10.718443)
(50.443271,21.679886)
(31.974661,2.172935)
(2.541822,34.649601)
(39.161294,52.244894)
(31.814909,50.177535)
(26.965882,61.292166)
(31.999790,6.729548)
(30.619844,45.227332)
(26.648816,26.302230)
(7.164557,16.138342)
(31.260429,44.153577)
(16.708628,1.167024)
(1.230731,38.743401)
(5.072521,14.225743)
(51.667242,27.749271)
(26.574109,17.117632)
(4.182699,48.131571)
(58.083585,21.217088)
(10.503707,60.789393)
(48.960540,39.222523)
(39.592709,36.223275)
(41.515975,49.649644)
(48.524976,8.999853)
(27.374070,43.425651)
(46.485927,57.283893)
(24.089889,49.062307)
(20.150316,26.816286)
(32.241177,3.041101)
(19.141869,38.485106)
(23.806983,1.705560)
(10.516281,45.663851)
(29.345858,20.425732)
(16.665310,28.445741)
(29.548155,47.613171)
(18.314305,19.287147)
(44.363115,12.298322)
(36.919929,34.717070)
(13.560052,12.342567)
(21.192108,44.166991)
(47.738823,10.642771)
(6.267882,34.787613)
(0.578751,40.817199)
(28.172758,33.388273)
(9.718323,20.094918)
(27.366701,20.256685)
(18.033811,22.801459)
(5.348761,53.808148)
(4.821839,4.510006)
(35.289412,13.497306)
(19.723977,19.502116)
(3.725001,1.475694)
(50.215322,37.823047)
(60.387929,25.724923)
(26.580867,42.820031)
(1.987371,46.635681)
(5.139211,47.409362)
(0.849241,8.120522)
(51.163543,27.249391)
(31.756753,38.419289)
(8.869002,10.281715)
(39.082123,21.957099)
(10.438698,2.188148)
(42.602732,31.164693)
(23.114818,40.418262)
(4.269736,23.541601)
(25.951279,9.431582)
(20.697785,52.560209)
(56.504894,31.160797)
(13.598803,39.651137)
(35.535215,0.024692)
(57.263405,36.611456)
(21.953902,54.359290)
(58.309840,53.238838)
(38.823420,33.447660)
(32.367424,9.100234)
(19.360229,4.657763)
(57.272186,12.613684)
(50.819369,49.132322)
(35.282203,43.049173)
(7.271534,2.549063)
(50.874195,44.020387)
(24.610061,3.575275)
(3.786678,27.380787)
(1.592105,53.018051)
(33.173062,13.340253)
(40.742856,4.266760)
(21.622952,60.110841)
(52.171748,3.437298)
(4.626501,13.597906)
(47.438082,32.003099)
(8.505697,8.528109)
(14.293672,42.996226)
(9.966655,28.417851)
(19.066354,44.406930)
(6.509593,41.992549)
(13.323846,38.511105)
(35.913927,53.189650)
(26.984673,6.072482)
(22.813116,21.970171)
(18.693328,24.158303)
(45.610769,46.814661)
(36.019544,31.482716)
(37.907882,46.099430)
(43.405890,29.572658)
(18.624627,40.821573)
(0.601408,32.976358)
(6.465898,34.641306)
(53.391113,25.746003)
(57.811928,17.939481)
(26.174813,41.405200)
(14.166036,13.522799)
(13.074808,50.063314)
(19.252482,25.208478)
(39.810389,7.144500)
(24.806236,55.238093)
(15.486906,19.125442)
(0.417899,62.080248)
(46.584545,49.573227)
(42.919169,55.013300)
(12.918228,37.619172)
(40.754808,31.908053)
(16.628019,0.799623)
(16.120161,0.719564)
(18.529120,25.470050)
(40.967908,13.696537)
(13.403385,0.248851)
(39.104876,30.231269)
(7.757762,36.895070)
(49.775078,1.158278)
(46.476946,10.515044)
(0.048671,2.583606)
(30.902862,26.046413)
(28.514429,37.558878)
(47.537141,35.122142)
(41.144063,29.349781)
(15.758579,32.605351)
(27.309234,6.655874)
(54.904872,35.560585)
(37.053198,62.985949)
(4.748558,34.893326)
(49.671452,20.811103)
(23.741838,1.081539)
(1.907516,53.060460)
(22.181637,28.476475)
(18.434504,48.179241)
(15.633768,13.276557)
(35.393414,4.754637)
(49.929881,7.791565)
(54.462894,47.611562)
(2.522173,15.548287)
(27.932315,54.218071)
(8.048677,40.850884)
(26.565737,0.834845)
(19.358566,20.169133)
(51.635506,39.933720)
(35.652740,11.991592)
(20.166312,12.670255)
(6.349394,15.701963)
(14.806704,36.131074)
(6.394835,2.381435)
(7.161659,37.233818)
(21.969191,29.806183)
(21.728248,8.172113)
(38.811805,31.768867)
(39.869252,1.882268)
(26.896755,6.904986)
(41.359269,48.590507)
(0.402433,14.070709)
(4.164936,37.843422)
(24.099717,43.833647)
(32.150962,16.218959)
(18.893494,46.777061)
(25.041828,4.305522)
(11.008197,36.517541)
(30.346021,47.351066)
(53.924333,27.335076)
(7.132402,48.148995)
(18.725530,10.121302)
(34.288381,48.961089)
(24.056646,27.887537)
(1.194241,56.178015)
(11.448477,34.945914)
(44.711766,54.130250)
(13.653306,35.966837)
(38.040398,33.283294)
(32.083211,15.764641)
(39.498433,42.614672)
(18.381919,29.993670)
(14.883623,29.305367)
(0.423134,17.050310)
(31.577320,59.290882)
(8.182466,5.504185)
(56.823731,48.534892)
(5.118783,40.302457)
(7.270500,23.339425)
(10.839723,24.829984)
(18.771275,54.716853)
(40.155266,11.492977)
(49.767629,17.342128)
(14.457158,21.748371)
(31.463817,54.993931)
(4.941822,32.350444)
(25.828818,17.313296)
(31.749750,0.172578)
(48.013167,59.642888)
(36.529649,32.783329)
(14.681182,12.197236)
(31.408931,41.841469)
(5.394778,35.171922)
(38.711397,43.241968)
(53.133046,49.831383)
(15.466478,34.718130)
(47.864139,4.991266)
(26.613062,29.265607)
(10.140751,26.403427)
(35.002463,12.653234)
(6.078350,22.764816)
(9.814514,41.437745)
(42.783378,31.876835)
(51.703971,13.597810)
(3.996223,22.613086)
(45.172295,22.486209)
(5.519854,11.166554)
(58.174734,31.156182)
(19.494972,41.360484)
(51.993097,14.028657)
(12.801831,6.848574)
(28.937667,18.616382)
(62.975535,38.305452)
(10.596137,0.425558)
(62.005714,13.054069)
(20.840956,40.358439)
(47.304516,19.473690)
(16.347767,32.985474)
(47.918866,38.607581)
(29.386816,60.935955)
(18.130030,38.299851)
(46.295170,47.613953)
(33.989709,19.154053)
(30.573239,4.296514)
(15.408878,51.138289)
(28.640104,2.972939)
(13.195657,26.380649)
(3.463748,14.398911)
(7.562962,44.994010)
(37.176897,40.525698)
(44.770255,39.048050)
(22.677664,18.236591)
(10.115929,20.224737)
(14.420526,14.655938)
(22.350722,20.662426)
(6.850734,25.327299)
(36.875636,46.603425)
(55.931112,10.020416)
(19.193995,21.907481)
(15.737818,23.452591)
(40.550086,18.501073)
(28.918289,38.609480)
(12.712038,16.599594)
(46.487565,13.570977)
(44.180615,18.468586)
(17.465266,12.140095)
(14.197369,47.136513)
(57.569752,50.579337)
(48.558978,61.867683)
(36.615097,18.970646)
(14.023424,55.145173)
(33.677752,29.177797)
(22.116487,21.777941)
(4.131348,49.635745)
(44.201094,14.322008)
(6.011779,12.204278)
(42.891204,29.561793)
(32.149749,50.671355)
(2.559248,31.358235)
(50.063106,47.985149)
(31.649862,35.410161)
(22.553165,59.824331)
(43.642696,8.659383)
(41.224729,8.325398)
(17.988158,10.435516)
(29.155259,16.235560)
(15.016310,4.191726)
(0.027302,38.408585)
(2.182170,3.982989)
(62.720790,55.483646)
(17.328455,8.736923)
(32.010302,27.179410)
(8.625729,32.267990)
(38.750712,41.685309)
(3.804685,26.205752)
(26.365359,36.282121)
(14.989076,43.544472)
(40.352956,11.243747)
(52.234554,37.974784)
(34.175455,47.320009)
(36.932385,40.494723)
(13.430428,48.676434)
(29.613971,15.419626)
(16.862707,12.720150)
(11.026935,37.039366)
(13.094828,38.031948)
(43.483893,13.108100)
(12.533992,4.450558)
(18.890338,43.413646)
(43.814104,26.588847)
(13.335583,24.277913)
(43.695700,9.296311)
(48.007311,53.331723)
(19.967534,36.763319)
(5.952582,10.299074)
(54.139190,15.667590)
(56.668250,7.286019)
(8.645284,49.969097)
(45.255065,40.569652)
(32.484953,54.219961)
(36.810343,47.659094)
(11.716917,11.028929)
(25.884545,19.554143)
(17.105627,1.126548)
(34.341304,3.840244)
(3.981323,5.825101)
(10.620449,34.547249)
(51.771608,47.775004)
(33.466522,19.791695)
(50.776680,7.935421)
(13.897938,32.094478)
(11.443881,38.317618)
(34.228631,24.732988)
(49.264261,24.185261)
(15.760833,4.236533)
(14.414734,36.549610)
(34.803087,39.081630)
(13.030523,42.921316)
(14.939515,23.197165)
(0.345843,25.286451)
(56.796561,33.626250)
(45.969724,46.434696)
(48.458661,29.393402)
(29.887707,12.787215)
(48.910117,35.443017)
(7.175189,2.365547)
(4.339708,38.812697)
(33.713996,20.454261)
(52.620694,42.517014)
(14.109054,33.368268)
(12.525120,56.818387)
(42.328771,39.502898)
(15.239024,51.353763)
(32.486758,56.625332)
(9.974635,34.500421)
(36.718716,31.530956)
(0.817261,34.186051)
(19.382348,23.828433)
(22.689401,40.548221)
(16.145045,47.197577)
(17.982521,17.349165)
(32.819851,52.479235)
(32.882314,31.554923)
(27.159457,14.600677)
(0.419914,29.236963)
(6.766459,43.043132)
(4.403331,20.026770)
(25.248079,13.619095)
(17.658452,44.668007)
(29.949495,4.582410)
(14.224612,46.622362)
(4.802795,1.680235)
(13.138317,16.088187)
(27.836427,10.654830)
(7.957373,1.155019)
(6.688723,56.452904)
(6.338745,10.713227)
(42.313180,34.669371)
(60.191808,28.384636)
(52.209650,20.276124)
(55.183439,32.132045)
(30.440896,34.474536)
(15.035321,21.650155)
(30.328809,21.666002)
(42.340517,12.074587)
(2.165486,43.641010)
(41.695444,45.831802)
(33.485397,28.010290)
(10.811220,47.524922)
(63.458719,46.142504)
(13.745419,5.021189)
(57.226899,32.975834)
(33.688060,14.767853)
(22.479943,48.311895)
(37.427160,45.809564)
(27.717082,54.001928)
(19.577840,14.044849)
(3.821197,25.901355)
(60.143323,54.502351)
(10.755590,12.795341)
(38.795551,45.035073)
(30.703500,60.130102)
(4.334276,27.416016)
(20.129137,52.726324)
(48.012426,40.332259)
(9.548386,52.334282)
(45.572582,38.314354)
(33.623103,31.168418)
(40.115093,48.904775)
(53.106386,16.402348)
(12.290837,3.743877)
(6.216558,30.500549)
(9.324479,45.431690)
(15.021119,18.060192)
(54.287603,26.496839)
(39.151372,22.778193)
(7.364764,24.004441)
(9.988722,36.379300)
(10.192413,32.397686)
(29.857464,25.481107)
(39.333668,31.244941)
(25.443464,7.992497)
(19.257250,34.422745)
(18.358099,41.121171)
(18.088299,40.461542)
(8.599273,14.519754)
(34.285419,50.148324)
(23.099193,50.318903)
(38.984540,41.436697)
(26.445150,2.897333)
(41.419783,35.580096)
(46.970855,47.305954)
(3.931536,40.246845)
(19.894024,6.011583)
(10.867902,29.704633)
(9.188924,36.192642)
(22.530921,10.177003)
(40.761881,12.584003)
(34.102791,54.409940)
(31.692197,13.288858)
(11.583365,29.220125)
(47.432423,50.286614)
(13.998670,42.698529)
(24.425951,35.431002)
(36.074342,0.020382)
(33.407264,40.104664)
(3.486134,40.660588)
(45.529216,0.426101)
(7.296853,0.008035)
(30.719839,46.179596)
(22.552124,31.965099)
(58.707902,30.939343)
(14.843616,31.938251)
(5.993572,23.206149)
(2.954559,47.834629)
(28.591424,36.826432)
(26.599461,39.681891)
(40.608617,4.837608)
(38.031001,28.445100)
(19.473731,9.961260)
(17.798571,46.179830)
(55.732888,52.313328)
(4.429986,1.101332)
(1.120588,47.970708)
(21.627538,39.814703)
(10.447758,55.857965)
(41.159023,5.386532)
(9.263922,20.367568)
(6.891611,59.699872)
(17.287222,34.842492)
(51.306272,29.556833)
(13.132220,28.036506)
(42.190119,51.069240)
(5.539637,16.384619)
(35.255814,8.857041)
(18.348001,0.018697)
(34.939713,33.091380)
(19.210910,31.935070)
(3.827105,57.173215)
(32.668949,9.786629)
(23.631232,29.962140)
(15.434032,22.927504)
(17.083839,21.650431)
(38.444985,45.882745)
(12.793811,55.681826)
(16.922574,30.765254)
(5.357874,53.146166)
(47.578083,54.027405)
(49.308259,46.833866)
(47.451737,56.907032)
(53.384586,32.128821)
(38.371997,39.092143)
(44.343224,15.564549)
(40.810000,5.905932)
(8.228174,34.952152)
(41.014982,36.461929)
(23.829237,26.700869)
(37.162406,45.224652)
(41.358682,5.170402)
(20.910605,36.542411)
(22.125699,15.860682)
(33.535965,30.830425)
(2.215622,21.533825)
(17.866632,59.278670)
(49.225751,35.525126)
(0.813701,11.715049)
(9.743268,20.741713)
(21.650938,55.071083)
(34.689525,25.160726)
(48.993598,30.037315)
(23.493819,29.000944)
(33.718844,9.504060)
(6.442507,22.288066)
(26.633964,14.639481)
(18.143475,43.296968)
(24.076302,4.945493)
(12.901886,11.984174)
(16.584208,1.853723)
(36.799018,32.359916)
(39.584008,28.962892)
(47.207192,58.425692)
(41.029337,49.791881)
(46.017272,7.187371)
(54.656098,53.057422)
(38.000291,22.860197)
(38.993212,32.363190)
(55.510520,44.954690)
(20.843009,42.454128)
(40.520962,38.434653)
(27.852496,10.309791)
(17.837205,28.908651)
(12.513874,47.586794)
(30.721531,25.898477)
(46.037372,43.885620)
(8.739048,29.889359)
(60.601181,17.372109)
(46.596872,24.874699)
(26.864056,53.962164)
(29.681909,20.932262)
(0.205832,40.280525)
(14.934759,45.099597)
(9.470982,11.946442)
(47.415995,54.319011)
(49.006781,30.757099)
(23.128149,53.213743)
(11.069777,24.675035)
(59.012415,10.339024)
(28.976938,25.985713)
(12.977938,45.401596)
(9.659161,40.028522)
(29.983091,11.240722)
(14.812841,54.968738)
(5.986754,50.323218)
(9.974649,21.302391)
(46.341216,46.465116)
(39.464408,2.465223)
(49.076657,29.287146)
(17.364637,13.030980)
(4.347824,28.523099)
(0.487524,61.847012)
(41.408246,7.214200)
(47.865010,18.966981)
(49.386171,18.560436)
(27.287107,16.834265)
(33.429528,37.252564)
(11.090061,35.906130)
(46.298855,47.771931)
(45.465089,15.628756)
(11.247726,9.412498)
(41.554180,18.858557)
(21.302844,40.941784)
(18.625689,40.526832)
(13.305139,26.754212)
(8.690403,54.952952)
(3.130328,17.185155)
(38.753353,25.915992)
(53.296698,17.584335)
(49.890108,50.226627)
(18.425617,22.284766)
(24.455699,4.790154)
(42.084202,12.430139)
(8.092871,15.791325)
(31.719384,55.325839)
(47.822475,39.651443)
(53.178439,22.867256)
(9.402272,41.457124)
(4.125727,48.511518)
(36.506476,12.985910)
(20.184403,41.240901)
(62.049778,26.086324)
(1.808077,61.829986)
(28.512285,53.523253)
(20.638563,14.792753)
(18.905009,40.279454)
(6.383340,27.254359)
(16.181911,11.154850)
(32.440891,41.106195)
(49.529081,3.126835)
(0.881076,21.134047)
(47.212688,43.780870)
(9.517717,23.688396)
(0.462031,11.134813)
(48.521833,41.517041)
(52.714893,56.549802)
(26.194922,52.703897)
(11.257483,37.716600)
(25.250058,51.289874)
(10.270962,9.650892)
(39.573234,57.387570)
(15.299174,32.837488)
(41.413841,51.733656)
(16.033000,45.142429)
(35.809455,49.362332)
(11.371991,38.969351)
(34.658968,2.512206)
(32.723031,26.168338)
(16.935156,48.664450)
(47.729445,20.207955)
(38.679232,23.166143)
(40.272315,11.564253)
(5.336955,46.811842)
(26.634757,47.581366)
(55.424263,1.937711)
(38.467591,56.335338)
(29.123570,36.174788)
(35.016621,10.597794)
(24.416792,1.278030)
(7.398873,23.044841)
(20.935089,31.588522)
(18.831930,40.155546)
(12.009785,33.573302)
(52.562987,10.325449)
(36.558260,56.187552)
(32.189840,37.414352)
(47.442963,28.121842)
(3.934974,20.349724)
(58.852525,15.174917)
(31.788086,24.714234)
(12.852514,16.735875)
(7.494725,30.849045)
(35.314848,29.698347)
(24.286995,7.151192)
(49.278106,5.934999)
(5.080635,40.394799)
(2.699296,34.893134)
(22.632276,48.353714)
(36.794532,53.488193)
(48.985756,52.769630)
(23.415330,24.556406)
(32.275746,24.666376)
(52.318927,20.335652)
(42.598766,36.368755)
(23.783392,9.933117)
(31.155596,36.165824)
(31.318024,22.413089)
(50.654806,19.248080)
(60.907896,48.633874)
(41.867702,11.994708)
(60.457204,35.511819)
(47.961289,42.505290)
(51.176801,54.296358)
(9.896545,28.893976)
(5.414088,50.975154)
(2.105326,25.268835)
(37.089009,17.277831)
(30.739525,3.265473)
(32.254982,1.203532)
(35.409790,17.919854)
(48.815296,4.573878)
(51.969307,3.385128)
(58.023984,35.954784)
(31.142851,38.990468)
(5.587687,20.206966)
(38.472808,16.210357)
(53.804075,38.616255)
(55.208431,48.714394)
(39.711024,47.537647)
(26.405300,40.723219)
(5.050676,12.906525)
(49.376203,5.921461)
(10.433443,45.522808)
(17.745412,47.429211)
(46.944218,12.148119)
(42.879934,42.670867)
(42.241568,23.618456)
(17.707943,41.100261)
(16.232208,30.344950)
(19.284979,37.919842)
(3.250243,40.496736)
(10.433992,47.305798)
(49.014086,25.879205)
(52.817279,15.896715)
(35.549028,17.565541)
(47.071655,17.663162)
(17.427359,22.990368)
(49.021437,8.117040)
(2.118720,39.295176)
(30.226160,45.622883)
(4.494849,25.380740)
(7.945832,18.423611)
(48.660310,58.075051)
(56.131998,12.362995)
(27.920017,16.701728)
(19.037897,15.579108)
(49.356902,4.458402)
(40.571843,1.674831)
(0.685166,2.085267)
(22.936708,12.840757)
(28.976933,13.314096)
(22.022548,20.814400)
(61.134660,22.094230)
(54.631467,51.344546)
(3.196754,34.653404)
(23.160169,42.164844)
(48.554030,11.655858)
(0.085186,30.660388)
(26.670034,48.094725)
(1.513330,8.004923)
(38.822816,4.612416)
(37.882234,43.399975)
(49.502860,0.449259)
(30.419042,54.015865)
(5.473900,5.994866)
(37.796675,51.459310)
(26.418634,13.476507)
(35.416381,9.502922)
(28.465672,47.134887)
(21.407716,31.279449)
(4.329537,49.935317)
(44.085879,47.347720)
(41.843791,30.629567)
(44.398830,15.031836)
(53.422313,40.407899)
(34.815300,2.893495)
(34.597108,57.781192)
(13.769920,12.039267)
(7.461413,44.459299)
(27.699421,38.676827)
(47.329021,39.175796)
(22.230874,51.132594)
(7.473338,29.909713)
(49.515710,11.777255)
(39.114409,23.979250)
(12.207818,50.640199)
(57.273554,35.559195)
(12.264061,30.789219)
(31.408588,17.630461)
(40.172770,7.062021)
(25.663529,9.487412)
(0.926970,36.302699)
(25.836076,9.423767)
(53.921471,39.826280)
(37.473834,33.020319)
(56.316176,47.750620)
(13.342946,33.880505)
(15.390448,28.222791)
(36.602684,14.653451)
(7.734910,5.309753)
(2.655265,2.035859)
(14.478692,28.156207)
(41.346255,37.058619)
(0.269539,38.097073)
(46.565307,43.038998)
(56.198668,13.406472)
(6.005176,46.536053)
(55.176114,7.675191)
(38.921997,44.250370)
(31.280236,43.180405)
(45.659558,0.271706)
(15.307996,7.108478)
(40.416765,4.344830)
(26.317293,3.954616)
(15.022954,25.815321)
(37.749927,3.345036)
(14.257786,50.329467)
(52.250900,3.372739)
(21.120167,42.799082)
(2.765883,5.340312)
(24.009365,21.755027)
(28.240073,51.775465)
(28.061844,20.564207)
(51.096366,28.837704)
(17.798995,55.858581)
(63.503608,27.206157)
(48.176965,33.763940)
(36.435244,9.898159)
(56.607423,32.294173)
(57.913183,49.801355)
(45.336885,53.156539)
(33.448188,14.043868)
(29.324226,27.981607)
(38.557244,36.931721)
(5.616667,61.690649)
(22.435085,42.671985)
(39.003510,10.824224)
(23.225297,36.762303)
(53.497777,44.460278)
(29.747949,12.598360)
(54.141079,4.551578)
(17.868606,33.117414)
(30.441584,30.670236)
(35.984942,35.501443)
(39.214733,31.467307)
(43.105466,34.443738)
(4.736043,33.784222)
(13.557015,29.789116)
(55.652863,51.832520)
(5.582840,0.801450)
(14.248292,15.946944)
(23.695687,49.307622)
(48.042732,45.020154)
(37.528080,14.058245)
(21.478565,44.177677)
(21.887514,14.252101)
(37.590589,33.010469)
(24.892188,46.882142)
(12.461491,2.626144)
(3.444644,2.664203)
(41.615593,53.667200)
(28.712651,18.343628)
(19.223635,5.422813)
(61.854150,53.943807)
(29.944347,10.083915)
(6.020036,2.257109)
(19.922582,45.359138)
(47.046336,10.998196)
(1.986906,0.737912)
(58.462445,63.914418)
(31.823735,14.473683)
(30.560809,27.583211)
(9.467023,46.869056)
(24.555970,47.014113)
(52.512223,40.985266)
(29.444134,2.484959)
(36.889772,43.036971)
(45.209438,43.147205)
(16.200353,5.051318)
(16.539530,43.519866)
(26.795611,10.218315)
(11.509364,9.876555)
(4.609865,29.672534)
(42.509837,18.549852)
(44.878776,33.297422)
(46.593543,16.129720)
(36.562647,7.363982)
(32.368457,3.262766)
(42.063550,32.859444)
(38.770406,11.658021)
(56.231503,41.929644)
(19.034098,11.186658)
(32.045218,25.558265)
(3.158700,30.752463)
(7.388158,20.470029)
(45.073203,14.524687)
(14.715954,2.080319)
(37.491861,28.933750)
(28.543961,44.125798)
(41.361081,28.762010)
(21.526800,40.594720)
(9.337771,11.141198)
(58.183536,31.290912)
(41.666230,15.552829)
(4.127118,46.335354)
(40.554723,7.473577)
(19.407174,28.100107)
(46.416882,24.874877)
(30.318037,40.178487)
(36.397004,30.310482)
(60.933455,27.926179)
(14.796434,31.460145)
(15.355488,13.522776)
(24.102234,32.780860)
(56.141449,47.119673)
(36.088336,12.686490)
(38.795688,51.926844)
(1.877555,54.902714)
(14.440434,15.708439)
(18.959065,50.815158)
(0.571400,60.984232)
(55.822703,24.019394)
(0.061890,34.282596)
(35.808861,24.059391)
(45.319986,50.683936)
(51.383825,35.981940)
(26.737247,23.033799)
(47.958414,37.056106)
(14.202987,6.722179)
(49.581569,18.140052)
(54.986491,48.685593)
(2.620460,20.645774)
(36.559402,50.596484)
(14.234637,24.915447)
(24.255968,56.388930)
(53.744705,27.892439)
(44.600043,2.367367)
(11.844516,7.480940)
(50.540208,43.860370)
(39.264633,23.338840)
(51.890301,10.921400)
(22.451366,9.480246)
(26.868314,51.981237)
(32.834350,60.172709)
(0.760361,6.495104)
(43.929469,40.712865)
(17.687064,5.242160)
(38.310182,13.963227)
(54.380335,19.192347)
(57.243790,51.282074)
(51.475326,8.296424)
(7.810984,25.284629)
(16.260002,4.070396)
(45.228617,42.612427)
(18.948341,18.050726)
(20.951114,27.921538)
(16.878625,43.038471)
(8.668973,28.097373)
(21.441514,10.411450)
(17.016160,26.936373)
(53.015976,39.169046)
(2.518587,50.678147)
(36.042232,4.644519)
(12.766171,36.472394)
(13.738230,15.163111)
(1.255026,3.627923)
(15.897021,12.347847)
(14.216025,10.578810)
(20.323586,0.370903)
(13.693859,7.085372)
(12.600122,0.108088)
(10.875272,11.388124)
(11.182702,9.084175)
(39.516133,25.737172)
(42.581971,11.432068)
(31.288027,57.448671)
(58.765431,14.715887)
(42.562571,48.137385)
(22.096823,3.016034)
(37.734148,38.297596)
(1.928658,8.728420)
(39.764718,19.069078)
(48.392350,37.475345)
(29.717579,35.503236)
(40.408518,23.893753)
(5.544547,28.723746)
(40.073917,29.605042)
(30.026968,3.529095)
(42.628130,7.687909)
(37.841637,9.017521)
(40.105152,21.606382)
(45.325270,25.990705)
(18.021766,47.361527)
(25.723491,20.860438)
(45.681337,48.295212)
(21.229268,26.926712)
(18.606141,7.972599)
(54.739594,37.230178)
(5.542368,20.050154)
(44.113989,50.590058)
(27.034333,59.774050)
(28.566625,42.934733)
(13.959568,23.875922)
(46.434885,12.076319)
(39.700216,14.807977)
(36.957100,61.324936)
(49.926105,22.739973)
(33.972619,50.560432)
(39.629278,0.084826)
(6.617203,53.225006)
(36.038587,31.739623)
(60.972874,45.874604)
(17.348383,23.648137)
(19.825628,32.062624)
(9.762054,2.668308)
(54.050472,32.558071)
(3.634458,9.000377)
(6.337933,56.093441)
(8.277156,36.851676)
(6.024389,42.555319)
(51.955745,22.583761)
(17.957627,37.613944)
(17.421731,59.358374)
(39.960224,53.682288)
(53.830858,60.526566)
(15.466915,34.889225)
(51.651018,36.074099)
(9.968875,55.659954)
(39.959748,51.840859)
(5.059942,17.205905)
(30.387857,41.587600)
(62.283440,0.054198)
(34.984734,28.892572)
(38.743811,3.744829)
(3.713328,18.903331)
(51.721062,28.774402)
(36.370261,24.894868)
(37.980547,26.336725)
(33.799931,14.872860)
(42.238947,39.794284)
(24.853285,2.062623)
(23.590472,22.161224)
(14.067123,54.125109)
(32.702687,9.304409)
(34.412360,6.468272)
(7.999569,32.356212)
(29.736477,44.505262)
(27.234300,43.824364)
(11.166813,31.045011)
(46.947635,10.869488)
(6.558664,23.853865)
(30.695744,8.590545)
(57.531506,21.934043)
(46.323542,46.378212)
(56.888074,45.775356)
(25.571495,24.145583)
(52.033028,39.276651)
(57.128130,6.488013)
(55.954843,47.604549)
(38.057744,47.242499)
(33.155358,51.915811)
(7.564134,0.756094)
(32.020552,38.138105)
(17.805981,52.781676)
(47.414332,34.118694)
(6.472563,21.488786)
(8.409719,24.798458)
(22.513055,19.036734)
(52.488593,14.477987)
(8.553830,11.971135)
(47.890835,11.368377)
(10.830805,53.779460)
(35.809821,44.027864)
(35.447677,26.311918)
(57.689416,14.885880)
(22.885764,13.715936)
(27.013115,39.912525)
(25.275158,46.216164)
(4.573744,3.402873)
(4.240492,14.143913)
(26.048618,21.710713)
(7.640406,5.445044)
(28.826875,5.285422)
(40.677369,43.599894)
(16.112916,29.681396)
(28.522047,57.659330)
(0.850225,43.130268)
(46.934101,52.705820)
(22.103393,29.442937)
(43.936528,44.418629)
(23.116837,27.752250)
(44.161238,20.744891)
(48.905587,53.398165)
(16.390011,15.213589)
(54.787133,20.817991)
(33.202261,56.301795)
(4.393535,24.457592)
(47.678293,32.034578)
(8.903846,8.248279)
(49.981894,42.293966)
(24.291677,43.623390)
(33.201161,20.157595)
(12.970935,48.216918)
(0.191890,52.417837)
(26.902553,17.805815)
(45.521966,43.021968)
(36.640691,20.017778)
(9.331967,10.622902)
(61.968631,18.622466)
(49.102223,48.567204)
(48.047190,35.216811)
(50.305191,46.767950)
(45.443520,27.889212)
(35.050741,26.830159)
(55.086647,55.418790)
(43.608820,1.190489)
(2.950411,42.170889)
(2.178109,55.786095)
(12.430033,46.088355)
(33.018922,5.710122)
(35.884416,3.149459)
(56.253618,40.512940)
(32.107440,19.289057)
(26.832163,43.736920)
(6.217475,9.200772)
(37.708534,46.364939)
(2.829162,36.404654)
(45.006533,35.619088)
(44.206055,29.881727)
(31.157523,35.329271)
(7.222362,53.670846)
(50.326162,57.526957)
(36.029498,19.804828)
(16.758468,3.539442)
(20.880487,51.543634)
(11.322142,0.646308)
(31.424393,8.282410)
(25.387247,62.710664)
(28.166391,30.645467)
(47.964859,48.216802)
(35.767987,8.042720)
(36.258248,64.713303)
(30.304126,5.524901)
(18.613915,24.288722)
(5.664498,39.512798)
(28.471882,13.405793)
(52.663948,12.090010)
(37.599680,21.363838)
(11.517831,16.454248)
(30.948628,37.481436)
(53.100834,14.678959)
(14.311960,47.163071)
(48.133517,11.357189)
(40.675430,48.775817)
(39.481712,36.580882)
(40.810512,0.126786)
(18.844355,46.029135)
(32.525157,17.172446)
(0.689334,11.279906)
(53.932675,8.318954)
(14.759069,2.343249)
(53.578830,19.952458)
(16.493377,46.909967)
(10.196738,42.054919)
(18.676445,1.450829)
(11.226423,24.059716)
(42.701923,10.514636)
(46.307543,42.635734)
(33.735045,30.208442)
(29.673370,59.127597)
(16.328361,44.833403)
(31.226336,34.360663)
(48.209631,48.740121)
(51.438377,61.929602)
(7.670853,2.130722)
(0.578834,30.764107)
(46.812896,14.501400)
(55.861547,49.419401)
(52.465535,1.247653)
(20.344750,12.111284)
(29.639942,46.429424)
(18.709322,22.365934)
(20.417889,53.876214)
(17.160969,46.688172)
(46.060462,39.623525)
(24.745220,33.535399)
(12.462979,23.198437)
(11.237648,13.940075)
(6.332280,11.492665)
(12.924734,16.165512)
(19.040286,36.320086)
(14.718006,50.373683)
(30.177057,7.344612)
(11.917293,25.061086)
(6.874841,35.095368)
(35.539080,23.916647)
(33.248795,12.761512)
(18.898786,47.648739)
(41.155496,1.790691)
(22.117982,44.073762)
(11.973317,15.204347)
(2.991465,24.807606)
(3.339804,2.809434)
(6.358861,53.865308)
(12.951195,48.254871)
(12.019631,36.604665)
(44.797395,34.802747)
(34.058807,24.823301)
(10.501790,45.902427)
(37.491550,41.639827)
(29.970080,28.614048)
(44.737837,45.160940)
(28.160003,5.658784)
(10.347709,5.074556)
(55.077162,52.376932)
(19.419801,25.123132)
(51.535186,43.099225)
(17.076848,11.201194)
(26.306651,18.975548)
(29.822288,0.581471)
(49.639053,7.891525)
(26.480211,7.673606)
(31.021429,0.273991)
(25.282443,15.067919)
(12.991762,31.103661)
(26.839327,23.287966)
(26.419298,44.676232)
(15.088481,28.533315)
(37.829213,45.715000)
(24.166440,2.861995)
(18.746334,27.129191)
(2.095091,31.125003)
(11.586653,41.218998)
(18.831849,38.295172)
(53.518964,31.393228)
(49.316074,36.055392)
(18.133521,28.940922)
(35.098844,13.697169)
(42.431804,4.346136)
(7.896584,22.782809)
(8.843206,16.115670)
(8.335288,26.554505)
(60.101958,21.710206)
(8.437930,20.879749)
(38.851945,26.417695)
(17.678399,52.225550)
(21.038174,28.012662)
(29.764085,23.300556)
(2.772446,12.721937)
(40.501102,9.061012)
(46.424805,59.184753)
(17.900043,51.957220)
(1.523065,29.217350)
(37.795962,25.338368)
(24.875316,31.579652)
(44.537084,32.296344)
(47.137724,14.276724)
(36.163716,37.700635)
(22.526308,42.477895)
(0.028519,4.790528)
(32.284891,12.495852)
(24.253269,36.557381)
(14.711442,6.840840)
(22.284030,1.343795)
(1.572550,0.738124)
(23.027638,39.561790)
(42.424639,22.610805)
(38.335856,8.720993)
(4.333813,24.241267)
(16.743717,13.109429)
(22.810823,2.921592)
(39.134804,25.739687)
(16.713367,0.525908)
(52.073541,15.287152)
(41.141036,50.222111)
(5.151592,4.896700)
(21.792550,17.045460)
(8.361137,35.643055)
(3.294893,38.618930)
(17.781771,4.499839)
(3.692960,26.743661)
(37.437753,7.425207)
(55.804726,45.956041)
(33.524644,45.478181)
(23.012617,29.822951)
(49.265297,21.064299)
(52.210327,4.801659)
(27.860726,50.242012)
(19.677925,42.547525)
(49.216490,35.077727)
(12.447647,16.325273)
(19.496967,48.867414)
(10.720102,15.399342)
(37.323357,41.387926)
(7.638427,1.937903)
(1.465984,41.835863)
(27.848738,36.071712)
(19.367641,3.917545)
(49.936436,13.946279)
(0.505797,1.930926)
(5.027813,28.045724)
(19.345049,27.860798)
(38.574837,10.869133)
(24.864092,30.179589)
(47.604285,45.427871)
(37.001865,10.310587)
(4.417254,28.824133)
(25.255206,10.534730)
(38.763317,18.961231)
(29.972861,34.957871)
(37.055240,51.151265)
(49.421608,32.756500)
(61.232276,32.199329)
(41.294900,50.521539)
(60.367021,13.547556)
(2.519837,35.537803)
(51.955696,24.480207)
(25.013074,59.318398)
(44.095898,15.471689)
(13.374346,49.122387)
(29.168040,28.335011)
(48.545309,29.362821)
(34.317254,24.069494)
(48.991588,25.559956)
(55.349284,16.676425)
(35.224689,30.756738)
(14.501686,50.723797)
(30.602280,1.623808)
(47.464397,63.312943)
(24.656835,51.116418)
(51.129815,32.232941)
(4.534862,10.166785)
(27.573502,1.667311)
(58.344820,48.596860)
(44.852468,62.978695)
(2.703292,8.496411)
(12.439347,26.128582)
(23.564073,16.155943)
(12.070938,6.337233)
(25.577018,34.135785)
(37.467871,52.884950)
(44.076141,48.569721)
(9.016130,17.041881)
(35.699766,7.354302)
(33.746198,10.200234)
(40.879470,23.059584)
(38.961474,1.715870)
(40.413212,47.952926)
(57.833551,1.257634)
(48.611946,46.760838)
(31.320541,25.118327)
(30.540646,37.392161)
(13.961863,50.631138)
(18.386953,15.586680)
(21.907534,52.419654)
(27.070557,46.976664)
(39.421509,12.068706)
(31.708362,0.722476)
(9.515991,32.422608)
(36.367028,17.186749)
(41.436921,36.724678)
(32.781265,17.380839)
(35.117210,18.671325)
(9.925833,19.906986)
(4.281722,3.002471)
(44.171893,42.672869)
(52.782541,36.126471)
(2.785224,50.457613)
(43.765536,36.691681)
(31.666245,26.621439)
(1.146946,15.326704)
(35.146415,38.491831)
(1.791785,22.766837)
(33.407586,32.901316)
(6.771331,11.779469)
(15.711047,8.760956)
(60.871753,36.106275)
(23.542752,32.337868)
(17.111052,32.386485)
(32.413603,31.507792)
(50.007531,49.332668)
(4.029926,39.391606)
(25.956547,49.080674)
(28.225019,22.967123)
(26.087737,8.759072)
(5.298783,8.830558)
(44.388520,26.599945)
(30.362469,26.617364)
(27.851249,11.347443)
(41.760048,48.503090)
(1.195909,12.873198)
(30.314912,56.685241)
(31.851063,17.552122)
(3.806807,27.209355)
(43.713408,18.553838)
(37.765395,56.498366)
(7.755111,25.009865)
(6.563353,19.820046)
(2.416905,57.006397)
(18.440394,50.512821)
(18.194717,44.954377)
(22.438577,38.526482)
(10.489959,29.108624)
(38.542809,3.148949)
(26.288075,18.371525)
(46.075035,39.956760)
(10.511624,56.701314)
(15.164114,3.552915)
(43.648817,35.707527)
(24.985326,42.116323)
(34.368487,6.168797)
(43.406805,38.119911)
(19.335356,21.326968)
(20.145585,38.992517)
(47.043485,40.884886)
(46.399381,43.368539)
(15.148300,9.696784)
(38.661209,38.722922)
(22.231518,31.243161)
(30.694346,51.030499)
(49.303400,4.289148)
(13.053883,45.459911)
(9.735682,46.641991)
(37.845683,38.669220)
(59.272415,44.643603)
(44.918398,43.991149)
(31.681790,56.045076)
(6.677934,56.061507)
(37.235784,43.050900)
(39.601027,48.971611)
(28.260131,54.187836)
(49.091335,31.047915)
(51.490225,5.467696)
(42.515675,17.934473)
(11.732707,21.503731)
(39.530288,51.607593)
(17.474726,50.553430)
(38.690861,20.554272)
(48.790590,0.209773)
(9.386831,20.481252)
(38.143586,51.552852)
(29.414709,13.602785)
(55.958233,24.788521)
(55.430303,42.842187)
(30.657651,32.303715)
(54.118637,40.635423)
(32.163734,35.446171)
(1.147705,25.264566)
(9.278000,0.756006)
(25.432414,55.333186)
(39.219335,49.991261)
(29.615051,38.835730)
(20.341895,5.731207)
(46.786181,20.499666)
(23.761582,4.694254)
(21.519624,4.933869)
(59.407628,54.276638)
(5.998388,40.053929)
(10.420922,7.231150)
(45.293766,16.647498)
(1.450176,8.120799)
(30.050254,43.325555)
(12.901656,9.138961)
(48.835534,35.358587)
(13.293944,51.880522)
(41.857465,12.086472)
(14.143440,5.112227)
(18.110509,44.360958)
(0.899737,40.492671)
(10.709031,39.893552)
(28.074645,39.860433)
(14.510239,31.468575)
(34.371723,60.043068)
(21.214348,16.063279)
(5.470309,11.131371)
(47.978034,8.410785)
(47.595005,1.598474)
(16.670381,43.135917)
(6.361400,3.567511)
(19.553604,49.508006)
(43.905768,12.563364)
(13.036434,20.631788)
(43.825570,39.876677)
(31.682490,13.430763)
(18.060762,63.582491)
(25.478037,41.809776)
(2.146808,27.529615)
(50.152349,0.516982)
(12.195344,40.928342)
(52.082251,45.537480)
(52.391138,43.289873)
(30.161764,20.051215)
(23.762085,39.247530)
(13.917211,58.008905)
(8.347743,49.559311)
(31.475776,61.484701)
(13.732660,21.354561)
(29.578959,37.200833)
(22.037151,1.288725)
(1.068059,53.679600)
(37.432160,1.924619)
(12.375539,55.419506)
(23.666086,27.823027)
(54.156935,18.086148)
(11.330816,4.770783)
(35.892816,37.343869)
(36.147678,17.615140)
(11.087527,40.374320)
(23.642695,26.382974)
(3.233778,23.864599)
(32.602093,40.789384)
(32.953960,25.792628)
(0.412514,30.298517)
(49.851057,28.113283)
(46.381490,40.147332)
(9.593094,15.058629)
(1.092778,55.886025)
(35.232101,18.160193)
(36.273758,54.491291)
(20.695551,0.729517)
(45.163226,1.480602)
(9.646206,1.270072)
(0.631692,49.169442)
(41.703050,25.744900)
(31.827211,16.892261)
(60.190677,28.203867)
(34.627455,10.728001)
(44.131580,9.479795)
(10.759937,16.217314)
(28.456408,8.267488)
(17.574136,23.543762)
(55.955429,45.772598)
(19.161608,4.892305)
(18.480906,6.489897)
(59.478813,0.545206)
(24.063146,19.259070)
(6.163749,5.894635)
(15.000182,48.587996)
(0.225823,52.584372)
(36.814656,12.252957)
(26.055667,56.463215)
(0.875735,41.591507)
(11.009327,26.892950)
(11.530354,14.102979)
(54.646482,17.202065)
(30.994673,40.979877)
(30.849818,50.694119)
(14.115984,36.832906)
(19.027116,36.937035)
(42.817918,7.548556)
(12.716067,37.128996)
(54.757615,11.798390)
(10.344739,22.883632)
(7.765294,4.567870)
(48.085259,59.811397)
(2.153962,19.916261)
(40.272503,13.255838)
(47.835143,27.789299)
(27.215663,12.127490)
(10.402253,35.719303)
(0.521745,16.597943)
(27.606679,42.404188)
(40.011201,13.858774)
(22.870401,13.708782)
(48.795744,12.554186)
(14.494459,22.758717)
(49.301761,42.161139)
(4.112281,19.494352)
(55.393405,9.301554)
(34.184444,5.551496)
(3.795442,14.067957)
(2.121039,53.213163)
(36.825846,33.811502)
(42.432712,46.554868)
(55.321958,33.216489)
(26.120336,21.372968)
(30.095045,52.580551)
(49.604848,29.625321)
(41.837981,37.469117)
(35.706931,12.577174)
(17.362489,16.471035)
(29.504054,38.437002)
(12.779232,37.298464)
(35.236539,19.576610)
(23.839812,58.255188)
(40.544921,13.438959)
(17.654612,22.767368)
(14.924665,38.872474)
(45.621651,36.463459)
(2.125173,45.443914)
(30.868601,34.332882)
(38.479459,27.582007)
(32.791763,2.042818)
(20.991386,35.608053)
(50.423614,32.134512)
(55.233428,45.404276)
(36.946466,39.619360)
(13.601049,0.606724)
(39.162468,9.868058)
(38.270282,18.769725)
(23.024662,26.602688)
(37.596390,0.598647)
(25.623960,40.647684)
(11.702480,55.909208)
(17.611654,44.172475)
(32.857633,36.444873)
(13.873708,34.253091)
(13.439208,20.130985)
(44.899667,28.941779)
(34.884489,39.788271)
(12.904761,62.354184)
(8.779351,50.177812)
(31.915857,24.212896)
(54.178547,5.139168)
(24.312666,22.088372)
(17.433194,33.759192)
(54.342348,9.155410)
(10.461560,26.356165)
(8.417310,41.037601)
(8.751048,41.887231)
(59.742328,34.006258)
(0.390034,51.713883)
(17.184076,49.600906)
(9.013495,63.389640)
(10.728310,1.587962)
(19.899809,34.485238)
(39.491932,30.226485)
(40.375249,17.834901)
(36.860220,52.517933)
(52.879883,1.926725)
(44.096999,1.728070)
(38.585773,2.099959)
(53.266040,21.842468)
(44.631847,42.468537)
(41.690958,40.935285)
(14.792880,57.817526)
(6.610356,18.276333)
(4.038000,39.549522)
(47.464660,13.016595)
(7.757854,58.064493)
(50.678243,0.243348)
(27.273172,31.631994)
(39.106251,58.376832)
(5.791393,60.318594)
(31.426091,19.168640)
(6.129135,47.260234)
(11.379587,49.988642)
(47.457533,48.766669)
(30.272018,17.111168)
(27.125687,11.148456)
(26.322654,49.770093)
(26.036480,17.182047)
(36.693790,39.175766)
(11.838752,16.488671)
(23.482939,17.044674)
(8.658572,48.494561)
(10.138786,30.321018)
(50.490772,47.380429)
(20.370442,40.037913)
(41.975058,3.330937)
(43.236127,51.447111)
(56.160172,43.451571)
(12.133126,60.700230)
(38.934476,35.438878)
(52.737106,16.922311)
(42.325466,42.426581)
(51.870357,23.518348)
(51.616270,22.221848)
(42.225045,50.892729)
(49.699642,16.348430)
(0.495882,27.575456)
(18.892433,26.691036)
(7.658641,12.844442)
(58.396489,0.060612)
(35.753739,18.951360)
(54.175486,29.215087)
(44.557225,25.665950)
(8.530167,52.995270)
(64.642199,57.800812)
(16.489981,24.372784)
(39.905504,17.380343)
(24.750118,40.784897)
(41.613330,28.117409)
(12.194997,20.119374)
(5.124421,8.417352)
(15.960958,54.043408)
(47.788904,0.439856)
(1.341210,49.910564)
(22.538481,42.196167)
(45.091968,62.441960)
(20.752323,3.944200)
(35.804769,34.983935)
(17.305902,44.409790)
(53.134381,6.133139)
(38.225116,37.871291)
(51.551595,51.097027)
(4.868220,41.827764)
(19.266156,17.559902)
(28.179688,18.701290)
(23.425005,28.936334)
(13.840666,54.468339)
(49.182959,38.030603)
(48.597221,58.263585)
(44.286883,19.971605)
(25.673345,5.411690)
(13.155823,58.389621)
(3.849638,17.113454)
(28.268404,45.670248)
(28.908047,51.916119)
(50.126315,55.015899)
(53.493969,25.473690)
(13.779997,18.945407)
(7.563909,32.058701)
(21.331262,42.956107)
(15.560533,9.900639)
(17.033128,1.899373)
(39.625290,12.502026)
(48.020103,32.749773)
(30.457832,52.309087)
(25.984297,31.727524)
(19.797009,36.754731)
(51.657825,35.863681)
(9.917505,12.994531)
(19.272090,37.344648)
(21.244837,4.931911)
(15.585688,30.896098)
(36.157662,0.483913)
(47.465032,17.626383)
(39.682979,12.524919)
(7.947365,47.537589)
(19.697496,39.880617)
(42.952347,1.519676)
(6.195605,18.481542)
(47.500666,18.071685)
(21.990962,2.533883)
(4.746418,23.524705)
(10.405746,50.508544)
(8.298730,44.748005)
(3.551114,17.579624)
(42.163053,35.863759)
(38.052045,11.989810)
(54.913965,2.236756)
(19.884091,57.454027)
(20.752992,10.461767)
(14.069989,4.725864)
(10.934325,48.346739)
(36.946601,40.888503)
(40.019613,30.123564)
(20.698905,35.324241)
(46.131098,62.565315)
(33.099923,47.047271)
(11.881972,7.905061)
(25.038840,54.000441)
(17.853191,10.345310)
(49.096696,38.845073)
(55.457010,9.957183)
(48.642021,44.158372)
(11.084584,10.144987)
(40.101133,33.574346)
(41.255362,58.406645)
(14.049280,35.638170)
(42.508099,5.119258)
(14.111589,42.007057)
(5.789201,36.207768)
(25.528012,47.321126)
(53.331612,14.188865)
(42.779084,49.147427)
(33.362274,40.920711)
(52.571924,16.656707)
(24.962850,29.649495)
(8.418240,15.674173)
(33.877657,18.370983)
(13.072240,28.354947)
(1.454347,40.770905)
(5.742696,49.435055)
(16.722142,0.836976)
(40.628109,39.354599)
(56.347668,13.863131)
(1.845355,2.868617)
(16.799913,25.882948)
(17.279573,8.035203)
(16.073485,30.116403)
(33.581902,47.606776)
(15.691826,54.928668)
(41.257837,34.815544)
(38.517926,11.398599)
(47.646629,12.632148)
(55.349821,39.797278)
(9.755277,49.372417)
(1.757479,11.481910)
(8.762519,19.315842)
(59.131221,49.541365)
(4.090927,53.187128)
(43.658867,40.476641)
(1.547526,46.613862)
(37.040061,17.550205)
(23.621372,25.569392)
(2.682769,29.228801)
(55.402388,45.041990)
(6.167289,35.026143)
(21.336392,15.993026)
(30.397984,8.387214)
(1.450005,33.122030)
(13.396130,27.454674)
(48.557452,6.669628)
(30.754769,8.109880)
(26.310631,36.896616)
(38.630005,32.614350)
(53.415359,22.329746)
(32.555733,19.072087)
(10.570077,19.499378)
(28.648858,17.719904)
(30.443095,50.002965)
(7.920889,8.237409)
(39.220107,38.345764)
(47.989247,53.230242)
(49.310322,4.418036)
(17.227508,52.065533)
(12.542516,4.719323)
(7.806949,35.679476)
(5.457066,39.324822)
(31.469123,46.551931)
(23.155689,6.692965)
(15.102516,46.668659)
(24.118237,38.997335)
(56.083907,50.478774)
(34.722128,25.866244)
(39.785097,10.583163)
(3.531275,60.768664)
(51.529347,33.517545)
(37.846528,48.956632)
(22.829310,10.296053)
(30.229716,16.808661)
(34.263721,26.652584)
(42.137694,0.174033)
(8.130465,9.836985)
(7.678143,9.182781)
(48.704590,43.092668)
(56.302826,43.146769)
(38.241365,1.981908)
(19.171011,11.476262)
(8.462277,33.652146)
(18.464665,35.736670)
(12.180204,23.011398)
(30.477954,41.997867)
(36.469401,48.742433)
(42.187479,10.874986)
(30.453332,42.346158)
(22.114946,46.924042)
(30.067289,36.900708)
(56.555196,37.942291)
(35.957679,8.929677)
(48.661794,18.201947)
(46.028593,21.477843)
(35.207076,43.762729)
(1.923481,49.178030)
(37.186742,8.206574)
(58.075867,26.702800)
(39.634672,28.789216)
(21.170493,47.866311)
(33.632971,36.511264)
(20.327093,53.124067)
(19.933481,36.049135)
(42.917801,12.850910)
(38.120129,1.441361)
(37.110741,21.936794)
(30.527503,36.697951)
(22.194439,5.634862)
(20.942997,2.331997)
(53.015967,46.397595)
(40.969108,1.112611)
(6.114107,15.152530)
(9.586043,31.872824)
(36.714399,9.382661)
(12.322862,40.932836)
(51.118653,18.541327)
(32.500643,34.058682)
(6.429305,21.823500)
(27.607977,9.269640)
(29.672877,4.967538)
(18.950019,60.975883)
(6.592526,10.057886)
(16.047417,7.390586)
(35.893288,15.732214)
(39.528573,44.333390)
(21.580594,49.312314)
(60.122961,23.536533)
(2.598145,33.435558)
(57.486459,25.744784)
(7.046983,31.762838)
(21.961562,56.487810)
(20.978346,34.657699)
(15.894123,4.137748)
(23.265482,34.873810)
(45.006999,29.288997)
(17.997646,20.710693)
(48.291123,30.055004)
(4.960400,21.311727)
(4.287210,15.269862)
(52.006994,13.165644)
(3.228612,38.339053)
(10.350631,1.798579)
(50.589370,40.081201)
(2.507417,41.233766)
(0.379278,35.092634)
(63.296063,27.727231)
(8.274600,42.637775)
(24.947957,44.976612)
(22.159931,47.730962)
(57.825241,52.440565)
(47.118706,17.703651)
(42.858014,30.754995)
(32.804616,46.510348)
(35.887830,34.984401)
(10.994581,46.633145)
(2.680462,15.420056)
(33.636309,3.395508)
(12.893332,42.527882)
(15.425358,51.650335)
(27.522372,38.166906)
(36.828448,49.800693)
(24.307144,41.241054)
(30.896308,28.148959)
(44.202624,15.196199)
(35.685441,47.076907)
(13.030503,34.005883)
(49.454970,24.231219)
(39.169225,7.478179)
(7.333319,11.248593)
(24.347191,2.731153)
(5.421785,44.190250)
(24.671711,1.700232)
(61.065783,34.423084)
(21.012298,16.617774)
(37.321028,36.265687)
(49.391227,17.878483)
(58.873165,55.176258)
(16.663684,49.176898)
(56.733473,2.491644)
(38.534606,1.436923)
(7.139799,39.628170)
(52.335945,51.899845)
(41.778536,0.316453)
(50.580986,12.570496)
(52.372785,17.048167)
(55.567758,43.658197)
(33.484356,38.193885)
(40.315325,6.697316)
(32.089764,15.086961)
(20.254532,16.351249)
(27.677444,7.089371)
(55.890436,42.228658)
(41.335619,35.585119)
(8.014159,8.197599)
(3.407678,40.519751)
(29.528532,54.002556)
(1.902247,55.330077)
(49.341831,30.068970)
(21.878194,43.887435)
(4.318126,40.520280)
(1.745502,49.348296)
(41.974686,36.813498)
(37.151810,28.748292)
(25.422933,23.262630)
(16.481901,31.128111)
(10.687425,16.145548)
(5.773780,17.016801)
(37.655772,29.390071)
(25.114759,47.431825)
(25.319545,21.841943)
(56.809916,5.019309)
(34.587261,56.899178)
(43.763940,11.867279)
(14.171011,49.743391)
(42.361201,31.611581)
(16.645446,14.589830)
(24.432600,7.906081)
(25.160441,18.702117)
(2.283440,50.376198)
(9.507785,50.258105)
(9.108081,19.891920)
(35.487030,38.147617)
(25.779741,25.868291)
(18.286416,12.657618)
(28.212177,17.027927)
(8.974632,34.124614)
(54.541517,55.335390)
(30.808211,36.453152)
(5.612832,19.667463)
(2.976116,50.259144)
(44.902372,36.143570)
(42.137619,27.467261)
(39.670991,36.232143)
(7.891243,37.878564)
(20.249868,28.360473)
(20.327100,49.641809)
(26.736815,56.059536)
(27.494322,17.330858)
(46.498155,42.206033)
(38.233844,38.011414)
(35.057122,8.262898)
(22.715886,14.817899)
(50.642063,15.127629)
(39.248584,3.468846)
(51.871403,48.496207)
(6.805419,46.344424)
(37.109087,41.590974)
(7.563399,34.923478)
(8.793394,7.798542)
(35.599370,59.423120)
(0.706061,7.606883)
(41.368857,27.955315)
(61.797381,15.409406)
(42.946487,7.656583)
(44.052362,43.861399)
(19.849652,12.202322)
(54.732540,20.877147)
(50.223755,37.825911)
(10.303835,36.848899)
(57.806780,46.254579)
(27.733750,38.809882)
(53.810841,42.308775)
(23.741273,14.310292)
(20.655589,7.415411)
(10.270154,58.051414)
(53.920780,47.566232)
(35.809445,49.905169)
(10.728491,46.711169)
(30.098868,43.647207)
(43.924717,45.162969)
(36.606532,15.949915)
(50.587404,11.220017)
(49.465364,20.762826)
(8.224325,45.798966)
(23.881888,36.668703)
(42.838019,51.994792)
(27.198584,3.285302)
(15.172727,4.925979)
(35.604560,38.972278)
(47.266098,1.780955)
(49.766621,44.794446)
(44.274003,0.549077)
(32.187927,23.558505)
(26.137724,49.234173)
(21.141729,6.702148)
(21.513737,62.844241)
(5.544889,18.826590)
(45.805021,21.066903)
(57.291030,26.495613)
(49.787504,19.999112)
(48.369840,31.634386)
(5.067360,52.187430)
(51.910229,33.292559)
(8.584029,12.600037)
(31.964061,12.849591)
(14.976433,38.972776)
(9.339668,37.434620)
(40.454033,39.967681)
(36.775023,18.571430)
(48.943155,2.308028)
(17.889644,6.431839)
(14.180627,2.348935)
(14.819204,3.666232)
(14.570557,28.771427)
(56.940354,31.061054)
(40.909318,45.354816)
(8.800531,41.711938)
(48.786993,15.406974)
(15.679493,46.473020)
(50.885901,50.925553)
(49.089459,41.707851)
(3.920295,63.205949)
(61.271729,22.019676)
(20.898268,49.802787)
(46.429545,32.229115)
(36.932354,54.540424)
(33.605457,38.285723)
(55.105109,26.173087)
(55.265091,13.437239)
(53.035673,46.125105)
(50.863035,21.810498)
(47.971733,31.436227)
(43.088535,27.695079)
(50.280913,49.740217)
(14.151743,39.545361)
(22.993680,42.715251)
(48.740522,23.706714)
(43.027754,22.253631)
(9.555386,1.962778)
(26.973258,53.334787)
(17.920611,54.825174)
(19.356154,47.607972)
(31.962771,52.606419)
(21.368248,41.363984)
(18.626166,38.776047)
(41.465913,22.672061)
(19.738974,20.581387)
(51.923495,40.353293)
(45.861976,7.068269)
(7.089232,3.885905)
(20.136140,11.650430)
(41.716755,0.515019)
(33.122205,13.805937)
(31.693273,53.531379)
(35.330047,20.694945)
(26.204048,52.846317)
(26.373941,3.385474)
(36.870717,24.549397)
(37.692194,0.935218)
(35.882866,2.962820)
(31.032991,45.070303)
(28.894322,13.095518)
(33.119295,0.420763)
(18.782174,22.175385)
(21.727243,45.571798)
(44.054346,21.269431)
(24.520895,2.979859)
(36.763884,49.593847)
(12.080141,47.613584)
(15.058142,55.470668)
(7.373831,29.587888)
(3.619125,27.731641)
(18.511240,13.710125)
(53.299930,32.979121)
(8.819469,24.194867)
(13.679081,54.530344)
(10.811259,17.996830)
(18.162757,9.526245)
(52.278228,11.744236)
(41.718500,26.246633)
(0.954025,43.651878)
(51.001588,40.038264)
(47.214283,34.751695)
(30.377258,19.045977)
(14.604537,35.158506)
(21.754860,57.225325)
(36.836289,38.696581)
(53.640018,2.093966)
(45.956670,38.274466)
(27.532702,0.733671)
(24.034187,46.744763)
(48.725664,53.898361)
(22.377087,20.517060)
(46.029303,46.330686)
(45.888439,13.196098)
(47.204870,3.641476)
(33.726949,15.200412)
(0.049462,43.977228)
(22.136132,6.747685)
(40.540049,62.187695)
(26.250067,14.652331)
(31.095801,25.768496)
(7.972625,5.038225)
(7.506910,44.877519)
(21.725086,7.912085)
(8.321656,42.000540)
(8.041401,22.196440)
(57.935042,19.591925)
(16.764164,25.361715)
(30.032321,54.762921)
(57.135388,48.778934)
(14.039336,55.770381)
(31.607259,7.594181)
(47.783071,5.503747)
(43.503723,14.020938)
(28.059663,20.418663)
(27.470575,28.565816)
(39.370571,10.704169)
(41.898997,12.516695)
(17.064379,21.409451)
(18.208477,35.919329)
(9.026955,28.428803)
(42.563692,15.842348)
(33.114256,17.317236)
(35.655721,0.808478)
(26.071818,49.445450)
(49.858458,10.764392)
(62.731195,4.418204)
(20.453769,40.959985)
(2.182337,13.600169)
(14.982475,24.030744)
(43.567797,58.267242)
(37.174132,1.402904)
(40.894715,7.212841)
(24.321459,49.803828)
(55.464180,40.700812)
(36.430399,57.129205)
(5.724307,26.702035)
(4.860983,3.362297)
(10.144173,19.976880)
(41.602867,26.567988)
(21.564147,10.626260)
(12.272755,51.738567)
(9.858306,18.519413)
(15.190434,41.547384)
(56.831248,14.161507)
(28.849519,14.345048)
(55.882236,8.012338)
(7.483568,47.690200)
(50.369502,19.670716)
(53.388307,47.482099)
(6.280000,52.658640)
(48.546971,31.380596)
(6.506655,25.488436)
(0.689982,54.845452)
(49.880810,38.838015)
(14.395266,16.141090)
(33.458365,18.551381)
(9.433512,53.475816)
(9.041749,48.848547)
(4.712678,16.741495)
(5.709356,23.478730)
(9.077884,31.683325)
(51.863305,22.277103)
(57.519739,19.688910)
(26.115035,28.885963)
(32.957144,36.993428)
(39.830860,25.203049)
(7.294878,22.924314)
(40.826724,7.557523)
(49.600621,7.044064)
(46.293793,23.504627)
(1.386464,2.548061)
(11.971386,1.167359)
(54.199618,17.345394)
(28.993934,34.219371)
(40.941840,39.824268)
(53.351490,32.023475)
(27.066093,16.760592)
(35.900515,50.765431)
(55.320873,11.489342)
(13.297324,17.460701)
(19.606300,23.979184)
(8.460669,13.772443)
(34.719666,45.329298)
(8.608674,34.199720)
(46.558338,35.597694)
(16.982063,12.762365)
(14.036084,22.360605)
(19.864531,37.693068)
(48.982610,53.064923)
(11.664672,8.186783)
(43.935051,1.884255)
(58.083544,49.589088)
(27.227020,38.164791)
(30.057638,58.261100)
(43.136340,24.666124)
(14.797626,45.150268)
(16.928411,9.118457)
(0.538155,36.438785)
(35.590563,40.579935)
(57.084249,41.451523)
(37.007444,52.409893)
(23.922204,52.648686)
(45.980078,25.730478)
(43.915141,6.266222)
(37.239580,41.517518)
(17.235891,33.569239)
(63.197386,20.934719)
(38.743531,23.657541)
(54.699947,55.779650)
(22.482371,3.307057)
(16.440630,46.427562)
(42.279146,20.445308)
(40.063910,5.794038)
(30.740097,11.057232)
(42.005467,31.789486)
(18.325903,11.838363)
(12.027488,27.113222)
(44.250438,28.559669)
(34.949429,53.981729)
(1.326046,5.892715)
(24.098816,20.316280)
(19.854209,40.805798)
(42.719765,40.492142)
(49.290362,54.071933)
(28.271307,38.947462)
(39.203117,46.372281)
(49.216007,58.535158)
(24.490243,61.318258)
(27.241549,43.663804)
(32.833983,5.756923)
(61.161440,23.695596)
(10.633293,35.393642)
(51.335222,42.649398)
(23.048837,23.537170)
(21.952947,27.689654)
(29.274751,40.825768)
(33.648463,46.216839)
(16.484926,9.200356)
(37.488583,20.820380)
(8.921316,25.576097)
(30.509341,11.150637)
(48.992241,20.763471)
(60.905635,37.550487)
(13.778577,45.857041)
(28.485405,21.524031)
(24.489920,8.730410)
(40.791782,49.783199)
(50.875384,0.297248)
(19.162928,50.776085)
(25.387686,37.712317)
(50.272058,22.539016)
(49.210339,6.665370)
(57.782114,40.179660)
(19.913936,15.517099)
(8.077283,14.707791)
(35.070918,12.760420)
(38.236009,26.383286)
(34.083281,50.412017)
(24.002572,47.647835)
(37.603583,42.419163)
(14.577205,16.908134)
(44.307483,24.630381)
(15.192142,26.299839)
(48.645555,33.125034)
(36.955560,7.869028)
(18.146222,14.954266)
(13.117885,32.248774)
(52.175763,41.793717)
(26.308061,0.156007)
(23.782602,23.076219)
(46.869480,34.729039)
(17.786501,23.263355)
(45.927472,8.391982)
(17.421287,6.129292)
(44.349418,60.195319)
(47.968160,55.933404)
(45.334720,26.396079)
(30.580983,42.788270)
(43.107192,3.894767)
(40.303627,16.289223)
(10.662040,44.328284)
(11.770545,6.761647)
(7.288607,6.162892)
(24.429776,7.853734)
(55.397388,44.892437)
(31.902596,10.783986)
(10.733776,57.926762)
(37.254581,17.861509)
(21.373882,17.779140)
(11.833283,6.321311)
(40.178043,8.499289)
(45.147729,3.776440)
(4.675289,32.129341)
(33.980190,10.147581)
(51.098992,20.433842)
(14.519032,0.914477)
(3.217353,33.873239)
(8.545559,12.534051)
(32.636946,32.317174)
(18.335459,28.405795)
(17.076911,3.612558)
(32.805017,36.981841)
(3.391412,42.847471)
(15.994126,30.114000)
(28.615377,22.838562)
(32.603301,11.847946)
(49.716918,12.798747)
(29.897723,27.181780)
(12.747850,27.796288)
(40.850129,0.451247)
(59.678210,58.834990)
(39.275239,29.585136)
(26.437907,48.060347)
(48.624778,16.755196)
(40.397609,48.145755)
(5.092609,51.449152)
(6.487908,50.812418)
(40.175991,25.016897)
(10.453789,17.104680)
(51.208450,38.695726)
(29.436173,12.279151)
(45.863585,2.000453)
(20.093326,23.220554)
(43.993724,7.570729)
(26.947253,58.846648)
(48.796830,38.092419)
(32.990822,54.166813)
(15.856453,26.634067)
(31.919320,4.012625)
(6.857353,22.752357)
(35.858319,55.834032)
(0.327491,46.551554)
(30.363040,1.756219)
(41.228401,17.045233)
(30.365575,1.941161)
(3.654415,40.404793)
(19.112885,18.225434)
(43.995506,26.965399)
(12.920343,47.658026)
(5.870821,22.672384)
(39.303370,12.138120)
(50.150003,23.327623)
(41.865167,20.175681)
(0.800483,42.445319)
(37.094483,0.004740)
(6.173981,29.844731)
(58.144045,47.712190)
(28.579073,35.980330)
(5.814228,2.917381)
(49.830058,28.976190)
(21.587251,32.870813)
(3.098370,2.956139)
(30.611122,18.028021)
(56.948054,46.365148)
(36.891862,20.145133)
(25.927511,30.221040)
(9.503503,13.141936)
(61.623203,8.481261)
(15.578536,13.664797)
(45.302924,17.958447)
(5.357759,19.850687)
(7.487615,44.941440)
(18.292714,44.564347)
(12.002109,30.992864)
(8.187156,36.461165)
(30.741073,52.949613)
(5.207127,32.477395)
(56.767081,51.796795)
(18.639582,57.430538)
(37.647704,18.537851)
(19.910957,17.974426)
(55.730121,6.924425)
(6.405475,26.992809)
(17.808372,44.048465)
(28.310669,16.511421)
(17.654942,38.555032)
(16.561733,39.639908)
(24.466404,10.597458)
(28.836842,5.940679)
(44.739121,24.395663)
(29.889908,6.664620)
(10.746661,45.632686)
(10.453200,50.480890)
(54.402330,15.278454)
(18.009223,55.296944)
(45.569540,28.855762)
(57.626448,0.101811)
(33.282730,54.676043)
(11.359758,28.305544)
(18.586680,41.884837)
(6.690005,4.956561)
(17.620335,58.735177)
(55.795486,16.839917)
(1.819054,19.903307)
(46.224026,20.642290)
(2.883528,35.091572)
(43.477687,8.412845)
(9.864467,48.231488)
(43.489534,2.290997)
(0.351923,16.585872)
(10.578105,10.741441)
(11.122764,15.423006)
(28.802290,33.446339)
(60.872897,10.111926)
(41.421389,52.020992)
(33.356101,18.000594)
(39.908946,21.448135)
(27.098763,9.329968)
(34.161381,32.187538)
(2.029156,42.370779)
(36.541980,7.305190)
(15.844956,63.404880)
(47.567805,3.878659)
(31.563139,40.211593)
(56.116484,36.718888)
(19.591806,26.482956)
(47.614088,40.121623)
(27.359150,44.641168)
(21.731923,46.480198)
(21.275906,53.129277)
(39.424575,55.395971)
(47.308996,42.596765)
(37.246737,26.235868)
(21.878152,36.095820)
(26.426174,38.566869)
(29.500343,4.086776)
(43.694411,46.908263)
(37.089523,45.572860)
(3.345184,26.056478)
(18.787331,15.589795)
(14.421702,37.585876)
(39.801635,50.496427)
(12.887139,30.007790)
(10.193057,17.891307)
(22.679639,26.116001)
(2.038268,40.191017)
(6.171034,1.477819)
(26.948973,43.077717)
(23.907695,13.505957)
(38.766158,28.370801)
(44.564866,32.178840)
(22.981086,21.616385)
(21.514214,39.860541)
(59.183053,1.851440)
(45.598784,56.573886)
(46.953411,14.964353)
(49.928246,4.185782)
(14.614857,1.095944)
(46.643992,21.657779)
(17.971307,38.121485)
(45.719654,10.802491)
(40.068796,38.874277)
(16.110085,39.558489)
(35.138043,35.753461)
(45.279050,1.140965)
(9.004618,35.240988)
(38.155739,12.255197)
(2.511604,11.042788)
(2.171584,1.075519)
(4.476184,16.717964)
(30.132141,11.909146)
(49.185120,43.394571)
(45.885976,32.462874)
(6.411190,33.214544)
(18.022771,27.021039)
(19.114574,7.243591)
(49.448515,39.729243)
(19.631692,58.273694)
(35.363145,2.500943)
(58.530619,55.219601)
(10.831638,35.210059)
(27.419459,43.726115)
(26.164564,47.308550)
(26.737636,41.834348)
(42.048158,18.025968)
(13.711415,27.415063)
(39.237158,1.221270)
(22.654256,6.912237)
(18.885475,24.014907)
(31.791531,18.270093)
(33.403917,46.058662)
(20.200493,50.947494)
(38.774389,14.570495)
(24.151406,9.688442)
(22.279504,29.819186)
(40.841642,30.365190)
(22.976446,30.318530)
(34.327079,3.983136)
(61.658672,30.936035)
(8.970027,27.167621)
(9.896267,47.569953)
(11.539882,49.363439)
(7.825537,22.343298)
(40.361932,49.472172)
(25.013797,16.722654)
(51.171531,50.978823)
(55.541337,44.150893)
(18.499348,23.256132)
(37.548086,33.317802)
(18.495216,31.932909)
(27.758186,11.667902)
(18.121025,13.690165)
(47.839071,37.614713)
(42.854355,49.477871)
(37.270439,32.476442)
(23.263863,17.123431)
(2.482203,7.169388)
(50.158616,28.787065)
(57.628856,26.772083)
(40.135407,21.314534)
(58.537593,3.967729)
(36.296715,3.184306)
(0.890968,34.508149)
(33.039524,2.201299)
(61.750511,7.102286)
(34.626562,34.486307)
(53.385579,10.052007)
(34.834049,53.184163)
(56.279830,10.781002)
(43.773713,19.036067)
(39.856691,42.964555)
(3.743520,11.066772)
(52.079832,54.497015)
(58.452078,59.289135)
(60.543058,41.637418)
(31.500366,2.968798)
(8.453064,7.964879)
(13.856717,43.459832)
(2.251485,11.269983)
(7.911820,31.739622)
(56.336077,32.423322)
(26.405985,16.001652)
(31.074487,26.598380)
(6.312537,18.610805)
(18.578127,7.869151)
(17.923689,8.233232)
(1.566169,50.313937)
(46.354764,16.805597)
(49.948959,43.650207)
(10.879294,56.962718)
(3.559300,56.436216)
(10.862128,3.754933)
(57.271055,29.172081)
(1.011766,9.162976)
(28.798034,50.287518)
(2.114745,30.525849)
(43.829096,15.242156)
(13.892099,17.437517)
(60.331694,19.245191)
(23.826132,26.061416)
(50.386952,56.222714)
(4.281951,8.174730)
(35.246843,5.563055)
(51.914863,15.063087)
(30.178391,41.549889)
(5.058216,27.289804)
(48.944230,42.742233)
(32.783182,13.009409)
(46.161967,12.199068)
(53.447695,20.124743)
(26.188296,17.070699)
(52.939034,24.195976)
(1.560899,20.405282)
(20.757095,37.376942)
(8.902449,41.135678)
(62.938197,37.119969)
(7.220194,8.622486)
(53.780579,13.838752)
(49.388454,22.429758)
(44.109501,9.979788)
(5.660175,4.447919)
(40.043368,2.438727)
(20.508232,33.463225)
(25.786571,28.531723)
(1.093912,20.303877)
(22.499657,38.831833)
(15.567233,34.393370)
(55.351995,21.645570)
(6.208264,33.679652)
(4.001504,9.915950)
(38.505227,11.308706)
(41.774360,37.686910)
(9.775798,36.123107)
(2.638741,54.734894)
(20.308701,30.667406)
(49.975969,57.781063)
(29.263090,48.323420)
(21.682424,7.791656)
(10.567038,4.446371)
(10.610675,33.914187)
(3.285480,5.385011)
(8.581311,57.211537)
(14.140974,15.392901)
(31.249954,7.277062)
(0.339420,3.000253)
(49.816164,7.196490)
(33.505440,54.497733)
(53.776541,12.123892)
(57.659094,48.020691)
(3.959927,6.198948)
(29.557499,41.901327)
(23.459286,30.298356)
(24.653101,3.407647)
(23.114353,55.073605)
(10.791113,10.339864)
(38.501048,6.575309)
(28.640469,27.505310)
(35.022307,58.139935)
(45.641931,34.879501)
(34.276577,28.158142)
(24.198508,1.009613)
(26.577893,23.915250)
(46.710313,22.034110)
(56.677541,50.571388)
(55.587043,15.083108)
(50.437016,22.335672)
(9.585959,29.591482)
(46.624186,54.678653)
(52.010759,40.653248)
(31.187453,57.683699)
(21.486364,21.387462)
(22.483461,43.740390)
(24.908516,5.140994)
(49.886557,51.714576)
(14.313777,2.657898)
(23.310599,6.985716)
(35.165382,6.995014)
(14.624441,45.792871)
(0.286752,14.452180)
(14.110771,25.899556)
(28.018620,37.551959)
(47.185707,37.333743)
(0.478436,27.619337)
(40.148273,37.955908)
(19.754583,31.788156)
(3.788309,60.123849)
(42.453513,24.449279)
(39.640812,20.916120)
(50.895263,4.299299)
(5.282164,21.335531)
(27.468500,0.730379)
(37.177993,22.666994)
(0.837264,0.171257)
(18.140034,18.395979)
(36.016864,32.190060)
(21.952290,3.524691)
(40.689283,21.803137)
(44.220417,30.487517)
(7.834597,50.941736)
(19.427103,46.074551)
(17.501870,53.204604)
(6.341116,31.559842)
(39.428275,51.899815)
(8.549968,28.270128)
(28.336869,12.269381)
(26.743973,17.171556)
(55.109109,12.815365)
(1.086687,44.892823)
(22.387002,53.103608)
(33.775152,23.038774)
(54.332883,26.266146)
(21.818471,16.313125)
(13.429210,23.384689)
(37.380224,26.094268)
(26.073114,6.358230)
(23.439793,6.241614)
(20.972393,46.457335)
(25.812775,27.276370)
(32.328731,9.310810)
(34.206734,56.706429)
(40.045957,10.376512)
(2.560110,41.446119)
(57.518553,16.710632)
(28.427489,45.012231)
(36.739147,9.828750)
(31.375097,39.467236)
(15.633690,17.534025)
(3.765671,39.720731)
(49.549678,32.570384)
(28.629875,19.102169)
(23.550770,51.673785)
(9.243500,12.074503)
(12.991771,11.092094)
(34.161050,8.292174)
(53.277375,1.970556)
(4.837496,37.968341)
(4.350342,5.916329)
(45.276127,29.888534)
(16.941843,11.623106)
(49.483473,19.742974)
(16.980312,41.422518)
(26.934020,5.037351)
(33.797863,43.301601)
(2.131334,29.251504)
(22.962879,2.929929)
(8.571231,31.365909)
(25.244019,56.195945)
(12.094093,17.789630)
(61.125909,27.928529)
(52.136491,43.264207)
(29.216190,14.701976)
(1.286606,38.210175)
(37.870776,9.609850)
(3.040819,47.092129)
(43.284049,49.643032)
(45.438903,13.190923)
(49.368822,30.720225)
(18.885582,46.494799)
(48.886897,57.387654)
(38.742074,22.069014)
(42.912241,41.918471)
(32.678087,31.794355)
(38.633210,33.873640)
(48.445868,33.894067)
(62.786302,12.589604)
(35.104645,42.790210)
(40.324054,25.863298)
(3.376988,2.588114)
(40.027940,4.068873)
(41.259726,5.834941)
(46.911477,3.883625)
(16.756241,35.445323)
(0.955833,21.619339)
(15.828627,16.028199)
(21.740570,10.822470)
(10.299938,10.876255)
(50.930613,33.595495)
(9.069310,20.253832)
(45.918754,29.355659)
(45.037683,53.611506)
(19.944239,48.486055)
(24.114549,21.881152)
(1.028662,40.564467)
(14.696826,22.800611)
(11.107327,33.198934)
(16.708288,31.183096)
(47.876424,60.029404)
(29.353702,5.253120)
(47.527451,10.478746)
(47.120492,50.769703)
(46.088914,27.788338)
(38.324824,17.387653)
(29.927022,47.518894)
(44.567633,54.431340)
(43.488832,10.408384)
(43.387858,50.497688)
(9.019085,29.188724)
(26.376877,33.954310)
(3.372371,46.918735)
(54.553642,5.700352)
(15.268595,5.273693)
(60.835034,63.167101)
(49.400564,36.388757)
(25.099345,10.920719)
(57.222039,39.395129)
(55.069608,29.440682)
(55.679622,43.819542)
(60.724092,40.055839)
(23.178636,38.220909)
(50.895051,32.476845)
(45.699053,10.675133)
(25.895861,6.177550)
(33.206413,2.377488)
(8.737708,52.559519)
(5.168151,38.381992)
(54.939252,13.761592)
(48.771761,5.524069)
(24.818282,23.470882)
(42.727917,19.440008)
(17.722589,39.819831)
(29.071008,48.089176)
(41.185322,34.311691)
(24.507002,9.783248)
(9.971097,59.462045)
(36.052435,43.060028)
(8.591863,9.821991)
(50.332044,23.135850)
(51.287381,13.719992)
(42.552244,4.262700)
(18.024117,41.839889)
(41.005743,3.875892)
(19.811325,50.670175)
(17.059733,47.800886)
(23.725481,51.439144)
(46.981222,33.625429)
(43.000990,29.521236)
(5.392833,11.560985)
(16.418816,2.455412)
(54.496107,29.643842)
(60.170067,62.265878)
(32.193787,14.984871)
(13.379375,42.541574)
(1.127319,24.878641)
(40.768627,33.925922)
(52.855946,7.542629)
(42.720783,4.035150)
(45.024607,14.501597)
(4.167965,21.500650)
(30.209859,31.036325)
(56.011610,51.997807)
(40.579460,19.284536)
(38.899352,53.400279)
(6.136929,2.031411)
(33.345340,3.827285)
(32.414299,46.707013)
(11.835800,16.354310)
(43.314133,17.493288)
(56.790508,53.391970)
(40.180712,26.480763)
(46.866131,47.302876)
(14.586310,28.508455)
(35.602547,36.114895)
(5.261896,58.593162)
(11.608368,37.048268)
(56.678205,32.070967)
(2.592176,23.041544)
(22.861560,6.669390)
(37.382070,46.303730)
(6.082660,15.237930)
(37.189093,52.767271)
(16.263594,0.809537)
(37.398572,11.169934)
(46.491351,44.704718)
(41.306830,29.486030)
(21.131506,40.873405)
(18.056445,46.401813)
(16.305015,19.865125)
(6.453950,21.518890)
(24.115096,49.298648)
(26.690594,8.920466)
(40.932905,57.514285)
(22.360753,25.672307)
(31.981746,29.720651)
(14.635142,15.976635)
(53.553342,8.940045)
(23.540923,46.997356)
(13.479705,13.054748)
(27.889050,22.832707)
(9.446736,3.348904)
(46.357109,52.439753)
(12.376672,20.459613)
(3.050584,40.434482)
(25.002348,40.478781)
(40.647193,27.302789)
(12.458300,23.658257)
(14.724517,10.867497)
(26.400449,10.881135)
(43.232794,28.682291)
(15.274990,11.684064)
(60.784518,48.017749)
(15.375131,61.129383)
(8.498230,2.989325)
(8.839358,44.579652)
(14.282568,39.856837)
(51.010225,48.184495)
(33.449766,11.230397)
(51.858238,5.201645)
(44.336322,27.271216)
(28.571627,46.282771)
(2.467116,34.936131)
(45.512577,60.923644)
(21.262569,4.041606)
(0.141264,33.405306)
(23.955832,53.354389)
(22.958317,46.256273)
(48.781054,13.424942)
(26.797344,24.284634)
(6.768843,16.891883)
(30.557311,54.698798)
(16.204804,10.335194)
(5.857278,56.379026)
(43.064586,28.549965)
(32.731192,58.468824)
(37.146575,50.479267)
(20.676470,32.146308)
(16.062315,52.238522)
(29.245586,46.453941)
(19.284388,8.368249)
(11.222395,29.714905)
(43.230417,2.587957)
(0.951732,41.988287)
(56.801076,32.730762)
(32.063719,19.095834)
(23.715598,10.652974)
(13.109878,12.150506)
(38.140225,53.073879)
(57.250808,47.580855)
(17.072399,8.722762)
(14.910908,7.345866)
(25.486007,45.674779)
(15.106336,5.139165)
(21.289051,42.436599)
(50.827845,52.960875)
(14.809481,38.909518)
(13.282450,33.129817)
(49.652658,37.987466)
(19.382299,46.920132)
(16.601467,11.580863)
(19.619457,38.947742)
(60.108536,40.339639)
(43.186169,24.669425)
(57.086174,28.520395)
(12.276866,10.663192)
(0.133382,31.435346)
(28.910537,14.012865)
(21.664492,2.889511)
(44.888498,12.255333)
(37.462004,15.080475)
(42.672130,56.280813)
(5.535292,3.192553)
(32.905384,37.676013)
(6.017199,30.115123)
(40.579856,58.921166)
(61.744416,12.601933)
(37.186641,49.375056)
(13.059905,54.127937)
(46.389397,33.938914)
(33.663503,40.512337)
(35.487781,9.610105)
(42.942963,46.802391)
(19.252518,5.987193)
(45.236735,35.668317)
(23.843280,11.822874)
(35.372219,40.281553)
(40.362925,36.624715)
(17.524250,41.648509)
(4.408340,41.176584)
(17.880491,32.117776)
(49.359301,4.098092)
(31.234825,48.201112)
(32.362309,46.169572)
(17.866674,13.052245)
(45.724893,60.614663)
(19.558215,47.019560)
(20.621160,30.404645)
(1.495939,56.797661)
(53.655086,12.860514)
(47.300041,49.820913)
(29.755490,9.166403)
(51.593358,12.922870)
(5.290242,22.617109)
(21.398093,7.068557)
(48.980591,46.747886)
(48.521858,11.581434)
(10.259159,13.005329)
(22.621228,1.190617)
(33.023001,15.584917)
(15.008902,27.217385)
(45.990831,9.111211)
(23.920560,7.678823)
(4.336443,9.204106)
(46.136443,33.211999)
(30.370489,14.566970)
(45.237038,9.693403)
(24.145147,34.562356)
(20.511779,17.166822)
(6.099538,28.090699)
(10.874196,59.105109)
(18.689903,23.345547)
(40.733560,8.822495)
(0.528714,46.409226)
(5.626083,61.542129)
(54.952663,0.267849)
(48.304214,36.939352)
(15.273023,48.561481)
(5.488668,48.608768)
(36.565073,0.780554)
(45.746965,42.589300)
(49.412225,36.496191)
(8.148259,38.114193)
(6.725639,49.274388)
(32.630795,12.288864)
(32.888434,28.225782)
(47.929848,10.350471)
(30.752821,16.878574)
(24.604211,61.099265)
(34.914004,26.990928)
(56.613227,58.373809)
(30.857468,46.515687)
(36.568814,12.362260)
(20.065335,39.000406)
(7.194950,8.341719)
(42.229712,3.587126)
(6.714226,28.715926)
(8.750525,56.496069)
(22.322759,10.597086)
(44.575225,34.834760)
(4.223807,41.198946)
(5.248591,39.400710)
(0.024275,31.063717)
(42.388026,41.523932)
(45.414295,11.252067)
(27.362495,50.566476)
(49.690929,59.783470)
(27.508896,51.316314)
(8.940155,52.028928)
(10.979288,49.189030)
(31.466935,57.489079)
(43.937396,14.619062)
(29.609239,39.346611)
(24.314279,28.882933)
(57.899522,28.196978)
(19.199395,50.538081)
(51.386435,15.225773)
(14.552025,49.852326)
(16.128191,34.003137)
(40.585395,34.856005)
(53.658814,29.619844)
(40.718610,15.396869)
(8.488215,36.687479)
(46.670713,16.106853)
(32.589027,5.028647)
(39.076512,2.413608)
(56.919456,24.421317)
(21.429585,51.068227)
(16.133313,44.213808)
(21.467403,15.841304)
(37.437228,13.054649)
(54.663626,44.545960)
(21.627012,58.501495)
(21.448792,48.355465)
(16.892746,31.473737)
(4.221784,21.792392)
(41.303187,24.255952)
(35.293841,4.751393)
(16.179188,17.103390)
(36.606831,24.412758)
(21.689762,19.723985)
(44.029205,18.421455)
(2.360934,30.521205)
(11.586233,13.985186)
(40.979491,19.566548)
(7.557817,31.220660)
(21.169574,52.109154)
(21.011439,30.103253)
(22.258885,47.898843)
(46.138000,44.260319)
(26.890543,30.932575)
(23.343930,53.876801)
(42.925774,58.307167)
(5.812923,3.642674)
(47.133673,38.845055)
(52.659809,46.904261)
(39.605516,49.372761)
(7.815335,49.992833)
(11.216888,43.519297)
(47.645411,50.943316)
(11.309651,41.952207)
(8.894757,27.133399)
(7.411257,44.636231)
(4.627163,19.671252)
(15.729467,22.979635)
(47.091400,4.458409)
(15.477824,20.081955)
(14.267875,51.073815)
(14.646262,51.884740)
(13.522925,30.793245)
(48.484849,37.905480)
(32.119921,26.595230)
(28.901264,29.293566)
(27.045436,18.443075)
(16.749906,43.460708)
(0.377623,15.467809)
(40.884447,51.174201)
(28.977828,49.839224)
(21.708164,35.243733)
(48.659650,0.793711)
(42.025692,8.741968)
(37.178019,20.998260)
(8.978407,34.641953)
(29.378711,21.652456)
(8.663221,22.994222)
(46.735059,48.684195)
(7.591657,17.299510)
(16.940049,11.638715)
(8.130719,20.726040)
(29.211889,48.388166)
(30.595696,22.455820)
(27.352841,35.118705)
(21.538155,12.890620)
(19.809537,54.981286)
(36.228719,31.452505)
(19.062510,6.062854)
(25.728009,11.529763)
(13.056266,38.859302)
(28.565238,7.498452)
(1.132506,17.119383)
(33.580923,47.446334)
(46.566101,26.929134)
(9.689978,60.826718)
(4.596594,49.000583)
(58.900243,19.372685)
(0.770548,52.259228)
(48.658883,42.242456)
(28.274602,6.627183)
(15.659980,32.879688)
(56.213707,52.022693)
(46.613588,11.648287)
(46.283011,27.075485)
(57.593809,39.343920)
(0.915788,11.356351)
(58.448701,15.875140)
(52.606383,39.898789)
(47.943540,30.918997)
(14.648701,39.280856)
(51.911001,24.042866)
(38.383002,29.924169)
(3.650099,51.569035)
(38.749954,9.581278)
(55.392460,46.086318)
(42.544201,16.627420)
(10.911593,25.449143)
(40.266999,36.994794)
(23.155585,3.895240)
(54.225783,26.022988)
(43.004727,40.528521)
(13.779102,35.319251)
(5.074813,32.573761)
(18.350003,16.072989)
(41.749732,35.041652)
(19.330772,35.785809)
(49.797966,35.903311)
(40.017607,45.383034)
(58.382377,8.334295)
(11.250835,16.177792)
(29.484670,22.536565)
(2.718729,0.087525)
(11.702204,27.669168)
(42.801301,42.709326)
(45.009761,41.231738)
(20.895318,45.908715)
(5.427783,0.405048)
(11.127068,15.275097)
(38.533952,20.253699)
(55.173961,32.246737)
(6.186669,48.169885)
(50.146947,59.181972)
(12.239238,55.166938)
(18.784883,17.134818)
(16.055706,45.093203)
(39.590203,5.998013)
(18.275802,39.923623)
(32.887442,34.777699)
(46.571843,12.053720)
(37.505981,42.439744)
(3.232330,52.119693)
(37.633292,3.168554)
(42.029902,18.531246)
(27.080752,28.334181)
(33.708429,19.505995)
(4.337046,26.986445)
(44.115110,45.146090)
(29.690310,50.160217)
(11.639012,49.734270)
(23.021770,44.541906)
(35.476971,25.483487)
(6.209025,48.109238)
(47.613042,44.993638)
(39.121277,34.270868)
(36.623649,46.457878)
(50.135387,57.722046)
(33.922382,27.054261)
(35.252613,40.333717)
(52.470582,37.113642)
(40.657565,31.663892)
(59.367560,41.023215)
(8.800395,40.598052)
(32.579253,14.877910)
(27.024146,1.149313)
(27.589299,3.296968)
(40.812346,23.543726)
(56.625572,23.302161)
(44.272686,45.269822)
(9.683557,39.792388)
(55.199098,8.276713)
(11.071218,32.751835)
(25.053521,24.559322)
(27.508227,38.510882)
(21.905738,28.335508)
(1.035481,37.757306)
(46.909221,45.473805)
(4.844824,8.538196)
(9.993904,42.550182)
(3.451285,20.401132)
(27.726225,1.273612)
(37.737598,41.221897)
(5.190991,35.118151)
(16.336537,17.371229)
(4.455574,33.412979)
(4.202959,14.941284)
(15.308607,46.328320)
(13.554958,11.520953)
(9.909782,21.600400)
(3.795128,37.881671)
(34.207565,5.128910)
(49.822173,7.779553)
(36.317164,13.644255)
(29.561356,17.268918)
(2.266696,22.664469)
(52.497314,40.380447)
(10.911534,44.489313)
(9.992015,17.976567)
(39.000099,38.985630)
(14.397641,20.113828)
(43.285269,1.703509)
(6.353447,4.585053)
(16.750460,33.175438)
(5.201965,23.870651)
(26.012578,41.992805)
(10.831650,54.716992)
(0.586303,23.059486)
(3.464608,1.647362)
(28.643650,40.269966)
(9.737387,54.667371)
(31.743560,50.484818)
(50.003880,13.035126)
(3.190919,22.923585)
(31.878916,10.402669)
(56.520683,25.547236)
(27.763606,48.584907)
(34.817545,35.036717)
(42.245893,42.001761)
(20.777911,6.039164)
(36.399140,2.310612)
(27.963202,37.203163)
(20.033383,32.588265)
(1.556187,28.853254)
(8.083986,24.487970)
(8.649764,25.627534)
(8.691714,6.562789)
(22.981789,38.901548)
(36.728332,27.988722)
(11.733936,12.222223)
(37.437912,35.498152)
(2.834018,40.239337)
(45.599751,29.289797)
(48.237102,40.041744)
(60.254393,45.825414)
(2.466936,26.729083)
(14.049080,26.690776)
(31.905962,48.995089)
(43.826685,23.726794)
(9.008855,28.943225)
(25.946169,12.067493)
(21.232281,12.819226)
(46.506272,48.209484)
(11.066815,11.785493)
(16.334206,32.824973)
(27.710198,31.620205)
(3.160002,26.142981)
(12.580945,41.427871)
(56.905570,32.375344)
(18.835879,31.246203)
(0.508602,34.778557)
(36.382972,27.167768)
(5.083777,60.244626)
(17.632323,44.038571)
(42.919225,12.770373)
(47.423373,1.399162)
(12.084756,62.468938)
(24.914470,36.717869)
(21.454806,44.696247)
(33.146138,58.243905)
(33.967691,2.217068)
(57.865911,35.475111)
(37.944084,58.635046)
(40.143423,58.021642)
(27.117418,24.523550)
(35.559818,26.878177)
(44.245068,41.669760)
(18.556405,18.530897)
(43.532799,28.688229)
(41.258373,45.736979)
(6.511285,42.434565)
(20.576854,38.631994)
(21.613270,52.217141)
(55.176776,52.067054)
(44.161571,11.991986)
(7.788118,4.896847)
(0.127112,52.351874)
(6.006586,12.484697)
(30.534308,1.707477)
(28.109172,37.898753)
(29.852072,22.608060)
(11.259298,24.008776)
(9.104056,30.492220)
(41.923266,0.657812)
(50.711643,61.443793)
(11.953190,43.148675)
(32.786170,12.646795)
(16.308340,19.130687)
(7.937210,51.361368)
(48.838044,5.382050)
(2.553372,11.754103)
(24.314697,37.956804)
(35.043729,0.939242)
(38.908555,9.097764)
(48.585840,28.798961)
(43.096119,33.167896)
(39.100333,42.503506)
(44.337543,39.978082)
(56.136529,31.267608)
(6.679980,20.088200)
(15.259328,8.838027)
(27.039988,47.766984)
(58.272238,25.261474)
(4.101761,24.150434)
(21.471114,46.925725)
(34.372221,38.129207)
(5.829382,6.755630)
(20.659738,48.848181)
(9.859945,37.664043)
(3.922152,12.014544)
(10.429206,41.901705)
(8.963065,49.082160)
(18.008748,33.023708)
(22.744290,26.684592)
(0.034616,18.955262)
(2.779079,33.423195)
(47.558466,46.992657)
(4.927918,5.901658)
(32.204188,33.225396)
(18.443104,38.329991)
(9.226311,4.554506)
(12.608779,28.783973)
(40.342948,20.038227)
(25.090274,44.679478)
(21.520854,3.751065)
(50.475291,51.127805)
(10.870770,59.307649)
(44.242504,34.564236)
(46.928312,22.684353)
(59.457844,54.963462)
(4.737706,41.759906)
(4.908004,47.448274)
(17.830956,11.844371)
(29.887070,27.868281)
(46.917675,19.533203)
(43.980248,49.967389)
(24.718731,61.287504)
(55.207601,38.743636)
(8.084539,7.087025)
(53.554647,26.482178)
(28.549163,46.569762)
(51.682114,45.539809)
(45.357949,47.023423)
(5.101070,4.806982)
(29.192533,24.521149)
(21.020903,19.359073)
(3.714361,31.157094)
(60.952611,3.824663)
(55.225888,13.148119)
(18.704540,39.211816)
(47.079376,44.389482)
(4.818249,40.021117)
(16.546692,34.436553)
(45.581665,22.117872)
(5.805663,34.887573)
(29.128831,46.683576)
(48.710725,24.029942)
(13.394185,22.025519)
(37.373403,6.261842)
(56.397097,44.192104)
(50.796038,33.310921)
(23.648200,10.311368)
(48.166496,50.421533)
(37.453147,2.819569)
(54.987201,10.438700)
(6.850140,3.009612)
(14.569749,48.124048)
(28.401030,47.727335)
(60.819926,0.457139)
(13.988463,39.353184)
(1.708612,47.293337)
(53.129021,19.328827)
(16.284436,10.592110)
(44.881689,20.349755)
(0.825002,18.197180)
(11.592359,12.628553)
(39.937749,4.510954)
(24.342356,55.648817)
(42.896870,0.189302)
(18.024458,11.830389)
(34.237511,47.638988)
(29.242667,43.684010)
(48.542752,51.260293)
(10.264614,36.580662)
(37.414718,11.141559)
(21.019208,32.071641)
(52.828573,0.471351)
(9.669049,9.033579)
(52.352204,7.756281)
(22.655410,4.498962)
(10.216200,51.719800)
(45.790372,25.183595)
(31.596029,3.538380)
(19.551649,31.040236)
(36.386033,20.279490)
(12.073179,1.623983)
(43.067252,38.634296)
(31.841475,31.356657)
(25.924211,49.020646)
(37.725551,2.233408)
(43.260420,3.054300)
(58.607946,60.150491)
(19.101126,2.410196)
(15.030560,44.701070)
(27.621432,2.116065)
(41.947328,24.253557)
(35.084485,54.794593)
(27.074318,39.332161)
(10.851277,27.087051)
(36.906031,41.964688)
(57.431875,42.501645)
(61.180300,46.733688)
(17.117655,26.605509)
(52.952421,22.000927)
(27.731328,26.674243)
(28.392906,22.018612)
(1.151113,24.096820)
(15.316912,38.509429)
(39.717362,9.985680)
(14.962305,36.529804)
(44.828635,40.967821)
(48.326108,2.998932)
(11.947820,51.430911)
(31.095969,16.121345)
(1.164289,34.951668)
(24.444202,57.720887)
(20.840689,16.883727)
(37.730003,46.665622)
(9.881589,5.558186)
(45.782082,47.242501)
(32.932011,3.773998)
(5.227149,37.941181)
(11.618542,8.381706)
(22.883284,47.076238)
(59.839147,35.100386)
(21.623374,43.251880)
(16.841882,41.549623)
(0.546635,55.929665)
(23.269254,25.999461)
(8.140502,6.434525)
(6.273997,7.939404)
(38.036677,19.391943)
(34.836481,31.920495)
(17.580910,13.692313)
(12.052091,31.931621)
(24.562906,26.712428)
(2.483546,28.654112)
(40.430333,14.683296)
(22.204638,5.968510)
(3.535561,4.523883)
(7.060787,28.228879)
(19.189900,50.550216)
(10.221676,40.165534)
(38.209179,8.314462)
(1.348647,15.489885)
(34.259449,12.873634)
(16.560235,46.461604)
(4.226928,1.777630)
(42.031223,57.641749)
(41.151561,16.448994)
(15.665280,49.099267)
(35.987024,36.276458)
(37.400961,51.571816)
(51.669171,26.110608)
(57.797653,25.308149)
(49.806702,33.404283)
(33.300075,20.875476)
(13.797314,35.764629)
(43.981463,60.384718)
(37.063249,1.100767)
(29.083386,7.693275)
(29.624281,17.790840)
(10.491128,50.968676)
(59.331184,56.135020)
(15.027519,5.174232)
(42.023152,13.011393)
(21.463009,47.170778)
(6.842781,15.392452)
(52.621622,37.282071)
(9.754245,9.114723)
(25.313751,52.217671)
(52.117858,20.078551)
(53.519603,51.460776)
(26.161277,15.076436)
(25.374908,1.514731)
(34.838169,59.272179)
(2.448187,23.454564)
(9.313469,15.443037)
(15.066991,51.539448)
(29.247050,32.214261)
(44.142851,21.518868)
(6.733929,26.039115)
(21.420117,38.117644)
(51.923420,15.659387)
(26.505175,16.372704)
(55.963433,36.847858)
(5.044853,0.508096)
(30.509223,40.924562)
(9.849398,38.338990)
(0.994997,52.833645)
(32.173877,16.260543)
(12.048853,54.246936)
(3.172999,7.573561)
(5.784341,31.311003)
(42.883137,40.828723)
(54.772489,43.319005)
(9.321598,48.533116)
(25.659890,3.876263)
(33.540557,21.217192)
(45.940082,38.031204)
(12.562449,56.528602)
(21.446429,27.812827)
(5.445610,54.574727)
(33.380839,0.178285)
(37.106401,52.349167)
(13.284056,36.231058)
(37.468028,24.633735)
(58.761690,39.594165)
(53.491392,52.990187)
(22.597062,4.136463)
(2.282303,2.306808)
(46.676968,48.746167)
(5.229569,13.221314)
(7.317905,42.860476)
(1.679075,18.561913)
(15.711850,19.407698)
(2.258393,48.380655)
(1.687535,15.824664)
(14.772788,13.539437)
(53.897853,39.943592)
(10.195373,40.618542)
(52.981070,12.237967)
(34.677933,52.825348)
(45.736675,4.505994)
(22.288337,9.077985)
(35.785080,17.307068)
(3.370207,18.671333)
(57.581043,32.277950)
(23.731699,35.356911)
(7.790433,15.575972)
(19.728340,7.605753)
(46.215070,43.564196)
(6.808005,50.076513)
(55.803742,7.470872)
(53.194550,40.935205)
(0.932086,49.796725)
(48.216090,44.917021)
(35.634444,39.201391)
(3.661769,27.078414)
(18.467150,29.250481)
(9.917199,30.355343)
(42.795841,12.597288)
(59.380614,13.322984)
(13.171324,15.578474)
(15.109999,33.365427)
(50.971460,17.722648)
(7.373754,28.806473)
(58.503603,47.266848)
(46.951079,18.379566)
(44.398003,25.601535)
(25.847683,23.322301)
(46.682677,29.263268)
(41.285224,47.653222)
(11.849851,21.796389)
(28.578494,50.594418)
(21.129232,20.860771)
(34.718392,2.336824)
(39.822804,19.164798)
(42.680841,18.184603)
(6.400465,35.925694)
(40.020877,18.177078)
(22.239741,47.604978)
(13.927683,1.156700)
(48.478127,13.823432)
(26.224267,42.807981)
(31.409560,39.757491)
(21.421723,41.237019)
(47.468529,50.698076)
(24.530115,25.338004)
(17.554814,29.563891)
(57.304338,6.815308)
(20.128897,4.939507)
(50.606456,45.643240)
(27.871167,57.575590)
(20.239753,12.202733)
(17.148167,0.527218)
(47.711898,52.760425)
(14.648777,15.811511)
(52.283402,18.485345)
(11.508089,27.226641)
(19.694196,18.816157)
(34.009698,11.791204)
(7.432019,2.524109)
(36.599696,37.195513)
(3.943955,43.433964)
(4.137288,20.884813)
(24.131778,22.396542)
(2.762942,39.961429)
(32.543647,59.255832)
(20.490754,49.979850)
(8.617086,46.047172)
(20.624125,14.951966)
(32.142726,37.544838)
(48.591868,9.214124)
(25.951683,41.660815)
(0.575793,24.397925)
(13.850878,52.288874)
(58.755961,14.879944)
(4.305200,26.191876)
(55.906166,3.387907)
(37.099814,15.404140)
(21.314120,6.043713)
(37.778804,16.483991)
(54.905329,45.596287)
(38.708667,23.152221)
(40.178284,17.777392)
(7.360821,44.110975)
(0.501085,2.032003)
(21.641266,35.178747)
(53.032336,22.651549)
(36.121043,45.783646)
(2.627926,13.530429)
(53.455171,39.591083)
(2.146073,54.363140)
(4.457489,31.374015)
(24.951150,13.434330)
(20.842305,6.591846)
(48.722829,22.234269)
(13.801451,21.515011)
(49.721619,28.368067)
(34.735675,9.760717)
(38.037381,52.997622)
(29.394390,6.242528)
(58.898726,18.520100)
(18.528802,10.303447)
(17.914511,9.516920)
(49.520938,8.456228)
(31.538112,3.644412)
(0.455495,41.462453)
(44.086789,18.088113)
(29.588590,34.428553)
(47.060996,7.015371)
(24.834665,21.279118)
(34.913384,10.782499)
(39.077145,34.679334)
(38.543015,5.291169)
(50.895049,34.464469)
(28.033538,17.203248)
(58.131355,2.915491)
(5.828139,13.016778)
(3.877379,36.127400)
(22.758617,6.873300)
(30.079390,16.482688)
(29.647863,46.478165)
(56.871281,9.210705)
(30.022271,29.409477)
(38.393785,19.739518)
(13.998222,57.899286)
(8.541024,30.189677)
(37.095914,32.849520)
(7.823341,17.429713)
(18.734631,58.245551)
(45.185313,28.054062)
(49.327136,22.472726)
(41.158423,2.640619)
(20.011005,3.722909)
(52.340042,20.877747)
(11.040068,4.491503)
(35.809183,51.027930)
(13.206296,8.218327)
(15.932469,29.178399)
(0.720639,55.050395)
(5.956123,4.742718)
(33.778574,30.293296)
(8.600640,35.550107)
(55.695183,52.251640)
(10.673575,10.244900)
(45.961562,37.401893)
(28.286809,56.106506)
(28.189847,25.947866)
(48.502477,36.148950)
(1.321645,17.243530)
(5.008495,40.215167)
(39.513783,32.655384)
(22.095335,42.584521)
(6.884295,48.330166)
(15.964752,21.256541)
(19.432863,38.829709)
(26.425110,11.160156)
(6.679868,7.007030)
(15.846173,5.394708)
(1.225172,32.785898)
(60.605916,12.584344)
(31.904420,42.260004)
(30.680796,42.604344)
(36.010371,8.420844)
(12.760295,33.437755)
(20.973614,50.171462)
(14.502242,52.028159)
(44.922036,33.053427)
(1.471421,40.487634)
(3.376913,23.025875)
(29.801958,32.060929)
(31.955449,0.876916)
(6.420381,19.094857)
(23.890161,24.994861)
(30.630643,17.312610)
(17.661693,11.560517)
(49.306137,61.386719)
(3.467929,17.335883)
(63.515561,48.910078)
(20.205819,20.138458)
(5.806748,19.841817)
(55.714841,43.438941)
(47.741412,26.612410)
(2.779140,15.796113)
(49.944317,2.895737)
(34.771463,16.163171)
(12.240221,13.102492)
(32.193531,22.537451)
(48.477560,47.682493)
(5.850506,44.368223)
(12.047030,46.237456)
(9.204831,53.361782)
(11.125801,15.349083)
(8.905680,55.072415)
(10.622467,2.831086)
(0.102278,24.833082)
(5.514129,15.288433)
(39.056608,46.239548)
(39.808046,33.636668)
(57.342851,37.937005)
(46.655788,2.339144)
(23.872417,53.785734)
(3.271407,29.975316)
(10.004034,32.793771)
(40.867448,28.773773)
(13.311964,19.147575)
(3.126088,23.656338)
(50.661933,40.329184)
(14.470421,35.383151)
(42.138584,20.317320)
(31.120118,28.936786)
(28.752463,12.336203)
(2.517281,13.382056)
(40.127791,13.945148)
(22.588465,45.112583)
(4.007954,10.333290)
(22.707564,18.549507)
(23.771192,44.804149)
(18.088311,23.912089)
(12.249151,8.813530)
(17.792803,59.563033)
(4.848227,21.699484)
(61.790393,55.959246)
(29.390266,18.203005)
(40.833575,43.725365)
(28.357856,36.467092)
(33.849333,49.592140)
(56.647547,43.530736)
(14.513366,36.114529)
(26.607877,38.503509)
(20.589018,52.022679)
(43.476746,50.044711)
(62.854291,36.000722)
(49.117440,15.433752)
(53.094910,35.716287)
(18.036063,22.762242)
(11.725339,13.220828)
(19.829724,24.622480)
(20.363670,36.365235)
(15.405684,43.117682)
(0.175868,25.132469)
(59.538657,44.490712)
(45.778334,45.413175)
(14.472832,60.058672)
(14.421135,1.977101)
(52.626684,50.088797)
(22.875173,30.439465)
(20.685255,29.464819)
(14.400332,23.803857)
(41.667412,57.673784)
(32.371114,37.627753)
(15.694422,18.970271)
(43.801544,22.667570)
(2.014542,12.366381)
(59.741222,52.370974)
(18.212484,61.299518)
(1.343269,21.503255)
(19.359197,3.125950)
(5.647394,48.999795)
(19.587440,52.272435)
(9.567899,43.521023)
(9.412312,31.955329)
(28.619278,40.608033)
(22.768853,10.301869)
(49.455371,54.299720)
(35.444552,33.499931)
(16.230171,18.899102)
(42.118345,46.100710)
(38.530674,46.536460)
(31.083675,36.203030)
(2.343663,16.135774)
(51.738036,0.716488)
(41.413275,21.638225)
(4.529192,50.472888)
(21.845928,19.469762)
(11.944096,33.751553)
(29.003157,12.059839)
(57.138396,37.819406)
(11.776823,46.121434)
(12.746609,5.645108)
(42.170535,8.927278)
(29.620320,38.423730)
(7.552303,52.272939)
(44.058252,16.145498)
(47.791753,0.971592)
(47.958076,39.936485)
(11.678974,1.255385)
(13.327693,47.377744)
(14.803244,39.704639)
(16.477821,45.545162)
(47.119623,9.108777)
(0.010138,3.061607)
(8.893704,55.192604)
(9.118447,8.982936)
(33.458302,4.948445)
(21.464318,55.110627)
(57.677647,23.180054)
(3.302269,16.359105)
(50.679380,47.961355)
(50.779188,25.821929)
(1.106222,1.771034)
(5.596562,10.495403)
(35.419825,14.547496)
(34.960186,18.257246)
(6.537271,18.112387)
(16.512285,33.754009)
(4.828498,36.214458)
(53.145226,26.963124)
(32.138654,14.330263)
(35.389311,45.690580)
(15.655594,16.519349)
(35.444781,56.206526)
(21.542027,23.524600)
(53.185816,23.707865)
(52.379156,43.729309)
(8.219823,39.226118)
(19.532679,46.779571)
(13.691753,44.403647)
(1.596386,52.903015)
(26.026136,17.653563)
(1.726125,44.431737)
(10.709818,52.699310)
(40.706625,35.879016)
(9.644564,27.799752)
(0.471689,37.370641)
(15.918503,38.940493)
(14.722801,40.374496)
(48.019581,36.203171)
(17.862908,13.833578)
(50.282412,27.695855)
(32.667784,52.014644)
(44.779992,57.187252)
(20.839364,17.269932)
(39.339913,18.055096)
(35.628513,8.093011)
(29.930637,40.367442)
(1.401867,29.499840)
(13.048988,40.042992)
(47.657533,56.866257)
(23.584992,17.105124)
(53.378186,9.563426)
(41.550762,49.123249)
(21.685230,28.988814)
(39.327093,56.284660)
(13.466709,44.506392)
(26.473948,56.409591)
(51.013330,1.567956)
(19.411810,39.521027)
(29.527182,3.551934)
(11.408878,36.236164)
(21.382238,27.864978)
(38.467538,54.009578)
(28.256986,30.008459)
(52.082392,3.366205)
(40.623092,0.187191)
(8.611778,51.778428)
(20.358944,15.108551)
(25.320741,52.090855)
(42.087311,18.499232)
(36.817068,37.946909)
(15.292515,2.515656)
(52.072983,38.024910)
(52.492222,40.858025)
(55.809361,2.907020)
(32.459761,37.141199)
(21.989523,29.781296)
(47.143034,4.318524)
(34.776657,25.728196)
(14.389185,1.394073)
(15.406613,7.742301)
(22.488653,13.446225)
(25.373293,8.818793)
(20.935860,7.153984)
(55.934562,49.261920)
(18.543889,50.335492)
(44.861500,49.251695)
(27.859179,56.126783)
(57.142940,40.294896)
(26.544063,32.762416)
(37.699880,11.393648)
(9.828510,35.361389)
(22.100006,24.812193)
(51.452618,26.571007)
(5.301472,53.619012)
(25.864041,33.275066)
(12.420396,44.960602)
(58.722267,51.494223)
(20.636184,20.870935)
(24.064108,45.440223)
(44.714219,41.651365)
(40.569855,20.067023)
(11.257618,36.447733)
(1.950039,55.525015)
(41.447503,40.501180)
(21.205356,43.438921)
(31.219506,15.200324)
(24.288179,27.155859)
(58.583885,8.306826)
(23.816996,50.761015)
(22.679643,46.534505)
(36.852508,50.419899)
(15.296885,30.672551)
(2.589555,7.601140)
(19.041939,50.225438)
(36.615005,48.540946)
(5.990222,9.831218)
(30.638812,57.356745)
(29.885524,6.018857)
(50.131220,47.442892)
(42.312835,29.476601)
(25.972733,19.986823)
(53.278064,37.640972)
(26.666471,45.236018)
(27.380618,3.938035)
(5.135120,53.535934)
(27.055447,32.864165)
(5.014207,10.508128)
(18.922280,22.296610)
(53.594856,8.409585)
(19.297154,55.179684)
(8.987358,56.328737)
(42.894438,34.661445)
(15.156104,32.565434)
(17.302681,27.154944)
(47.490765,10.917272)
(8.869974,17.470128)
(24.867036,33.479186)
(15.444461,30.043597)
(42.006571,47.149833)
(24.500758,58.923920)
(10.411823,2.164936)
(32.939385,4.364658)
(14.626080,14.837411)
(41.392346,22.208248)
(2.561439,9.306172)
(14.977496,33.078040)
(26.095960,7.971889)
(12.184604,9.574349)
(10.406678,0.928431)
(0.665432,25.503333)
(52.566585,29.478890)
(55.817402,40.568220)
(7.490948,49.267062)
(0.039588,34.947797)
(44.627475,40.546956)
(23.587682,24.478772)
(42.279025,4.515507)
(11.077702,27.823749)
(20.846997,12.857110)
(29.414920,41.357438)
(42.181905,13.747952)
(46.125787,20.720489)
(9.925692,42.033857)
(48.406662,3.092078)
(36.525734,49.155441)
(45.835236,28.514126)
(23.451458,55.126027)
(5.000928,7.370463)
(16.275683,36.632537)
(23.140579,25.959548)
(4.369151,37.432603)
(13.904181,25.057612)
(30.296991,37.623310)
(30.441993,14.116128)
(0.692663,33.902010)
(30.828733,54.662385)
(45.546990,33.231031)
(44.853437,25.089230)
(31.060999,17.698754)
(40.936583,5.686596)
(9.414827,5.633148)
(9.432196,19.569396)
(7.298577,56.276970)
(56.955992,1.516589)
(54.549325,23.142524)
(25.411180,55.918264)
(31.177498,44.676702)
(32.484393,36.256884)
(30.773732,4.416982)
(49.774756,2.341734)
(33.951235,37.394313)
(39.503139,45.381442)
(15.840118,24.605647)
(45.817611,24.057520)
(47.913798,9.431845)
(50.936206,11.780906)
(51.091584,64.136223)
(1.143963,31.041134)
(27.466309,19.889267)
(59.439807,42.944679)
(57.653226,3.123941)
(31.237046,1.464062)
(14.453645,5.042418)
(34.441264,27.100554)
(8.027027,20.991404)
(18.640914,50.085981)
(61.615972,46.797958)
(28.519635,6.416632)
(25.349017,21.792728)
(19.685987,6.259962)
(45.886257,48.917600)
(6.720732,3.830203)
(19.842732,16.998751)
(44.869974,12.087189)
(44.829208,29.875087)
(21.482610,57.327428)
(35.436200,23.476698)
(22.702093,10.166693)
(3.297210,35.594257)
(36.877411,0.429539)
(50.251235,23.869226)
(13.311932,17.485131)
(40.373773,21.489068)
(25.102929,27.788726)
(55.509637,41.352763)
(6.046843,10.991082)
(52.786418,2.829665)
(0.443262,26.742448)
(12.362710,32.070275)
(23.343478,54.474898)
(44.768554,28.693531)
(35.306540,51.409247)
(22.948863,46.706776)
(30.155563,56.552462)
(40.550031,43.612051)
(47.902819,54.377793)
(20.288508,33.480666)
(26.546115,12.136136)
(15.966495,11.776562)
(40.945128,36.360007)
(1.494538,14.304487)
(43.407957,32.746046)
(44.601482,34.825078)
(13.681682,2.397665)
(46.324680,30.924152)
(19.467810,14.852739)
(50.094871,24.844120)
(17.468979,48.352507)
(41.965726,43.400601)
(54.851899,7.273416)
(5.772704,26.632920)
(13.953990,38.999900)
(46.712992,34.212053)
(40.495227,56.631552)
(28.552874,46.108145)
(47.300931,29.486076)
(46.742188,46.684338)
(5.826954,4.790094)
(10.542121,12.239120)
(15.914709,35.137342)
(5.056605,51.075959)
(40.034043,19.926619)
(16.466997,21.506243)
(44.798415,10.835081)
(31.425159,54.999643)
(47.733465,7.161127)
(55.377031,24.305899)
(60.706376,50.902354)
(43.783813,22.313206)
(55.149441,6.939521)
(3.578056,20.469100)
(6.165828,42.836672)
(59.689153,51.026186)
(51.632874,44.976650)
(19.310612,38.473438)
(44.147094,42.212883)
(10.964120,38.251175)
(5.449103,50.103958)
(11.501924,16.686682)
(7.582016,16.871802)
(47.241718,33.439857)
(49.666288,32.188826)
(4.720315,51.337014)
(53.134426,19.021511)
(37.359200,14.524995)
(46.482522,20.540457)
(38.201617,34.182863)
(51.825092,22.243541)
(14.777706,15.965660)
(3.721246,50.131174)
(4.150582,58.138932)
(13.791190,42.891964)
(0.002926,33.990001)
(53.115392,45.168435)
(16.422512,58.056289)
(23.435842,14.317025)
(3.849089,14.155458)
(21.875490,29.165370)
(15.484842,41.708269)
(18.160855,12.381609)
(51.925869,11.764310)
(4.049543,14.165444)
(35.057432,4.426089)
(3.337779,47.100918)
(8.063197,13.633813)
(52.748855,31.213157)
(21.197019,48.338941)
(13.602092,1.187083)
(56.007045,12.624991)
(11.002613,7.150306)
(23.827788,15.887546)
(27.016358,41.342557)
(54.746043,29.016039)
(3.963935,23.780643)
(39.189563,41.293599)
(10.703091,17.528199)
(16.203927,18.524412)
(36.121588,25.431305)
(2.547510,14.539121)
(30.843370,51.523775)
(51.477226,26.619819)
(25.441046,30.518513)
(29.075050,39.023490)
(31.103768,8.358210)
(4.266793,46.330202)
(30.851723,31.386280)
(37.458802,7.341835)
(43.650727,26.983918)
(29.627219,0.297020)
(5.568162,11.148835)
(12.944867,12.383301)
(51.644836,20.407852)
(16.154416,23.222551)
(7.463347,40.125824)
(5.958105,6.968850)
(27.261337,21.415840)
(28.945605,34.480740)
(34.134257,21.964450)
(36.761504,38.622911)
(44.734467,10.938915)
(3.076756,58.709033)
(22.340285,2.641656)
(1.540616,34.616947)
(26.522772,39.704225)
(16.599137,27.730661)
(20.948491,25.621397)
(15.090352,19.139683)
(27.418776,14.470303)
(55.143177,40.345600)
(22.296383,6.155560)
(45.221117,40.255055)
(41.784100,15.042932)
(19.238990,17.148636)
(56.001749,15.317843)
(9.828576,20.152304)
(53.730095,48.319198)
(12.727731,35.223066)
(52.100958,46.346589)
(20.147713,38.661568)
(12.466228,32.317208)
(16.492952,50.147331)
(38.776993,0.285181)
(58.100397,6.640306)
(36.978009,31.728594)
(21.422208,54.585873)
(35.147000,35.603315)
(54.852503,43.413676)
(3.546498,9.304062)
(10.614470,45.789535)
(42.753781,29.853351)
(44.420233,27.435417)
(2.806053,33.655956)
(33.909764,7.887253)
(15.676134,36.673123)
(10.484212,40.517015)
(18.191785,22.042316)
(43.516503,25.647888)
(22.548246,31.702470)
(17.776359,37.632077)
(10.111097,53.235978)
(37.788027,27.792867)
(59.203991,30.588973)
(30.378445,8.393030)
(21.809598,36.196559)
(8.011786,34.622018)
(12.567734,48.204037)
(31.634295,7.000753)
(29.639036,45.565656)
(4.514570,1.136615)
(9.029043,42.166703)
(32.673711,37.112530)
(1.273683,1.436362)
(41.142144,19.097908)
(0.249655,10.875738)
(42.767092,5.176531)
(41.317886,7.605960)
(33.118578,13.498284)
(34.518311,20.910302)
(34.846461,15.158323)
(50.979788,29.238665)
(13.154858,9.478802)
(24.796478,5.971144)
(11.341835,28.837812)
(50.227535,40.967388)
(5.281643,15.318313)
(19.397303,42.290361)
(5.791354,18.968402)
(2.474255,21.500255)
(25.710898,16.972658)
(39.462518,46.494061)
(52.840635,28.267132)
(40.762100,7.102502)
(47.430825,42.756234)
(13.045180,52.987715)
(46.714604,46.843188)
(5.449684,40.529458)
(27.846452,47.705994)
(17.657982,46.667735)
(31.266733,29.054680)
(41.515096,46.116001)
(2.311259,8.748248)
(16.013963,2.588419)
(49.953032,28.003759)
(0.476599,25.166417)
(51.005828,1.096297)
(31.224793,40.461943)
(41.841318,17.877136)
(19.974435,32.831813)
(21.120769,27.556289)
(34.966258,13.300879)
(21.321267,9.362148)
(41.520045,22.954285)
(1.221219,10.012607)
(35.839466,55.308193)
(0.947347,56.894242)
(10.696643,14.246581)
(4.426251,29.346605)
(30.681654,17.988346)
(23.390121,53.167675)
(21.717424,51.341982)
(44.912055,43.672040)
(36.287617,3.493179)
(19.223444,51.239032)
(28.729347,41.526525)
(57.027269,7.712404)
(43.833810,36.240136)
(14.358301,5.905205)
(43.224907,5.186412)
(2.955210,38.529556)
(17.503350,42.724676)
(55.028817,23.206170)
(41.838074,30.939172)
(14.455985,31.202261)
(40.891748,57.600155)
(11.933266,2.693677)
(15.045111,59.404584)
(5.759788,10.144056)
(2.509972,45.014963)
(46.999363,42.875471)
(6.434880,38.148789)
(18.909010,31.753499)
(2.938640,4.592661)
(50.297561,3.110311)
(46.735859,31.286407)
(49.360507,41.282338)
(46.597845,45.375531)
(41.136149,28.667477)
(12.647847,16.236979)
(25.693333,0.148092)
(5.344234,50.702189)
(7.541723,26.275955)
(52.312629,20.214457)
(39.730407,3.014626)
(44.814911,23.874943)
(47.012978,37.371870)
(37.895653,59.285471)
(38.445972,55.706217)
(19.021492,26.331386)
(19.202824,51.610475)
(31.894441,48.938078)
(10.524443,40.495681)
(20.491138,37.561697)
(11.993751,50.909035)
(36.485666,9.200658)
(30.500241,4.497817)
(10.604723,57.601066)
(38.531651,43.980546)
(12.568394,22.386110)
(1.830920,35.338479)
(41.241045,20.101215)
(7.384597,32.516481)
(10.249701,0.060738)
(52.882796,36.725762)
(18.652385,28.064446)
(29.380495,1.935167)
(7.015371,31.762164)
(28.048500,49.629693)
(19.570260,11.793679)
(46.724804,1.018315)
(37.170687,36.544344)
(17.140002,41.072231)
(24.357100,19.791495)
(21.011187,48.528762)
(7.833712,9.025822)
(17.788139,46.400927)
(2.405664,60.809451)
(25.207965,40.735654)
(46.411312,48.520715)
(47.878137,42.099627)
(49.644458,6.446545)
(1.689587,43.019426)
(23.709242,14.876919)
(48.773702,0.676703)
(53.771346,34.098307)
(25.209199,26.749818)
(9.486925,21.907614)
(27.496731,5.107092)
(35.006971,0.853420)
(6.168307,40.406373)
(34.345516,1.196658)
(33.660698,43.694078)
(50.046085,3.719327)
(35.627525,49.120949)
(8.978832,26.630599)
(27.437104,3.947290)
(52.225120,41.107934)
(2.147302,55.173190)
(13.428563,25.231140)
(29.591509,8.200245)
(44.475026,15.145799)
(21.116801,53.714586)
(45.950758,51.434145)
(0.512594,29.047510)
(12.074835,49.687460)
(43.611611,52.363295)
(26.339031,29.022716)
(19.595251,6.633899)
(44.841909,48.875290)
(10.665981,37.564159)
(46.522780,33.135818)
(42.515517,20.451828)
(8.970484,30.423601)
(42.187496,3.940726)
(29.909493,39.347437)
(42.782059,5.238556)
(17.818316,37.077779)
(25.428674,53.015526)
(25.332140,57.612234)
(37.239076,15.573094)
(13.013856,32.387715)
(57.945075,49.096061)
(29.396542,18.431079)
(13.550088,12.435625)
(59.672516,45.742366)
(4.535638,12.037605)
(11.607083,44.727570)
(30.747883,22.325196)
(5.051780,43.052504)
(5.912649,26.334231)
(13.417375,20.587885)
(29.308277,47.785995)
(39.847246,5.512109)
(8.007516,24.408610)
(42.937411,27.438385)
(11.123415,3.697000)
(38.431163,17.563054)
(2.870557,47.028317)
(51.554821,32.155488)
(31.179652,48.448501)
(5.939183,59.668676)
(7.330760,12.767378)
(61.880344,27.694593)
(9.095560,35.214339)
(0.442750,40.562062)
(51.522931,53.729194)
(15.207624,51.316843)
(49.674238,30.932398)
(28.945869,38.828659)
(31.390333,17.749243)
(45.368431,22.564141)
(45.482054,42.419012)
(37.344442,19.651991)
(26.827305,2.782113)
(28.906400,33.159018)
(33.834729,25.916944)
(1.383713,3.117696)
(21.544729,37.705692)
(54.369891,13.663601)
(27.449425,61.959158)
(26.422981,2.553007)
(22.847584,38.957501)
(45.167830,51.072756)
(30.384906,50.831078)
(20.013120,32.688896)
(26.139758,41.758819)
(23.396543,42.303534)
(40.762277,9.805223)
(35.951760,47.927402)
(27.191499,4.502214)
(30.952607,49.552982)
(28.022473,1.186563)
(49.700458,45.831439)
(50.620316,46.708457)
(29.402899,7.081848)
(20.319849,44.164233)
(20.325945,1.645218)
(41.213510,53.979653)
(44.373436,43.840479)
(12.472158,2.557441)
(9.104188,47.620317)
(4.340178,7.567015)
(57.633007,5.440186)
(5.683051,44.507156)
(31.234982,31.683601)
(1.865984,25.752254)
(13.596920,16.937756)
(10.094415,11.947298)
(51.575211,59.523625)
(6.489524,53.100289)
(9.403092,36.440039)
(48.497636,49.375547)
(35.325064,47.040218)
(50.284642,30.261748)
(3.051855,17.841433)
(29.005433,19.333590)
(14.455025,9.483633)
(29.433524,0.128252)
(19.462137,56.242469)
(37.262131,16.869855)
(8.811662,42.399523)
(23.504074,37.597048)
(9.408776,21.306240)
(38.309365,33.974692)
(47.528259,27.525530)
(28.066647,53.064158)
(38.018488,61.840049)
(13.760667,34.695745)
(0.107998,46.940794)
(29.529168,38.935787)
(48.651067,24.104243)
(6.070171,52.800284)
(17.781526,35.142460)
(43.404078,9.824868)
(21.482816,10.297768)
(58.225541,30.257393)
(54.665509,53.586107)
(27.347792,38.543941)
(48.578326,40.789269)
(4.873659,54.317590)
(42.630585,15.216757)
(1.439573,0.343132)
(30.014395,33.699820)
(3.615870,18.545810)
(2.218727,50.470960)
(0.316824,46.070890)
(0.778399,56.334280)
(28.842511,50.038814)
(4.110711,31.652191)
(7.382476,46.470956)
(32.739675,2.030627)
(12.625130,46.151415)
(35.505579,18.673311)
(37.606881,18.396392)
(24.341448,24.677390)
(16.970581,18.553092)
(48.030909,19.343820)
(30.582248,40.351395)
(13.852269,44.356744)
(1.213682,40.720846)
(58.569075,56.311917)
(4.259030,57.899079)
(38.429666,5.653094)
(42.657904,17.748788)
(63.732486,29.277370)
(4.898545,22.367667)
(19.637921,55.510525)
(43.709127,55.082253)
(18.955150,28.341202)
(45.312301,50.413255)
(44.583582,12.818261)
(23.858287,17.713429)
(1.694129,51.569423)
(38.132391,1.073034)
(52.762059,2.944468)
(23.492437,0.087467)
(18.912454,55.911715)
(56.076752,30.626039)
(3.605269,19.652710)
(55.832005,41.197460)
(42.267669,33.252652)
(39.104273,59.844615)
(26.288794,49.101714)
(9.200724,5.255285)
(36.806214,32.924218)
(10.860714,32.020086)
(43.297358,8.569458)
(37.780670,28.468641)
(31.646678,35.820512)
(52.992181,38.413657)
(23.226661,5.072738)
(31.934270,22.719309)
(10.512304,42.202919)
(40.214184,50.496074)
(55.704049,28.766582)
(34.833392,6.356463)
(28.708846,44.668169)
(14.961671,23.348287)
(45.480308,2.047892)
(34.147434,47.466572)
(15.228400,37.092539)
(15.182371,21.494427)
(56.991447,52.234162)
(14.175537,49.730744)
(46.650972,49.249298)
(34.430972,14.003454)
(36.036760,47.326757)
(29.068613,29.083971)
(56.179995,8.213087)
(40.352981,8.508218)
(12.865100,25.963239)
(8.040912,5.247341)
(3.242733,38.042014)
(23.222606,42.684756)
(13.317531,12.851152)
(13.485221,13.522579)
(0.102241,48.194260)
(25.821682,4.261322)
(33.623276,47.007406)
(37.797339,44.037632)
(21.306988,34.425350)
(0.371300,33.152380)
(18.797716,53.019240)
(7.484623,8.386512)
(35.056615,28.132351)
(10.577899,45.412819)
(25.455606,29.584675)
(4.581400,2.729636)
(21.414787,11.270214)
(8.954164,38.568793)
(20.787317,28.255350)
(10.081478,3.060557)
(36.307058,13.242161)
(27.068408,14.437890)
(19.008698,23.934206)
(26.998039,22.474603)
(37.211254,2.568295)
(10.121896,42.078707)
(49.188498,52.738673)
(26.897259,26.518418)
(34.236349,20.313866)
(4.587231,8.994243)
(8.867946,17.771718)
(31.205076,54.020450)
(23.192515,18.934392)
(12.461654,22.525270)
(38.522502,45.832974)
(29.660800,18.763582)
(53.447171,34.485337)
(10.252692,24.191205)
(7.642589,20.707572)
(19.631649,30.979109)
(51.160568,41.252289)
(30.833670,55.669289)
(48.024714,12.830985)
(28.239535,45.911290)
(12.711574,6.379893)
(63.243837,46.553260)
(48.928025,61.451676)
(7.265772,17.547677)
(9.359279,48.170333)
(21.517130,30.434727)
(31.069099,50.375231)
(10.299828,1.186634)
(34.382532,30.320984)
(40.727704,51.702868)
(26.142476,38.035033)
(31.294027,10.847943)
(1.934717,26.700271)
(51.743421,38.593449)
(32.798176,31.054405)
(0.107944,55.440702)
(50.408911,11.733389)
(16.246542,58.486127)
(2.524108,0.015419)
(31.230871,38.709298)
(39.758977,13.001168)
(17.880577,4.703237)
(30.461183,44.753829)
(20.199591,22.843702)
(47.112503,8.617949)
(18.334456,5.752769)
(12.398489,9.463889)
(20.927890,26.754496)
(27.862798,31.765312)
(36.487354,16.896321)
(43.402302,2.094818)
(52.619094,0.443937)
(6.619582,48.635433)
(2.304283,6.213746)
(4.065174,20.151206)
(14.568501,15.282253)
(24.991829,16.302422)
(1.097467,6.488942)
(5.563913,39.666391)
(54.769698,25.774026)
(37.246252,21.257378)
(46.268415,9.070083)
(2.332621,15.232789)
(22.059097,12.360998)
(12.685595,31.285017)
(45.240870,41.013502)
(42.163782,5.268934)
(21.450453,39.017822)
(43.349437,40.231495)
(17.995041,42.483684)
(35.058737,20.574073)
(14.445033,61.105421)
(41.980412,38.790464)
(16.619885,36.462183)
(44.903588,32.484371)
(9.375495,4.885355)
(10.072928,4.233008)
(3.153068,30.570795)
(50.310069,8.288071)
(36.559699,43.310283)
(10.721589,26.726798)
(4.200992,38.176372)
(2.298363,25.109130)
(13.669310,54.511733)
(14.897898,17.617706)
(53.812030,7.852938)
(5.725941,1.828471)
(32.438357,41.478133)
(10.193731,52.932315)
(4.745280,10.013565)
(10.267323,4.628231)
(18.280760,37.670685)
(17.181404,46.403459)
(37.228655,20.132580)
(17.137078,60.543587)
(16.826943,47.448255)
(47.729391,50.985513)
(31.426718,4.226391)
(25.202997,36.113707)
(48.012477,7.488656)
(18.502651,5.653813)
(23.998256,13.706059)
(19.209968,43.029147)
(10.410700,50.289750)
(36.327645,54.286112)
(36.652328,47.796421)
(59.056375,23.480381)
(43.413579,16.337410)
(20.517189,6.142606)
(4.599345,9.951667)
(36.279353,25.091642)
(15.042980,12.256562)
(16.404552,56.662133)
(46.381477,39.086801)
(33.560217,58.104053)
(35.270176,24.505534)
(48.649099,48.102207)
(31.239673,3.059234)
(51.327509,38.374188)
(52.898992,22.227873)
(27.854593,42.203924)
(7.742473,40.888365)
(1.031937,34.985326)
(14.364452,0.219179)
(42.348432,22.777404)
(48.229244,14.379691)
(41.239256,17.370507)
(37.510857,0.590341)
(37.381904,1.197392)
(49.182630,11.579667)
(30.641337,46.855155)
(3.563942,15.661160)
(45.227734,38.245211)
(47.642614,5.194914)
(7.425546,28.593881)
(21.694629,24.719550)
(35.116722,41.732607)
(10.190646,20.055276)
(15.914003,17.060800)
(26.135468,31.873676)
(18.532671,48.374225)
(14.161080,15.042741)
(3.120526,4.044333)
(0.628252,2.991478)
(52.332646,29.950180)
(31.917972,17.447555)
(20.801508,37.819449)
(53.768560,48.995230)
(41.331167,17.607824)
(45.483789,4.218157)
(48.234141,25.929785)
(33.929242,35.588510)
(18.417585,51.357292)
(26.169804,5.638552)
(3.318860,58.708139)
(12.055845,27.140785)
(5.167303,1.286140)
(37.029158,54.535008)
(0.517994,12.602691)
(27.985231,3.175227)
(18.918034,59.308203)
(7.246678,47.292013)
(14.057530,44.486660)
(12.063211,48.572300)
(26.986935,28.839936)
(44.880030,21.321335)
(26.989283,31.511759)
(0.580772,13.598135)
(11.727879,5.794128)
(52.050510,19.054203)
(44.096374,55.022356)
(8.374103,14.117150)
(44.837225,60.706838)
(49.909673,10.992561)
(30.125909,3.804533)
(49.093214,13.649880)
(41.668700,41.498265)
(8.159607,32.138358)
(51.544796,3.751652)
(15.672034,29.917464)
(18.925918,39.837742)
(29.773112,37.551059)
(42.130131,25.067486)
(36.651056,43.024671)
(9.272390,50.521703)
(50.677405,56.358685)
(62.392677,22.504978)
(29.131194,16.980890)
(0.177003,4.337964)
(44.173005,7.056494)
(25.865523,4.868256)
(8.693864,50.939247)
(23.173320,3.489645)
(16.598955,24.065876)
(5.698113,42.803896)
(44.386179,3.928375)
(37.404739,41.401060)
(37.417010,5.325843)
(42.595270,25.669914)
(7.882458,44.444835)
(40.254861,23.029529)
(6.181999,1.038101)
(42.268678,12.316056)
(28.441925,50.543070)
(17.047674,42.653316)
(10.740462,8.055147)
(11.314509,25.995231)
(10.498750,56.465511)
(41.992484,30.575857)
(51.652986,26.091166)
(1.678111,47.511795)
(25.040279,0.216875)
(33.065402,56.454843)
(47.568690,21.823796)
(12.790571,53.749295)
(35.324031,37.747948)
(25.286110,42.235969)
(19.072650,13.177555)
(40.488976,15.293925)
(10.672438,14.169869)
(12.432737,18.769955)
(43.538342,48.700959)
(21.528641,40.647306)
(20.998473,2.001877)
(6.651444,27.050762)
(12.933128,47.186970)
(11.810239,6.787275)
(47.252205,55.552385)
(37.007129,52.621174)
(45.461954,48.150562)
(16.369645,40.190273)
(5.927946,10.924615)
(58.264639,54.620532)
(53.935540,28.655520)
(4.304136,32.314860)
(22.648405,30.553555)
(14.336501,27.689234)
(14.130172,18.015382)
(9.185577,12.007393)
(41.988572,50.604094)
(42.462457,12.809307)
(37.498187,3.386902)
(27.302180,44.197639)
(39.506585,50.587480)
(45.914953,26.217295)
(43.309821,3.402017)
(30.526364,37.786658)
(44.870719,10.275752)
(43.115252,16.620111)
(49.665227,14.823262)
(11.392017,33.756785)
(63.191410,16.179089)
(49.249362,2.713311)
(38.229478,39.687258)
(41.690956,36.139055)
(62.113640,18.739585)
(0.252983,37.087969)
(57.794009,40.004876)
(5.860858,48.236613)
(8.959935,49.738327)
(32.362761,1.640684)
(46.095269,48.261546)
(44.925962,24.104566)
(20.214770,32.172407)
(29.974610,44.637945)
(7.340987,26.137978)
(27.116074,23.065368)
(38.482668,36.004834)
(36.871150,45.802080)
(7.476867,42.920606)
(11.554435,18.633225)
(35.679181,27.742761)
(14.238026,36.283049)
(26.165913,41.971614)
(46.017127,19.699862)
(53.175307,49.070614)
(3.424408,24.006601)
(15.195983,43.755943)
(15.536375,33.575108)
(12.115433,31.837516)
(46.284268,2.017914)
(32.092662,32.367685)
(47.260237,26.547195)
(19.827499,60.563108)
(11.531177,47.636433)
(1.772905,32.616059)
(34.703696,22.135473)
(40.817165,14.254464)
(3.214344,48.280014)
(14.150692,5.812420)
(46.703600,48.981573)
(50.427560,19.660503)
(53.923717,5.183414)
(58.968714,0.242753)
(45.862815,22.844567)
(19.594754,24.008266)
(36.171363,4.125636)
(12.334833,34.813797)
(47.972129,49.828276)
(42.526015,54.514697)
(23.781261,22.552798)
(13.993020,42.040311)
(4.239439,37.744902)
(11.860966,41.400522)
(53.831184,32.494086)
(15.902197,27.376038)
(53.426838,42.668960)
(55.894076,50.113841)
(32.062910,33.553443)
(47.163576,44.924446)
(54.720439,31.121238)
(5.958024,10.271992)
(45.103773,34.367135)
(60.371133,15.721227)
(18.840851,32.538151)
(39.398780,5.748881)
(52.806476,27.454220)
(26.177518,51.290128)
(29.044786,27.077023)
(56.749341,41.718139)
(32.865177,23.408682)
(40.868502,34.214032)
(61.006884,13.756804)
(18.315009,0.581439)
(48.692040,33.640114)
(56.369041,11.383681)
(7.102403,14.757884)
(53.490881,26.762552)
(14.233819,13.716659)
(7.133019,33.363903)
(42.900703,24.161794)
(48.498392,22.701440)
(7.257663,48.839492)
(15.629745,2.156048)
(14.321489,11.675919)
(30.325521,31.206269)
(4.316821,51.300649)
(1.707535,53.035518)
(62.421330,38.494560)
(41.527479,55.586745)
(46.481218,38.208867)
(7.132700,15.788969)
(7.895449,1.533031)
(39.618137,52.566075)
(24.200312,49.922521)
(36.032789,26.575750)
(9.246799,41.597265)
(40.510304,52.063134)
(2.831307,43.086433)
(6.324190,37.056146)
(21.039197,40.177253)
(15.889367,14.317921)
(28.682998,57.388990)
(20.543462,34.775813)
(17.650425,2.685534)
(45.113844,19.747810)
(12.349523,42.543444)
(21.986111,42.555354)
(42.837452,12.424738)
(37.213823,45.323692)
(49.823662,46.618593)
(53.958810,20.020512)
(17.421126,46.831749)
(6.803945,44.095792)
(15.743553,56.383357)
(16.017855,39.020144)
(10.832212,39.371677)
(38.898960,14.706391)
(6.889211,9.343275)
(13.116831,7.873719)
(47.743775,20.535767)
(30.209047,16.691335)
(43.900843,38.310158)
(62.235530,6.524781)
(33.657453,33.309846)
(30.514330,40.481942)
(9.401517,24.681495)
(27.425819,45.858877)
(22.500333,12.622617)
(25.228662,50.576366)
(30.513358,20.389436)
(5.339704,7.294196)
(13.067422,6.874911)
(59.081444,47.138549)
(45.551176,50.847050)
(30.208437,48.943058)
(16.249265,43.681370)
(44.678067,23.405683)
(43.807291,26.735487)
(50.485292,47.895840)
(7.345321,23.981721)
(33.045928,38.240440)
(29.757472,11.754423)
(57.304358,17.237339)
(25.365543,47.503874)
(9.984280,51.597431)
(2.458833,31.414115)
(40.906667,49.902512)
(4.895430,18.003638)
(15.580516,46.859526)
(14.406181,29.411248)
(49.960828,50.643109)
(57.713154,2.399731)
(54.551330,8.232826)
(40.547224,29.227243)
(19.851729,56.785617)
(15.992781,49.618198)
(10.661375,39.515811)
(13.677208,21.152364)
(11.640071,1.852669)
(9.376710,36.250447)
(9.416725,5.099387)
(2.682076,30.344232)
(15.126891,49.900707)
(34.664627,42.520773)
(53.984045,38.389707)
(54.674343,30.207972)
(38.757613,39.256746)
(54.488213,25.560547)
(24.001864,6.341016)
(38.284639,7.761135)
(12.723949,0.188214)
(36.695201,35.496858)
(34.621411,26.534101)
(5.190577,16.627699)
(33.845558,17.552299)
(55.619968,9.127991)
(21.885729,3.320121)
(21.863095,34.331754)
(2.267577,62.449253)
(53.827145,43.396576)
(13.169888,11.829797)
(35.543976,40.018008)
(20.900298,35.462080)
(50.935632,49.545083)
(9.539319,59.244521)
(10.558975,21.938687)
(49.602210,53.645230)
(1.808397,2.929123)
(28.469336,41.838447)
(12.971420,53.543569)
(13.524681,35.910890)
(43.765843,1.550506)
(13.486353,47.142797)
(8.838326,0.741003)
(13.888468,28.565963)
(23.872967,29.802251)
(25.085844,9.387459)
(11.207531,44.707193)
(35.744315,9.568605)
(17.837955,49.389035)
(5.406155,38.011108)
(37.340254,5.915425)
(8.136154,58.004768)
(18.010264,18.291903)
(51.490829,46.019255)
(6.340894,2.494316)
(16.924686,2.199907)
(54.070660,20.239490)
(15.330900,49.516666)
(0.936095,0.440073)
(20.623042,7.267530)
(41.639053,40.359896)
(57.165829,46.675591)
(11.768081,51.582309)
(28.166571,54.509438)
(45.159326,26.256637)
(54.745746,13.648688)
(26.628645,48.029867)
(38.313281,2.350268)
(42.405482,13.883908)
(52.180998,10.306911)
(46.761142,49.019620)
(43.564517,55.583295)
(52.443996,41.405526)
(30.279932,3.423026)
(57.467128,50.099129)
(34.447894,11.067102)
(44.824287,15.589071)
(13.444330,31.241131)
(37.600161,60.781380)
(24.747295,40.749247)
(19.930668,17.912247)
(8.449499,4.459176)
(36.871599,9.723728)
(33.923954,34.481381)
(13.851885,40.731637)
(49.492049,11.969856)
(33.418364,1.776808)
(5.277179,7.607874)
(32.953926,53.922200)
(22.035990,34.370167)
(29.036220,16.796412)
(49.559287,60.084735)
(57.885514,1.514039)
(0.417625,23.335496)
(3.086201,44.825066)
(23.250885,24.182974)
(12.592522,6.599581)
(17.141375,43.810117)
(50.444544,20.186387)
(37.201268,49.774997)
(42.669394,56.021477)
(43.015900,19.112734)
(44.928553,33.978918)
(13.261467,46.776437)
(26.890261,14.228406)
(47.721580,40.299069)
(37.642171,37.576033)
(30.784217,21.073663)
(6.871960,12.342099)
(4.810665,46.991079)
(16.017310,51.412564)
(39.349586,31.314155)
(19.613808,40.790569)
(46.532142,3.922919)
(51.798369,50.580985)
(18.539280,6.516313)
(39.079477,29.929428)
(31.858475,31.819213)
(27.603460,34.979419)
(49.600012,57.325289)
(44.926857,48.581866)
(50.128132,35.540749)
(4.336272,1.926733)
(1.862064,15.089171)
(24.177147,39.897117)
(29.677408,34.993244)
(52.246112,38.614585)
(52.155612,1.509060)
(37.215413,26.924016)
(5.923195,11.319471)
(36.715041,46.152497)
(53.041765,50.008846)
(60.755766,47.847394)
(44.599261,27.290132)
(58.180627,9.012804)
(23.660721,37.102319)
(7.987701,48.257027)
(26.364012,21.979132)
(56.775907,17.657497)
(18.211987,26.263927)
(23.051985,53.776249)
(34.451619,43.551005)
(5.602907,5.227536)
(26.050591,7.638651)
(54.026573,37.832147)
(28.613181,53.184179)
(14.122007,23.083963)
(20.374857,55.237510)
(2.095626,49.891458)
(44.070828,28.725218)
(52.680747,15.811453)
(43.128132,42.799065)
(53.585863,18.036597)
(44.889326,42.998373)
(43.708267,44.705658)
(51.332566,33.333471)
(24.146318,11.193535)
(50.557612,5.725064)
(28.662329,22.135607)
(4.621906,27.931251)
(13.912003,13.778799)
(24.471995,44.902027)
(25.635310,45.056582)
(27.546081,55.170950)
(43.228416,36.211576)
(30.623600,0.194555)
(40.410273,13.502436)
(17.424280,44.104165)
(18.543917,40.202689)
(45.845931,51.700200)
(21.516693,5.069942)
(38.627954,21.179152)
(56.715018,29.547380)
(18.594216,2.442993)
(43.385785,28.428042)
(4.490577,53.238686)
(21.827978,17.887423)
(19.945280,21.374425)
(53.131568,27.898212)
(40.888387,8.999371)
(37.936544,40.629531)
(0.352706,46.944032)
(12.507675,43.977388)
(54.872741,38.815139)
(4.018870,16.252664)
(37.187101,54.424238)
(32.929878,3.254359)
(27.783650,33.577124)
(11.689255,26.219456)
(58.145034,15.292728)
(29.015710,10.362193)
(25.130343,43.515494)
(23.130066,15.126158)
(50.230269,19.286613)
(44.543572,41.808369)
(30.563073,50.420588)
(28.354178,45.119405)
(57.682264,53.140315)
(7.829343,15.691476)
(39.522962,3.120137)
(26.844572,35.456871)
(26.435674,35.844119)
(18.393682,41.623359)
(14.302814,37.103446)
(1.256607,36.455713)
(29.504274,22.007300)
(58.871697,30.956665)
(37.937592,35.925690)
(15.771296,12.284884)
(37.638517,4.385430)
(45.510179,49.419445)
(25.146195,49.630169)
(7.062021,23.768533)
(52.359555,35.680315)
(48.911357,49.199548)
(13.097107,23.087959)
(17.701465,32.037010)
(2.536126,16.773927)
(3.992926,4.805838)
(28.360994,40.823655)
(45.207556,5.687295)
(53.871929,14.957883)
(29.708838,13.428753)
(45.900397,46.540578)
(13.069643,20.416120)
(38.569662,12.510809)
(45.841792,28.007236)
(20.266444,5.165780)
(38.646888,28.402621)
(32.664559,3.034941)
(37.187577,41.912074)
(54.284843,41.080803)
(12.962132,55.657269)
(33.116567,14.792900)
(4.540541,36.531236)
(34.572309,17.844124)
(38.501590,14.524515)
(23.566155,43.698702)
(23.364890,18.328383)
(4.908142,37.681550)
(40.678127,49.153598)
(45.968530,14.405580)
(6.401769,31.313741)
(37.056676,44.562473)
(49.440441,44.193848)
(21.810359,16.796398)
(28.954164,27.089045)
(10.126077,40.354642)
(12.561916,39.152002)
(58.607747,21.500769)
(33.224877,9.393520)
(27.569420,33.152211)
(12.280029,47.433073)
(5.606692,11.131283)
(46.800896,39.596552)
(44.055603,29.515152)
(2.579464,34.913141)
(29.005599,47.854430)
(5.554215,42.004143)
(14.213241,53.471402)
(38.413594,22.237854)
(44.171857,53.232034)
(61.918119,31.667097)
(24.886442,49.986807)
(23.002417,41.550122)
(10.558207,40.758044)
(15.448076,14.070158)
(15.584160,28.655939)
(53.031586,2.264919)
(9.831137,41.459142)
(38.290416,22.278204)
(28.396026,54.827982)
(9.643571,0.169784)
(3.854588,35.631448)
(51.704345,30.141353)
(21.315696,18.228092)
(62.581326,19.158403)
(19.552245,21.082654)
(47.203575,36.438202)
(36.501720,1.996077)
(8.194690,18.160449)
(37.376175,55.963389)
(8.384834,23.323492)
(36.297262,27.525505)
(4.620381,26.892792)
(32.018997,14.402306)
(45.172317,44.370190)
(11.578510,12.131163)
(56.396921,10.146666)
(20.879772,36.783787)
(16.349622,4.233242)
(17.854375,41.015885)
(5.579572,19.656510)
(36.654312,3.639720)
(39.060764,49.993129)
(54.142084,45.382641)
(3.996881,53.551348)
(38.627179,32.628072)
(52.405356,32.778854)
(7.122385,49.105929)
(27.860820,50.309909)
(37.381274,25.419322)
(53.637067,51.964643)
(49.605905,1.193193)
(48.272487,20.246551)
(32.490396,41.918598)
(20.255970,13.343835)
(7.522895,15.326223)
(49.694805,30.998935)
(59.114818,25.562942)
(36.315263,29.631928)
(41.581970,39.256650)
(5.609235,33.759949)
(21.787476,16.365174)
(54.631502,1.572776)
(24.753003,41.998020)
(2.116558,24.960094)
(28.951324,32.695558)
(39.292774,44.522743)
(12.031559,55.562804)
(10.420787,8.863385)
(1.979068,11.571636)
(45.870522,56.731154)
(13.480549,27.788730)
(39.066247,13.475763)
(15.814900,18.293997)
(29.244525,4.450418)
(45.306896,26.614995)
(27.466176,31.503582)
(49.870178,34.301150)
(51.148958,58.005453)
(8.760972,0.122349)
(12.581920,32.389753)
(46.567718,17.974514)
(42.599037,35.659111)
(45.877873,1.714011)
(2.287200,2.038202)
(39.588733,29.126433)
(32.272499,44.161245)
(1.119522,27.873788)
(26.970074,16.709032)
(21.761518,6.170224)
(25.065893,20.038620)
(29.818711,3.892153)
(46.117678,54.278830)
(54.780317,0.234175)
(28.945695,48.012859)
(27.409326,60.464567)
(29.458837,24.925445)
(39.479466,29.066692)
(33.264099,46.646507)
(29.763877,6.120190)
(42.633440,51.580239)
(27.959563,22.849872)
(24.143760,26.642478)
(8.501840,0.963209)
(25.511080,25.609505)
(10.106697,46.217245)
(35.504114,50.617613)
(24.022924,10.200844)
(9.869790,22.250917)
(20.950198,2.971929)
(5.502814,16.937910)
(7.361448,15.325212)
(13.487863,53.855213)
(9.378343,25.879917)
(0.481418,37.622816)
(28.870471,32.268349)
(48.103562,42.173528)
(23.984394,41.247585)
(1.218594,13.674279)
(21.147739,24.966668)
(49.964872,20.567657)
(47.363972,12.791566)
(54.293579,45.945814)
(40.742262,49.053080)
(51.767803,14.707883)
(3.830613,15.326877)
(20.004194,3.807454)
(37.928101,9.558686)
(43.492961,5.013426)
(53.820778,8.502906)
(30.958865,36.971122)
(14.026892,58.950536)
(39.777905,45.304008)
(26.600452,2.919764)
(24.247567,37.523192)
(44.345978,37.516206)
(55.933037,28.402146)
(52.498501,51.684214)
(18.628149,23.054350)
(36.604079,49.597991)
(44.406851,9.516085)
(42.246310,23.918306)
(1.843861,48.067593)
(35.891233,53.809274)
(7.859796,19.057109)
(21.313436,30.387431)
(9.120250,40.899882)
(14.154557,0.040248)
(39.737286,54.519787)
(20.448467,47.037885)
(33.927501,49.337167)
(35.682462,15.108516)
(60.702453,15.969413)
(50.032930,46.129127)
(42.337310,10.581508)
(34.196024,48.650192)
(22.482629,23.661419)
(2.697170,13.618839)
(51.697291,14.001397)
(31.663849,37.574706)
(45.906861,59.737692)
(40.961194,40.694445)
(35.459931,24.007889)
(50.268189,47.245496)
(57.813828,29.762324)
(4.701224,12.681164)
(29.535342,32.201442)
(30.500228,29.419819)
(13.253713,8.728884)
(52.385500,2.189295)
(32.193989,51.528629)
(1.488507,14.879203)
(22.225794,58.026442)
(53.836043,39.832364)
(46.979405,18.533426)
(49.695638,25.126323)
(41.044735,51.619711)
(46.167418,37.898223)
(49.606678,16.828021)
(52.757774,1.225138)
(15.880690,14.922563)
(28.532597,31.842790)
(43.345279,46.868959)
(20.020130,37.223512)
(54.872677,17.603586)
(2.998882,21.603836)
(6.178374,3.013610)
(7.741738,50.188232)
(11.009134,15.989591)
(11.945522,52.925746)
(53.006726,15.017112)
(41.710343,32.077265)
(34.317973,33.617508)
(39.714129,20.958311)
(22.676802,29.102781)
(29.460888,18.528450)
(40.984069,37.412655)
(49.525701,3.244125)
(29.852695,36.870111)
(11.262319,22.023949)
(23.064859,15.697413)
(5.018633,19.192855)
(8.854345,45.829887)
(47.632799,6.668502)
(48.167434,26.937961)
(47.821414,20.193279)
(35.707786,42.209982)
(60.885705,53.719113)
(28.688090,40.594968)
(51.549215,11.940910)
(29.125626,52.466166)
(46.292214,2.572462)
(6.366623,31.688484)
(5.227215,51.393021)
(31.077120,19.919324)
(45.647943,26.626992)
(1.534498,19.650538)
(50.203418,20.728275)
(6.221298,28.415477)
(17.628667,18.839134)
(58.601925,19.947869)
(10.919303,22.616965)
(23.890605,39.826171)
(59.919376,53.827195)
(59.675674,35.799329)
(0.733728,23.910602)
(41.281655,29.381079)
(36.370223,45.617584)
(50.425552,44.032075)
(46.125065,47.510870)
(53.803171,39.479070)
(11.232323,60.133629)
(28.693475,4.006471)
(6.912460,49.262313)
(28.915281,23.636513)
(46.803340,0.588781)
(36.777089,30.743234)
(22.326173,52.456233)
(9.569138,32.882937)
(3.870839,52.492153)
(38.647595,9.450805)
(34.834101,26.374674)
(17.934328,6.447607)
(44.069005,2.344799)
(51.984188,51.732822)
(23.381255,32.544152)
(33.590550,27.044870)
(47.652301,29.021284)
(23.393421,57.174011)
(24.459758,54.011781)
(10.523449,18.221864)
(8.020595,15.008447)
(1.089846,11.178475)
(49.941596,16.023554)
(58.453744,12.249516)
(35.275329,58.916253)
(21.384816,24.110113)
(9.013757,5.018187)
(18.611375,47.774887)
(54.044747,9.110505)
(6.203668,40.907781)
(45.724375,5.643955)
(14.432178,3.527527)
(23.116940,7.553923)
(40.136733,60.366016)
(11.173555,52.884404)
(19.588472,30.803590)
(39.770764,0.223756)
(25.774248,25.359007)
(29.414198,48.875028)
(13.455277,49.294678)
(48.299880,49.089989)
(15.743703,17.068787)
(8.655749,6.643916)
(20.620156,50.951233)
(9.376558,32.747426)
(56.886756,3.162544)
(43.023894,52.049628)
(50.413293,38.841513)
(37.057622,49.458978)
(36.726049,44.436219)
(19.613550,1.698289)
(31.854077,14.768800)
(2.061129,44.396872)
(21.573387,4.822580)
(20.139152,22.086392)
(44.061172,13.257557)
(6.176699,28.212530)
(29.252485,35.202406)
(51.496046,33.124162)
(28.138520,9.852962)
(27.814430,46.670379)
(30.076106,32.934254)
(38.106814,16.704803)
(30.946603,53.275076)
(27.345384,0.577080)
(29.995314,38.799958)
(9.494411,17.069096)
(43.435302,43.057182)
(58.648818,29.168052)
(48.144787,43.198819)
(37.976298,14.167046)
(52.814093,47.618500)
(46.283252,37.450843)
(30.996760,2.659731)
(15.140580,8.306434)
(5.258566,19.752100)
(9.474751,30.083939)
(56.423986,20.230787)
(4.061511,10.536439)
(0.588105,29.304007)
(20.322824,21.144416)
(6.193035,37.211893)
(44.391706,10.752477)
(6.032843,54.872251)
(26.444095,2.518133)
(40.916278,8.555134)
(60.559286,9.575914)
(10.445798,15.280163)
(22.345004,38.071110)
(23.494402,30.188803)
(40.705588,15.667435)
(45.982046,1.634986)
(24.166040,42.731352)
(52.889870,15.454963)
(4.536331,12.666890)
(18.776964,0.829327)
(25.542828,53.216121)
(16.032889,54.914887)
(28.072762,45.885855)
(29.335097,38.694588)
(19.314701,1.974825)
(44.432921,32.104011)
(25.043304,18.723421)
(36.450250,9.661685)
(24.355752,49.670882)
(6.865407,41.162748)
(52.670131,12.561457)
(7.598523,54.895027)
(13.463876,57.745865)
(1.017317,47.481024)
(47.772328,38.283947)
(8.379056,37.899373)
(28.304972,2.865468)
(27.057488,48.313682)
(34.830512,45.080628)
(17.262737,24.917370)
(6.346005,27.453828)
(35.075187,27.948909)
(24.252556,13.102989)
(58.931591,31.719125)
(37.153650,6.859160)
(16.796193,37.811063)
(47.293433,18.791865)
(42.047284,1.217804)
(36.223899,28.846424)
(55.252552,0.139205)
(4.551353,35.639215)
(28.692020,44.120442)
(50.925127,31.246239)
(18.756699,44.662749)
(10.272143,46.320210)
(7.598953,47.770328)
(29.246153,49.213797)
(33.964149,7.173773)
(38.459051,9.954971)
(4.037001,6.295861)
(44.171275,34.026552)
(52.311533,11.420965)
(27.827943,32.331143)
(37.619059,47.403137)
(26.071553,45.278638)
(53.293911,52.904521)
(58.148459,0.078686)
(51.606338,26.279750)
(48.429217,60.165726)
(4.460571,27.723359)
(32.065531,18.011739)
(20.001942,59.459969)
(54.201625,52.592411)
(12.829426,44.327710)
(26.292057,51.242395)
(39.591981,14.304971)
(7.144657,48.527548)
(5.278726,26.011096)
(19.344203,55.658586)
(5.857371,46.082067)
(40.221976,14.889172)
(26.447042,53.973436)
(14.870218,32.531895)
(34.841532,29.217688)
(1.748793,28.031535)
(17.415066,50.839250)
(2.204111,21.634603)
(49.828904,57.010948)
(39.584442,49.404841)
(40.606433,1.274121)
(24.462028,32.370224)
(8.561087,13.121139)
(47.945441,51.354558)
(55.182403,36.498423)
(40.855422,36.549968)
(17.309028,10.354945)
(8.073658,55.549321)
(35.694283,40.787221)
(51.899201,37.801823)
(25.386433,24.456990)
(11.477721,55.311673)
(3.211340,5.728596)
(42.085355,19.466186)
(48.743721,15.590221)
(43.516240,15.282659)
(19.643105,0.355832)
(7.027490,9.877704)
(6.767127,40.597648)
(43.163979,34.971131)
(33.168758,20.856696)
(28.803754,36.219520)
(21.817891,11.812319)
(38.845881,50.480241)
(6.061333,31.521995)
(34.339626,2.892078)
(44.420677,46.366342)
(38.040327,42.004198)
(55.579114,22.667380)
(18.684095,35.906942)
(62.659556,5.191778)
(10.642428,14.232513)
(25.481295,21.785049)
(6.414566,22.915064)
(5.162280,25.116593)
(40.302681,26.775917)
(50.331792,60.190661)
(48.556549,48.910373)
(55.161451,33.762104)
(13.428442,39.181680)
(48.898819,15.488836)
(36.818391,43.175921)
(23.283102,9.943524)
(34.198621,11.918948)
(55.476906,48.499740)
(31.183960,49.126556)
(36.250771,5.255007)
(45.780589,8.371010)
(32.346130,33.645375)
(52.747670,27.789487)
(12.054403,46.462078)
(35.778375,13.307237)
(25.521123,35.611304)
(10.333397,25.797906)
(22.625168,56.276089)
(0.151758,20.415578)
(35.394624,3.861218)
(48.579652,19.242818)
(27.005242,23.911788)
(60.240685,21.050222)
(42.860188,16.844688)
(55.539687,6.685864)
(26.209646,57.707126)
(26.218384,33.271308)
(53.051968,31.626584)
(20.843608,15.955560)
(20.635626,15.498502)
(31.010679,5.204639)
(48.294808,18.180231)
(12.192546,41.058309)
(55.830509,23.291362)
(49.705720,11.728690)
(37.697618,46.482845)
(23.639573,53.659434)
(9.763299,48.150443)
(49.093675,53.325286)
(48.801832,8.906453)
(40.225753,2.150735)
(32.205350,45.194657)
(46.627930,19.213278)
(9.011404,57.324393)
(9.481181,38.648031)
(8.258282,38.876053)
(5.817046,12.529647)
(1.160914,35.387767)
(12.778032,49.633373)
(10.650180,37.569326)
(22.713492,50.662024)
(40.657744,13.710058)
(41.922007,52.108262)
(44.043984,61.898475)
(46.579090,41.639280)
(43.590184,32.709587)
(28.217405,15.565424)
(58.833444,47.458908)
(64.845429,22.297864)
(0.488804,12.872836)
(37.300361,54.615533)
(47.093575,20.787322)
(46.851523,48.590242)
(58.421981,22.062896)
(51.559401,20.063964)
(48.841873,6.317485)
(51.041056,44.902787)
(19.264556,10.195562)
(18.407518,28.217662)
(22.792912,22.144693)
(1.850709,1.238916)
(25.219505,46.812252)
(7.129627,16.853822)
(16.609944,40.365481)
(9.161239,41.918565)
(13.717303,22.942022)
(55.060157,28.813138)
(33.086649,9.784412)
(42.654897,18.225341)
(44.007735,46.611499)
(5.451112,2.773393)
(32.364312,15.864843)
(15.780569,41.994644)
(36.936526,31.273980)
(1.356319,8.750337)
(30.573824,36.708932)
(54.236839,19.192642)
(55.892610,24.748461)
(2.121071,28.622106)
(21.850226,14.951262)
(39.441671,8.518320)
(0.455618,25.089296)
(31.902882,30.788613)
(19.426841,6.445332)
(2.578923,5.246153)
(47.525621,24.404870)
(39.146314,38.983119)
(11.186153,59.120510)
(14.608425,44.520142)
(56.098098,9.490467)
(45.034350,16.375569)
(13.505391,7.201610)
(13.082991,51.272229)
(12.396511,56.591953)
(23.252304,31.843635)
(29.383302,42.687055)
(28.195708,3.025981)
(28.450452,10.054191)
(7.916309,58.077672)
(5.779493,2.907051)
(34.939637,60.210253)
(38.061459,23.258724)
(40.990423,22.062513)
(5.985354,45.398662)
(18.341784,49.199095)
(26.094916,49.020174)
(42.977234,38.515542)
(47.734709,42.567513)
(46.803594,53.478563)
(3.786865,19.289625)
(28.410704,35.882935)
(57.348462,58.251492)
(27.202080,41.553714)
(18.616532,53.382612)
(50.422854,40.255384)
(25.510844,4.293555)
(52.852728,50.369949)
(14.875009,9.384127)
(41.839420,36.470768)
(13.239326,38.824851)
(41.986770,31.928141)
(49.510606,55.160120)
(29.238598,2.983498)
(30.335263,19.620782)
(29.954525,27.694048)
(1.040387,32.923278)
(31.325863,27.773704)
(48.664051,57.632574)
(59.958679,37.475069)
(21.532502,4.911319)
(8.744388,31.540680)
(2.541138,5.572046)
(1.906416,45.103127)
(37.725223,44.422415)
(49.642719,15.086836)
(33.159956,54.567989)
(39.597774,47.774245)
(21.705444,9.398457)
(13.859541,21.333423)
(9.707022,28.378102)
(15.908828,11.317322)
(19.439628,59.008821)
(11.282063,33.766333)
(42.422022,1.826422)
(42.466661,33.244765)
(39.781282,2.034653)
(38.803189,23.786783)
(29.542806,19.569574)
(29.430646,19.202674)
(42.976932,33.910787)
(22.912115,8.812679)
(1.508828,43.975767)
(3.905009,31.082619)
(5.476410,1.858255)
(1.874509,55.499525)
(43.088471,39.059870)
(5.708457,4.044104)
(23.239281,14.296492)
(45.905650,30.990257)
(32.057646,29.824365)
(33.780496,44.443671)
(0.011175,2.643211)
(29.339786,44.435225)
(29.081850,52.263701)
(30.550441,18.096151)
(41.472798,0.889241)
(32.335794,48.607657)
(30.831169,37.801265)
(56.086892,8.068136)
(53.475462,6.741915)
(34.704558,7.166346)
(42.161442,29.021565)
(16.021453,32.733758)
(1.028455,14.023209)
(9.559124,29.280835)
(23.752822,49.221608)
(20.598834,6.873036)
(2.470340,10.025435)
(18.059102,48.595124)
(32.500248,19.918988)
(9.018855,29.371664)
(39.115521,26.326205)
(34.573785,15.845533)
(47.270100,55.558485)
(51.495596,36.973881)
(53.095062,3.970348)
(15.031998,38.991065)
(34.429265,50.384350)
(9.479034,63.446356)
(21.076651,28.391262)
(11.818374,11.770128)
(34.466142,7.535194)
(40.180631,36.469857)
(13.460000,40.773271)
(49.582452,13.992190)
(26.096356,5.302909)
(2.938918,44.389402)
(32.615666,29.659021)
(22.002613,41.010527)
(12.267128,10.564758)
(57.928801,0.502263)
(32.256288,50.070647)
(32.738666,58.655804)
(33.596886,17.789268)
(24.572279,8.249581)
(14.638043,22.705467)
(2.669162,0.433819)
(15.718597,1.606615)
(12.463406,18.364621)
(21.175172,49.665678)
(5.227770,0.722336)
(38.225465,2.796897)
(30.002944,33.352343)
(0.721898,51.728865)
(34.784772,46.250473)
(29.411018,22.716857)
(53.497054,59.866779)
(59.986566,55.626634)
(24.596077,0.357559)
(23.689964,50.846557)
(4.026607,37.686018)
(33.912884,16.765915)
(6.322577,16.999814)
(60.595818,50.854482)
(49.254897,11.202294)
(37.183901,39.289533)
(29.125452,4.325709)
(21.119185,6.439867)
(40.239564,34.871018)
(21.299263,26.886061)
(45.551277,2.872102)
(4.086044,21.114308)
(23.098828,4.719686)
(31.695253,49.331932)
(46.390533,57.964690)
(39.697014,57.411022)
(5.430689,23.960853)
(20.065357,38.967053)
(5.074021,48.627620)
(9.413688,34.125410)
(46.981491,19.103892)
(49.563258,43.619579)
(3.932694,50.777212)
(18.543056,35.546169)
(45.548440,15.195525)
(7.861675,22.825729)
(50.858811,1.465686)
(7.238164,22.020744)
(26.345619,36.479410)
(40.036830,18.218215)
(42.031618,52.021414)
(10.720254,31.942088)
(5.237866,54.194842)
(23.876525,39.567760)
(0.552979,29.534862)
(25.565121,45.963708)
(33.703528,3.925797)
(33.930512,24.495777)
(30.543988,26.337575)
(42.099876,18.229395)
(13.537654,4.656183)
(36.358647,1.244849)
(8.195555,15.700120)
(18.598740,16.730787)
(4.977779,54.243611)
(38.390514,48.592459)
(58.543501,30.357177)
(58.197463,17.073482)
(44.604745,13.492618)
(48.636820,40.681300)
(12.936733,55.507631)
(43.080707,37.418669)
(19.823586,36.433492)
(18.933368,12.732649)
(0.008533,47.607863)
(3.438506,2.170555)
(48.307387,40.854913)
(32.688454,3.735155)
(27.541523,32.489954)
(15.776427,17.583557)
(15.540004,10.551804)
(37.601832,15.952600)
(0.363703,59.248791)
(15.442999,26.640781)
(39.119614,19.659165)
(40.305744,3.226839)
(26.179080,32.558064)
(21.851423,30.107919)
(47.340768,59.766031)
(43.795273,1.353728)
(30.329136,27.776072)
(52.105825,2.511664)
(13.439006,26.565166)
(30.591169,25.543212)
(32.880559,39.418142)
(52.715353,3.868779)
(14.487020,24.965334)
(40.226810,35.990821)
(57.349761,2.726673)
(30.346043,35.925360)
(4.690121,24.099942)
(15.947657,18.013129)
(50.245788,35.232489)
(18.725802,51.311134)
(33.773357,22.340699)
(15.615031,44.279144)
(26.322652,50.333432)
(54.665215,10.381269)
(45.465433,20.665138)
(25.474040,23.081508)
(25.361575,41.904830)
(46.977961,1.214349)
(25.384853,36.394744)
(18.142591,39.827360)
(36.574520,42.876264)
(30.934971,34.038270)
(10.659680,36.974457)
(50.050264,57.515671)
(3.570005,37.129989)
(35.385139,36.071078)
(25.927988,7.495929)
(25.700429,34.995779)
(10.422695,12.930076)
(35.979877,27.018624)
(56.397389,0.421070)
(5.591150,43.438026)
(27.923213,41.825113)
(10.254231,51.184873)
(35.293127,4.518284)
(25.515831,36.422862)
(23.156524,8.506292)
(24.263187,25.828287)
(33.410705,50.339915)
(8.569002,33.862022)
(7.188952,32.457152)
(48.725712,7.280915)
(44.748971,27.341790)
(39.897537,10.367719)
(34.255070,18.205781)
(9.731309,44.285093)
(1.135617,29.483303)
(43.814642,33.007410)
(40.552745,12.902833)
(5.810162,11.775052)
(32.389145,38.776863)
(5.581013,53.690780)
(30.016242,18.606951)
(33.635837,57.688029)
(13.345291,28.909795)
(52.525177,8.472031)
(37.721774,47.902619)
(33.885664,39.951002)
(49.110061,50.596040)
(29.042659,15.648305)
(33.627662,18.876582)
(36.775095,46.775698)
(40.258156,44.390479)
(64.866118,10.777428)
(35.055457,39.669834)
(50.203487,57.384667)
(25.089390,44.431931)
(51.409180,7.427366)
(7.850429,31.082560)
(43.500320,60.435233)
(44.767635,9.595553)
(11.614546,44.254240)
(48.239016,23.018270)
(31.456311,17.310140)
(36.967205,24.037905)
(51.740992,53.201185)
(25.945270,46.025068)
(15.834868,36.081922)
(10.626800,22.281318)
(20.157528,52.395566)
(6.396012,21.325924)
(50.624819,54.259204)
(43.360053,37.227769)
(8.349864,51.015623)
(52.507926,16.009904)
(13.716762,56.760058)
(22.999709,54.160569)
(27.340802,39.409677)
(12.216896,44.664126)
(50.695976,26.225152)
(27.681201,20.366304)
(19.512001,34.893231)
(56.974488,31.382353)
(47.035815,4.293274)
(10.955985,51.036244)
(62.696044,49.373174)
(0.885073,13.722774)
(36.585037,18.303603)
(12.225269,35.909194)
(12.948272,3.713440)
(35.750401,1.093827)
(38.588818,2.586722)
(39.419769,37.234353)
(16.169386,22.729585)
(11.766950,13.417979)
(6.700078,0.251064)
(27.092380,9.981525)
(47.857423,22.525457)
(50.990211,11.214148)
(4.838555,9.562098)
(22.848105,7.987387)
(9.215592,14.565615)
(20.067013,0.357931)
(25.365264,35.182482)
(6.218012,11.784152)
(5.730473,29.184378)
(53.105000,45.981822)
(7.241731,30.691866)
(10.520440,16.555520)
(44.120567,49.690565)
(41.347996,15.208748)
(14.118415,7.383859)
(46.019207,10.496749)
(44.823660,23.948577)
(37.865515,26.687663)
(0.037580,10.984810)
(36.517110,19.211611)
(33.231060,41.700890)
(7.727889,28.404179)
(19.224563,29.760063)
(0.747233,18.001786)
(45.589175,6.922469)
(62.951150,33.101222)
(16.263328,27.465837)
(49.403748,53.777568)
(7.666768,12.729593)
(19.120365,18.628862)
(55.952594,44.769889)
(4.022519,52.716431)
(27.800412,34.173123)
(16.631585,3.610636)
(31.357689,14.631852)
(57.940661,3.306059)
(22.173023,20.407010)
(48.011195,15.490791)
(3.968387,44.116690)
(45.614567,41.419068)
(54.678925,32.720315)
(23.195802,55.346517)
(15.117758,44.113085)
(19.809627,38.764903)
(21.920928,55.950691)
(15.500507,25.772374)
(9.707847,15.056793)
(34.493596,13.299632)
(20.048150,13.985437)
(44.802768,44.152315)
(27.682194,3.555216)
(20.016840,7.685374)
(4.730454,53.630075)
(43.942728,0.636795)
(39.320744,39.974486)
(16.951746,1.920085)
(28.147837,13.132808)
(31.494603,23.127390)
(43.024758,23.413286)
(11.140650,55.393379)
(40.296181,9.744457)
(37.002346,20.876249)
(41.362303,43.228853)
(37.681757,44.007254)
(29.233600,59.492494)
(42.930143,10.653737)
(7.952864,6.323258)
(23.479304,58.115428)
(41.558952,2.232015)
(0.707820,4.641865)
(46.542579,55.795400)
(6.569273,25.482671)
(8.075865,6.363799)
(38.878861,8.203316)
(11.938014,5.069019)
(33.186378,0.989225)
(1.464586,50.224265)
(13.354397,24.092200)
(46.518478,26.041895)
(38.634200,50.008550)
(15.326149,18.605964)
(56.844855,31.141865)
(13.104607,24.652721)
(53.375433,10.341138)
(38.977353,37.994357)
(18.192114,8.714474)
(1.733384,19.948340)
(51.922744,45.614813)
(32.972304,18.757897)
(10.597213,32.937185)
(24.085911,44.190140)
(24.918017,43.006770)
(16.683136,24.065402)
(31.837540,5.113096)
(32.911920,61.909322)
(4.550921,54.153255)
(46.713502,7.791888)
(34.410937,43.580002)
(17.866896,15.510178)
(37.760281,7.833540)
(5.965753,36.186897)
(9.357949,38.601280)
(7.021526,21.093517)
(43.878340,29.551396)
(41.249948,29.591722)
(32.303573,36.067795)
(0.448015,26.815667)
(34.667235,46.884916)
(28.630144,34.914109)
(52.853576,7.334222)
(13.721032,50.344014)
(16.948084,28.323411)
(33.231554,52.474067)
(26.451159,11.293861)
(34.689960,9.603443)
(13.805517,22.112445)
(25.981871,35.092420)
(11.747061,19.232444)
(45.591567,49.006687)
(12.606311,62.753290)
(14.398030,28.521176)
(28.655731,39.608355)
(18.428371,7.239845)
(50.001726,32.922710)
(48.921417,21.498840)
(37.860866,32.651487)
(18.024332,11.771016)
(61.426120,21.253289)
(50.380525,0.956011)
(17.175040,14.655816)
(5.923009,50.031169)
(11.569690,15.908375)
(47.694234,7.303742)
(23.484847,44.422859)
(31.839398,49.438159)
(40.685547,11.213276)
(5.611402,41.351999)
(23.586328,20.716185)
(14.909436,54.581119)
(30.888074,18.249463)
(15.287709,8.021786)
(53.632410,4.326026)
(37.746020,54.447878)
(43.609074,14.346088)
(49.974849,14.004124)
(46.666010,48.939955)
(16.439319,44.240736)
(41.008772,32.248420)
(9.349762,6.235391)
(21.130915,3.887005)
(27.713774,19.504435)
(51.444670,38.076711)
(19.033255,46.967691)
(18.609750,0.089044)
(48.113467,49.286280)
(6.692144,55.279993)
(24.873675,47.077128)
(32.587147,17.706387)
(15.640728,14.107681)
(29.925794,22.683602)
(38.279244,3.193082)
(16.493175,38.718071)
(27.220549,17.121380)
(11.121692,35.706657)
(35.245877,47.212416)
(44.519073,54.301018)
(26.134167,39.248055)
(37.310996,9.600492)
(5.391049,25.674694)
(5.240739,30.968254)
(12.988033,40.620018)
(53.525136,22.462340)
(33.527238,49.371210)
(43.099859,39.729672)
(30.910900,2.210811)
(24.105503,5.416218)
(52.593789,56.349677)
(39.262130,22.973326)
(8.600887,34.877779)
(48.916899,24.305698)
(34.356724,49.659035)
(4.694632,39.083352)
(6.966725,37.811702)
(16.279989,14.650116)
(47.119585,50.801969)
(3.622537,17.713831)
(0.656237,44.419108)
(31.316740,26.686313)
(33.051524,22.760628)
(15.183036,44.854193)
(48.327610,9.890635)
(46.847570,49.774851)
(18.842347,48.027428)
(52.659427,27.679827)
(7.532738,24.458286)
(47.032297,40.447424)
(27.907292,30.045069)
(5.195120,49.292563)
(6.255400,46.527074)
(42.293880,37.011884)
(7.209101,47.741622)
(39.577067,27.147269)
(21.540572,1.714976)
(1.301382,47.846222)
(8.443408,24.702535)
(7.798518,48.372054)
(14.978568,6.117751)
(1.427764,46.538446)
(16.305955,1.717718)
(14.546144,52.492553)
(17.785650,32.388061)
(23.104241,40.804011)
(6.551693,3.943039)
(7.389098,50.388185)
(52.163224,10.137336)
(42.604012,3.824773)
(45.075515,59.710181)
(42.063979,28.387241)
(20.183659,28.286031)
(45.847761,58.778986)
(32.680369,25.124708)
(21.643722,47.326279)
(12.658368,28.860243)
(11.490383,48.054666)
(18.983528,49.225980)
(1.727014,13.223594)
(30.512284,32.870982)
(1.238681,31.809151)
(35.196816,32.254351)
(4.835764,43.849727)
(39.110177,26.332764)
(15.121297,23.173277)
(53.555562,47.954724)
(11.006937,41.557514)
(0.462463,41.279251)
(41.196378,40.223157)
(14.560247,32.333379)
(4.181695,45.137772)
(40.360044,31.492299)
(20.817969,50.362301)
(9.293049,64.845911)
(23.322722,9.972566)
(22.973191,41.203389)
(48.006594,3.775718)
(12.665049,25.234895)
(30.394809,46.408983)
(39.294354,25.414580)
(28.482237,38.024049)
(0.851456,19.966474)
(38.678136,13.715747)
(10.236289,15.597472)
(45.740846,34.862950)
(50.984240,7.132688)
(16.240344,35.701541)
(24.654669,46.967631)
(11.429248,55.923340)
(48.877304,0.217661)
(19.987833,3.474332)
(39.645037,22.169633)
(25.489175,47.024758)
(46.834685,37.164583)
(23.917829,40.161406)
(14.413381,57.782358)
(2.866164,59.451809)
(52.417454,34.026649)
(47.179683,48.515082)
(42.758372,14.562564)
(52.203099,20.716199)
(43.996858,38.761743)
(26.964680,44.088161)
(31.108269,34.466440)
(31.451015,1.249587)
(60.436215,18.746449)
(40.831310,46.033889)
(3.639871,14.811920)
(18.286004,6.511947)
(3.505437,0.033890)
(30.009540,15.507274)
(34.645485,0.299206)
(0.724079,27.703077)
(27.946452,48.082786)
(37.763223,45.167867)
(42.770601,4.109712)
(57.675940,29.078829)
(15.252086,2.639001)
(53.731254,31.588313)
(1.452250,16.170743)
(40.017794,21.836665)
(13.653518,19.607024)
(19.859151,25.649683)
(2.280570,3.238514)
(35.048021,16.961838)
(44.962412,20.093174)
(24.572490,51.042381)
(49.815511,21.321722)
(38.607617,4.156438)
(30.771618,23.483771)
(16.278270,28.607155)
(61.828840,37.849367)
(51.712157,17.339013)
(14.090594,35.168036)
(22.598765,26.776809)
(50.490234,15.704617)
(38.522131,15.744312)
(57.553828,25.948770)
(51.859530,16.075883)
(25.144490,30.894796)
(54.070156,21.855492)
(39.753407,32.779930)
(12.416935,24.045693)
(15.129147,29.012409)
(5.677061,14.015896)
(54.092104,2.550913)
(22.518045,6.193157)
(22.249333,20.749021)
(4.330153,14.071068)
(8.900968,0.665464)
(35.593209,11.550340)
(1.158908,9.710787)
(32.028948,33.023717)
(46.708794,53.570740)
(4.472597,20.156834)
(59.884456,5.438680)
(47.554220,24.788762)
(13.595273,5.183908)
(41.827807,13.290276)
(18.468892,58.434642)
(29.431558,19.525090)
(11.619122,44.134738)
(52.437197,34.291630)
(17.662307,48.938073)
(58.104227,52.879114)
(41.093624,16.547756)
(3.292497,57.180961)
(44.184571,21.850877)
(9.821737,40.929138)
(10.198761,30.331516)
(40.111136,5.216948)
(27.718342,44.815814)
(23.237234,21.495773)
(55.706027,3.473436)
(31.634375,0.869145)
(31.462472,42.498602)
(7.118365,34.715956)
(12.193583,49.935455)
(34.032336,38.109037)
(35.915411,35.721489)
(9.756012,20.135519)
(16.409969,0.687772)
(43.186507,36.123444)
(29.754946,54.141806)
(47.671754,47.954043)
(29.486138,23.980611)
(32.083174,54.564565)
(13.185559,21.549798)
(5.595247,10.375480)
(37.371498,12.345554)
(10.084990,4.852652)
(23.295713,12.236913)
(6.274635,52.899089)
(26.556053,51.232934)
(25.151351,18.744828)
(57.248788,17.742345)
(3.052790,21.466400)
(38.145043,10.778424)
(48.040697,4.479153)
(28.673167,33.115120)
(32.178572,12.910612)
(12.725270,24.036310)
(28.376967,29.840366)
(13.451774,51.441863)
(29.689008,29.980387)
(41.330129,15.079316)
(58.979262,26.692845)
(52.947236,20.796588)
(54.864405,15.532751)
(4.982883,3.861218)
(31.815220,58.795762)
(52.709865,21.373744)
(53.134265,39.884961)
(36.206871,14.866121)
(5.459774,54.110770)
(44.326375,37.000400)
(48.962517,39.678743)
(2.222751,20.441937)
(32.314203,48.969319)
(61.852084,21.437666)
(35.733546,40.031448)
(50.635206,25.625423)
(4.220309,23.495086)
(59.022877,16.713545)
(41.156744,22.451804)
(33.122011,43.705452)
(4.676725,27.546570)
(53.556756,54.545246)
(38.559499,29.130167)
(37.387292,27.536606)
(9.284765,28.044890)
(49.163512,17.385833)
(35.401134,34.719476)
(27.740817,12.540310)
(37.551655,59.016374)
(6.546920,37.517965)
(45.715549,17.707633)
(12.842926,2.707675)
(33.643314,10.526936)
(52.124555,5.503132)
(28.098325,7.705015)
(14.265455,41.684468)
(24.008040,23.804511)
(19.081260,37.622051)
(32.298701,10.794062)
(58.392579,16.989612)
(53.838598,18.276778)
(59.263349,23.266345)
(47.697487,8.329387)
(28.827934,7.872027)
(11.922807,13.557432)
(34.870254,43.725425)
(56.219901,39.728112)
(26.846045,55.419696)
(20.543870,26.278624)
(19.396358,42.366713)
(38.749490,4.742825)
(1.306845,32.312403)
(43.367248,39.317505)
(27.450415,38.191858)
(6.097682,49.942518)
(25.944539,9.048769)
(32.763287,40.345557)
(45.364721,37.679571)
(16.733431,25.835621)
(3.249520,34.740614)
(39.274353,17.563788)
(30.126194,11.408719)
(20.099124,45.939744)
(2.995353,9.566433)
(22.370604,40.432106)
(5.274433,39.756666)
(38.996571,3.170821)
(28.228119,2.914674)
(13.915239,48.807679)
(41.910592,14.250987)
(31.726170,17.213700)
(18.940649,44.132371)
(8.534519,42.196888)
(54.006762,31.434520)
(43.584271,44.820887)
(23.051366,16.839236)
(57.005093,16.209883)
(38.580674,52.469996)
(35.813590,24.342525)
(8.537533,18.610321)
(43.533940,13.332770)
(17.856173,52.842851)
(15.684920,38.022952)
(51.319994,34.773006)
(29.179235,5.979326)
(19.503076,4.337318)
(38.642147,25.243071)
(17.554806,45.090686)
(43.401602,47.108140)
(32.619133,33.519958)
(36.087367,58.059530)
(46.206890,9.829059)
(37.352824,32.997536)
(38.525888,8.153890)
(21.191006,38.136769)
(21.679198,20.193656)
(13.447548,45.630789)
(29.753119,6.619488)
(17.376374,62.857269)
(14.526352,6.561113)
(5.827495,11.707131)
(29.532351,31.467857)
(33.341352,11.950703)
(47.509168,32.237468)
(31.430077,2.963930)
(11.116533,0.593929)
(22.250403,55.317866)
(8.367304,36.055004)
(26.266251,56.394958)
(2.241783,7.924010)
(7.832050,25.417746)
(39.415811,52.207192)
(60.728285,8.079857)
(50.592920,28.335995)
(28.731879,39.445354)
(31.386375,16.732888)
(17.848402,26.840807)
(59.587835,4.388681)
(2.274902,25.419280)
(14.531410,3.534857)
(39.297750,53.547706)
(41.481424,1.086029)
(48.716399,15.435917)
(10.465660,19.400233)
(38.958321,33.532723)
(21.509374,15.384780)
(37.217052,40.326400)
(21.370186,29.349698)
(50.512816,44.223878)
(32.207078,5.383834)
(4.012392,51.976242)
(15.382054,17.792790)
(14.863719,12.605877)
(3.102840,41.760420)
(18.821970,40.230048)
(41.069145,57.056803)
(16.101371,25.355537)
(35.654767,40.090828)
(25.688210,38.393540)
(31.328938,24.540626)
(26.355213,19.003100)
(59.901010,37.717997)
(32.207355,52.851858)
(45.177735,54.136126)
(29.410259,2.332330)
(37.978610,37.644433)
(27.926115,51.451631)
(2.511550,61.127190)
(2.515609,15.386527)
(20.468380,31.271601)
(31.461145,7.823323)
(50.693520,47.458379)
(0.500918,25.286196)
(32.659474,18.543584)
(34.285600,28.783268)
(23.786509,22.686605)
(0.911390,11.551035)
(25.273926,5.116056)
(54.511803,31.140836)
(40.673385,7.411631)
(2.721276,14.179282)
(20.882513,40.331485)
(47.069031,8.667684)
(8.879306,0.246371)
(30.613431,11.288920)
(55.180005,14.246454)
(10.771017,33.117663)
(5.283353,6.979421)
(12.850290,16.849465)
(11.566762,1.605125)
(27.580020,20.784820)
(25.746771,15.957188)
(13.595577,1.090871)
(55.308763,48.826776)
(44.078689,21.695722)
(38.025546,50.145134)
(51.469769,25.441817)
(36.207482,18.642854)
(14.195397,2.502633)
(50.380246,30.051517)
(45.013566,28.477136)
(47.790237,45.611108)
(42.095147,1.972482)
(33.407958,6.806485)
(53.764733,53.478463)
(10.145461,1.872299)
(17.519675,36.122242)
(34.999623,36.614768)
(25.699370,60.240581)
(10.639880,10.095300)
(23.161951,48.650211)
(20.634763,5.694948)
(8.511250,41.056015)
(46.948239,34.773091)
(53.413603,36.842141)
(18.064697,47.038371)
(23.070112,16.992972)
(56.454864,55.195017)
(8.594345,38.407556)
(21.471815,52.357223)
(55.504812,20.319861)
(2.823778,32.624036)
(26.745751,36.669683)
(9.427869,14.592302)
(7.012513,57.508819)
(27.805615,36.917321)
(32.643101,44.509445)
(43.828452,1.584964)
(26.470733,8.546314)
(58.100249,45.358352)
(41.795191,2.657644)
(45.475376,19.925244)
(25.788627,45.482366)
(14.117119,9.223008)
(18.958650,2.142674)
(56.972155,25.259072)
(33.675229,54.438814)
(48.533892,9.698696)
(62.319243,48.318662)
(15.360026,43.931929)
(41.591981,18.262958)
(50.082269,50.022769)
(57.179068,3.101292)
(46.613740,2.721363)
(18.415753,51.856612)
(45.629121,8.788575)
(57.701138,44.695206)
(22.334210,10.013268)
(40.229012,51.136983)
(16.800608,18.127358)
(42.096917,23.125530)
(1.253061,47.494316)
(18.176013,45.950570)
(24.140626,14.938005)
(15.981551,14.795095)
(1.741438,24.458329)
(51.383479,23.168380)
(50.151897,16.629631)
(29.664395,25.684441)
(15.876228,31.904219)
(15.585143,35.334826)
(30.765787,44.260513)
(49.033642,34.422135)
(13.654005,26.680186)
(0.876458,32.700046)
(14.114385,16.706380)
(47.234054,48.148607)
(13.817948,7.133013)
(13.220710,49.091322)
(6.358636,35.712701)
(29.544810,6.773942)
(42.380413,0.217045)
(56.157392,40.858000)
(34.211070,40.950190)
(4.015866,55.827997)
(14.893534,36.625117)
(6.688697,3.933785)
(10.782302,8.062495)
(23.313022,56.236287)
(36.821295,50.353157)
(27.881879,41.027315)
(52.172136,36.537298)
(3.518195,8.159169)
(28.145752,13.155533)
(14.571381,26.954588)
(47.444137,13.883618)
(19.143395,27.883472)
(34.138995,43.314458)
(51.624989,8.470725)
(9.934262,21.617359)
(10.205372,18.481163)
(50.094145,3.631423)
(13.594942,2.699073)
(24.826635,55.069839)
(13.525267,1.494698)
(1.139779,36.196159)
(26.997318,52.743176)
(42.757814,33.696472)
(18.305734,42.491192)
(29.622928,17.236259)
(13.040687,51.419513)
(33.965487,17.092073)
(11.278898,22.556981)
(12.149823,41.848585)
(30.898140,29.328718)
(8.412829,48.484781)
(5.261635,34.048918)
(10.234907,24.138828)
(19.845798,5.832721)
(41.383092,47.763379)
(45.182646,15.327978)
(45.456978,0.385357)
(57.598033,8.178208)
(13.892607,0.049132)
(40.013210,24.606346)
(29.974402,14.741925)
(0.402748,8.259852)
(58.696108,4.500102)
(45.400946,5.049498)
(53.599985,51.259212)
(56.289562,12.591638)
(55.577637,4.651242)
(27.607200,33.820575)
(42.441626,24.609522)
(23.647229,33.195512)
(8.276760,15.817422)
(45.899542,2.374701)
(19.252777,3.439063)
(36.318126,12.235252)
(20.686811,15.555846)
(17.523690,0.722595)
(19.487450,31.224188)
(12.735803,24.492955)
(4.500135,26.029737)
(15.468780,51.720511)
(25.203859,43.804060)
(7.735045,51.818264)
(51.903166,27.191304)
(23.028211,44.581434)
(38.966742,10.571718)
(6.290853,27.681805)
(53.575571,4.166400)
(3.597594,25.362332)
(51.326976,10.162930)
(8.685787,5.826387)
(51.511624,34.810155)
(54.386967,52.160336)
(33.827038,29.988356)
(33.503941,24.693069)
(16.167279,26.791599)
(35.550930,39.368885)
(46.171300,30.939469)
(49.247074,8.569707)
(11.421385,53.960823)
(28.994367,10.403070)
(55.221501,6.662462)
(25.967502,22.141943)
(38.831050,7.536880)
(2.638444,2.842345)
(2.617366,30.947608)
(30.067641,47.591839)
(55.338051,0.051703)
(40.227098,15.880951)
(38.970876,40.020961)
(38.274833,31.984311)
(27.975518,41.809664)
(22.873613,30.306104)
(56.091811,24.453956)
(30.989074,38.626370)
(27.006237,39.066262)
(55.072049,26.437744)
(28.596275,22.169131)
(4.985775,42.637331)
(11.087444,13.707611)
(45.789485,0.908131)
(17.941135,35.489929)
(0.380334,28.827286)
(45.209939,5.938552)
(26.058652,52.320111)
(39.468545,37.040268)
(22.915895,29.843863)
(52.520529,37.542221)
(13.670714,42.937704)
(22.621198,11.737943)
(23.442706,42.042514)
(47.483215,37.248031)
(7.070632,10.959103)
(30.394551,8.622496)
(4.958367,44.593462)
(14.019359,35.818134)
(34.966485,0.159181)
(15.108059,35.007735)
(6.735080,22.478318)
(16.703202,14.711032)
(17.621340,55.796016)
(22.778289,40.141603)
(24.229328,32.804587)
(48.701672,46.519900)
(11.656921,6.921649)
(47.337326,55.042337)
(40.265127,50.561012)
(50.863005,22.536109)
(24.395993,25.413372)
(25.774317,36.257613)
(9.176578,32.884591)
(9.331372,23.745957)
(10.338223,30.885210)
(37.633779,12.775733)
(41.430845,15.921727)
(37.668632,51.032949)
(27.476202,25.550933)
(34.654291,42.145162)
(44.069331,30.819028)
(30.050665,42.249268)
(38.331670,42.097280)
(17.140722,2.680302)
(23.565360,19.535122)
(11.935853,41.526031)
(50.269419,14.716150)
(18.630587,55.462178)
(45.347293,64.027778)
(38.211657,19.173830)
(9.810685,25.070093)
(36.360793,13.586998)
(14.943606,40.255144)
(21.408787,10.875506)
(14.355152,15.981737)
(38.533342,28.046973)
(24.038293,60.949910)
(38.385912,45.976156)
(34.620966,7.553566)
(12.597764,20.429833)
(12.038407,22.273192)
(49.075547,43.342469)
(36.608273,23.224980)
(10.033865,20.834288)
(41.464577,35.693472)
(2.270073,53.973823)
(15.337908,31.079944)
(44.114031,28.938639)
(14.942708,41.794555)
(55.534607,6.441388)
(0.936856,54.691614)
(11.362601,51.389433)
(31.365239,52.413163)
(41.476177,37.624925)
(6.090192,24.488215)
(13.968039,24.026402)
(54.528946,26.709522)
(8.198933,7.953635)
(2.884796,26.313549)
(45.557995,23.214064)
(46.314492,17.576864)
(48.680331,23.860662)
(61.830863,22.347986)
(15.187103,8.105087)
(53.648479,40.240627)
(45.508054,28.612535)
(27.992659,9.704068)
(24.738022,59.637919)
(28.474588,20.766960)
(44.193377,22.353914)
(47.191461,50.644867)
(35.882489,55.012811)
(24.764021,45.672768)
(3.521733,15.370275)
(60.868673,1.356704)
(4.371219,15.763392)
(15.355721,22.349283)
(59.642440,0.443376)
(47.003366,6.848874)
(16.346588,36.916722)
(42.516294,15.300917)
(26.033763,27.144588)
(23.229703,48.795940)
(34.045686,27.008197)
(57.436877,39.752553)
(36.858210,3.766362)
(46.383064,61.114977)
(51.363292,10.158579)
(14.616970,9.075704)
(21.768983,43.502296)
(0.247246,29.299231)
(45.494584,53.483166)
(22.920064,41.015137)
(45.703416,28.450601)
(25.930844,39.070392)
(42.468179,33.823626)
(49.009509,11.468657)
(37.461245,36.136375)
(0.284178,6.179747)
(5.560688,26.517646)
(50.122308,3.869782)
(22.355857,3.259698)
(60.585514,56.152669)
(20.506889,5.976770)
(12.150524,43.667612)
(5.779032,0.284573)
(29.773381,0.037809)
(23.324019,44.237473)
(0.137120,43.467574)
(8.267489,58.961335)
(19.039421,52.321881)
(9.201578,8.652765)
(5.202897,8.754673)
(10.537383,11.563194)
(32.676718,60.749716)
(1.595701,13.169860)
(10.336522,38.859976)
(53.439470,21.795651)
(16.591054,57.878080)
(35.249285,19.556008)
(5.597337,49.086362)
(12.882387,11.326759)
(44.339816,4.554494)
(1.120142,17.345680)
(43.005187,49.366971)
(54.014464,44.335208)
(57.850045,15.637288)
(17.897603,31.032381)
(20.938304,37.431256)
(52.967937,50.442441)
(1.474562,20.794374)
(37.954033,0.773837)
(30.902316,9.022534)
(31.177884,50.367686)
(29.034651,46.553990)
(36.234596,48.702630)
(36.641634,48.047333)
(5.369724,27.283642)
(33.332631,56.686536)
(15.491919,26.031145)
(16.493283,62.432988)
(27.415290,5.137153)
(11.800665,38.321779)
(30.971956,27.605807)
(26.163423,4.480448)
(42.363388,34.519973)
(11.934785,25.477149)
(28.668039,4.094535)
(54.739069,10.694981)
(50.512920,3.733486)
(13.609836,9.696595)
(23.751770,30.418817)
(0.640740,13.163992)
(6.186552,36.550078)
(56.372107,47.663680)
(10.468145,61.260341)
(45.341681,43.817272)
(49.284756,10.738212)
(42.701438,10.059156)
(11.044609,16.240245)
(50.118011,0.467691)
(22.702474,30.315937)
(42.115613,45.198060)
(54.592523,34.788931)
(11.299350,21.394524)
(33.145714,7.630666)
(15.016426,47.831319)
(11.192376,31.832961)
(6.942479,12.740347)
(1.100312,19.589224)
(42.750747,11.462961)
(36.501772,33.166400)
(44.781698,58.129154)
(55.786740,46.100977)
(37.481174,23.534189)
(38.334564,28.586586)
(43.653001,47.142478)
(6.645399,6.880518)
(15.622272,20.168441)
(30.676078,3.044988)
(12.138458,47.906308)
(33.692240,47.916587)
(19.258853,40.713725)
(60.925163,23.983228)
(17.289901,34.211345)
(47.730289,14.376840)
(24.318226,29.772010)
(52.350724,42.094912)
(23.805484,42.958516)
(15.336716,40.687868)
(52.837907,39.966161)
(29.084544,1.327741)
(29.325524,50.058392)
(56.606102,30.615739)
(13.779274,11.663973)
(2.982671,47.905016)
(3.319906,16.433114)
(3.396594,26.761973)
(48.826690,26.561847)
(24.384898,33.978176)
(2.011062,9.039452)
(38.254765,1.531391)
(52.198884,28.809340)
(14.091192,36.100657)
(46.916208,21.343663)
(11.924767,39.098068)
(3.690172,22.892037)
(26.826656,42.600823)
(54.850041,2.671781)
(2.498432,26.620771)
(23.004948,2.161807)
(21.699559,33.095991)
(11.323808,33.586214)
(38.091995,6.779683)
(44.320780,12.564122)
(46.972570,11.873532)
(0.807059,22.259814)
(13.801034,3.747636)
(33.770140,39.405398)
(15.570212,46.550148)
(13.009038,11.518380)
(9.530768,27.128131)
(39.633957,50.965412)
(31.056784,21.885163)
(9.278320,51.181432)
(45.815510,33.450760)
(50.218459,42.681793)
(48.512844,53.320048)
(40.045803,14.868579)
(25.008981,27.038421)
(14.902861,6.225631)
(33.575800,21.760527)
(14.281535,44.573013)
(30.743708,57.197900)
(12.196375,0.869989)
(41.918142,13.773446)
(47.778479,46.189350)
(4.102203,5.180940)
(32.681375,35.119783)
(7.248229,1.934063)
(8.202324,48.894769)
(28.683999,17.576265)
(47.471626,4.631037)
(33.808121,0.807502)
(19.828502,22.905820)
(31.753229,56.974668)
(43.466137,15.661444)
(16.446021,31.419846)
(49.887436,27.507584)
(47.644258,15.940644)
(32.110854,41.994561)
(41.324958,3.499669)
(49.802477,21.458887)
(10.141893,33.968884)
(53.330672,6.104319)
(26.041719,39.944434)
(34.810433,28.944524)
(53.114313,40.630007)
(8.496490,40.293320)
(27.569812,52.194688)
(1.924837,21.837733)
(39.384982,47.533628)
(46.457242,13.507139)
(38.735868,52.884354)
(41.685232,2.363970)
(50.584565,33.284442)
(19.446798,15.853660)
(25.576958,33.720662)
(42.062822,0.304814)
(8.289946,31.288194)
(20.225857,9.356529)
(32.048069,28.387512)
(23.583329,26.986453)
(12.844963,42.341178)
(8.689846,12.992590)
(31.426497,21.227943)
(40.189325,30.741004)
(14.732446,9.337421)
(36.928989,0.686419)
(7.011209,19.167549)
(36.450029,22.684470)
(54.089111,24.746165)
(26.559085,12.625483)
(42.414790,43.043613)
(43.819695,23.139151)
(8.337851,8.252827)
(42.092159,33.564518)
(16.401769,43.968815)
(51.338337,33.794482)
(24.055364,12.358176)
(16.743044,31.510897)
(12.140980,44.232205)
(37.869953,25.841518)
(38.140964,24.190608)
(38.864011,58.733913)
(6.759917,49.580848)
(42.680137,51.944170)
(45.350434,54.943744)
(56.047048,30.581989)
(44.442467,53.957379)
(34.504039,36.776269)
(44.898838,25.489730)
(18.304142,20.849477)
(34.959796,7.601622)
(30.574065,6.003831)
(16.331327,42.023748)
(56.964689,26.903950)
(8.825535,28.950526)
(0.151700,44.028634)
(13.434773,40.245083)
(50.468654,59.418016)
(48.494307,33.152152)
(11.462090,34.789539)
(42.274111,54.284147)
(5.749265,33.477051)
(44.567798,29.315778)
(7.287213,50.123909)
(24.975514,27.055869)
(55.940174,51.981487)
(6.472109,12.628233)
(32.245658,13.175410)
(3.556024,10.193708)
(51.344811,50.883262)
(32.985790,53.312614)
(27.394601,6.750066)
(30.118194,25.473699)
(27.352845,16.478462)
(26.732295,24.583672)
(59.357801,4.232743)
(18.376578,20.260551)
(16.136803,5.743627)
(46.141524,45.059697)
(14.158352,13.609594)
(42.479643,42.549130)
(41.525787,31.080657)
(21.704116,3.481143)
(37.781487,2.208461)
(31.610892,45.934190)
(45.960245,53.724468)
(0.597849,43.091104)
(37.193516,40.426159)
(53.428729,49.708731)
(22.330254,37.170391)
(52.697216,12.997454)
(55.008136,26.391248)
(0.014649,52.778398)
(9.575942,6.827623)
(8.817907,36.486838)
(14.356997,54.189474)
(42.022696,44.383121)
(19.659157,12.047004)
(3.159849,0.605654)
(44.140329,16.650137)
(13.622325,20.707833)
(12.144780,50.552904)
(38.622712,27.843036)
(48.175318,37.781915)
(15.039054,28.815452)
(53.529518,52.378124)
(33.115951,50.147441)
(1.260546,15.183062)
(46.900998,45.730157)
(41.017752,5.756666)
(28.911345,36.033443)
(39.231106,40.274782)
(45.408439,40.420127)
(7.808083,4.823093)
(35.914554,32.091376)
(36.317013,50.214296)
(7.324943,14.190112)
(15.710181,51.022622)
(49.720366,38.179603)
(46.014596,29.285317)
(3.991778,4.831820)
(0.423261,24.939845)
(19.736979,56.596988)
(14.506065,5.082152)
(18.920686,16.640260)
(5.753811,13.207077)
(26.066362,47.111691)
(8.020702,5.891133)
(17.360228,11.880260)
(47.496761,25.482186)
(46.192923,50.303969)
(20.940296,16.576458)
(47.627385,13.320812)
(4.979464,7.913941)
(7.769692,25.011146)
(29.463699,16.553380)
(28.962327,22.332820)
(51.693989,20.226749)
(21.785854,9.206080)
(54.248847,46.298587)
(46.621515,28.233965)
(51.525343,42.601116)
(45.325895,23.775641)
(1.349325,46.558688)
(27.296778,15.146164)
(44.152104,21.703499)
(23.932498,2.911358)
(28.692941,15.143537)
(46.671778,43.609987)
(23.938195,6.735890)
(52.540963,38.040956)
(43.704040,48.129147)
(26.829230,20.444743)
(60.698194,31.018756)
(53.874525,5.583282)
(57.764943,33.823302)
(18.591107,36.447647)
(11.802665,52.569858)
(48.418712,6.103903)
(37.975344,22.561053)
(30.191388,9.154238)
(55.794318,2.048063)
(53.270736,3.891568)
(54.763145,15.272051)
(15.490152,46.505167)
(0.711810,18.672406)
(26.985769,33.801530)
(58.492251,39.450007)
(35.704693,15.259160)
(29.148929,13.418572)
(16.062952,14.396310)
(49.944996,30.562434)
(23.972282,53.194049)
(7.066894,6.305850)
(2.927915,40.794066)
(11.600169,1.481410)
(50.266411,0.033576)
(3.656084,8.974468)
(16.644465,60.898952)
(17.175808,57.857350)
(59.232983,5.116698)
(36.432562,6.455741)
(47.288291,1.245874)
(49.335350,62.186045)
(8.619244,35.430840)
(19.271327,42.898751)
(48.337611,23.653869)
(8.441015,4.452349)
(51.512041,28.934661)
(27.388327,38.006913)
(52.697061,15.966034)
(45.647707,29.959290)
(12.585071,6.884542)
(21.441200,46.657117)
(35.457575,26.092041)
(29.380990,59.877994)
(25.533155,48.316068)
(39.136671,31.651159)
(31.333339,16.479795)
(37.326424,45.202548)
(19.267008,24.415301)
(4.928534,41.171671)
(26.491684,22.271371)
(27.973354,15.529223)
(38.146455,15.759125)
(28.720510,16.068704)
(48.919304,32.981394)
(12.816617,16.334914)
(47.657027,39.741572)
(2.025293,43.074951)
(6.082041,51.501677)
(54.681301,61.828626)
(14.487675,11.177633)
(47.937307,53.689314)
(51.536993,32.921361)
(53.666836,0.472380)
(9.540018,35.549913)
(48.571205,1.573284)
(41.599977,49.645505)
(42.752500,11.455938)
(12.928555,12.099448)
(49.315641,24.772744)
(10.801193,19.069606)
(58.381097,31.911963)
(56.830190,17.500250)
(46.632599,15.891440)
(11.345356,39.288828)
(48.574030,48.833706)
(40.917601,43.149344)
(47.795626,54.473244)
(42.519672,35.257691)
(4.311574,45.109748)
(23.654004,40.368579)
(50.510860,46.366944)
(50.946436,45.988813)
(22.821826,33.160917)
(18.969812,9.090132)
(51.212618,9.440341)
(32.443652,15.510873)
(33.926556,12.497958)
(20.444286,10.701546)
(2.468835,8.991416)
(34.449675,21.528423)
(9.126197,17.248537)
(55.137126,12.365909)
(8.335847,33.627642)
(10.864597,1.222906)
(34.236711,0.721139)
(40.839931,37.626710)
(57.239794,42.028721)
(55.280507,37.949764)
(36.838020,1.096357)
(59.366585,11.208515)
(4.196189,24.325939)
(50.175609,0.967395)
(42.378938,4.179699)
(14.787106,16.323500)
(21.023269,36.228680)
(17.047038,43.070522)
(44.242635,40.648372)
(6.329243,39.694137)
(22.109014,44.592458)
(21.753910,39.391599)
(52.620279,60.745016)
(55.404384,58.859758)
(37.894873,28.265384)
(59.221570,17.744491)
(36.747896,11.703744)
(49.000122,9.230960)
(49.818701,43.291640)
(20.451760,4.973316)
(6.630743,35.726348)
(15.332667,16.949002)
(53.227427,48.707268)
(30.120339,19.159478)
(17.681846,9.969184)
(8.972052,27.846019)
(18.756569,34.595479)
(51.905628,41.737910)
(37.312118,21.076639)
(33.012005,2.829327)
(34.154085,35.090161)
(31.709107,34.849782)
(19.898557,47.593688)
(43.149383,24.067075)
(29.970344,30.294180)
(25.955588,13.527546)
(25.642563,14.820038)
(15.629801,22.034881)
(37.603257,29.303815)
(53.202690,24.833613)
(11.500498,16.694376)
(5.806272,19.863051)
(58.030264,41.126418)
(1.524557,50.086171)
(36.460830,2.253305)
(48.762494,31.193677)
(14.756268,25.398340)
(8.106116,40.236382)
(24.735894,17.770299)
(21.607395,60.073712)
(15.144960,47.190033)
(6.618294,8.777147)
(58.119661,13.570135)
(7.095571,49.785290)
(44.606247,50.028808)
(25.652228,39.596247)
(52.074738,58.791989)
(47.915782,19.444808)
(17.075200,24.735480)
(42.202571,38.125998)
(51.115128,50.937570)
(55.459126,56.859989)
(36.033917,28.505143)
(25.378775,58.448536)
(44.241191,27.997556)
(34.517007,17.960390)
(31.230415,55.196903)
(33.646689,34.301556)
(33.224549,38.786381)
(31.584266,21.726576)
(12.773859,61.593532)
(37.185934,45.573814)
(45.859904,60.548733)
(40.164403,4.275940)
(30.352549,33.998870)
(51.063077,24.012783)
(29.981020,42.933607)
(46.699992,46.999185)
(29.195520,13.347303)
(26.150179,25.768987)
(8.927984,42.606599)
(3.987377,58.104112)
(13.317045,30.583854)
(33.648745,33.798449)
(40.492694,53.230818)
(36.052640,47.768323)
(40.850768,53.203771)
(7.446105,18.273737)
(9.425249,58.906843)
(28.920434,25.400106)
(18.747978,37.463756)
(38.172114,38.846273)
(47.772610,17.004920)
(28.712128,60.501589)
(30.391164,52.041061)
(53.671301,47.418441)
(10.540101,60.439772)
(44.024537,39.027438)
(8.311829,21.240552)
(23.618762,15.496027)
(54.577654,34.445892)
(3.152015,25.679179)
(3.407143,2.910195)
(17.495292,6.772020)
(28.564857,25.866139)
(27.851401,1.031231)
(10.016810,0.704655)
(52.809250,29.657803)
(24.379764,35.411608)
(40.868514,0.332213)
(31.096986,7.002720)
(41.932523,9.001051)
(37.252550,2.850918)
(43.928066,32.794947)
(41.934930,14.286615)
(38.536797,39.317945)
(21.237002,10.432281)
(6.531215,2.147831)
(20.600546,1.531020)
(50.687548,18.085688)
(46.543185,49.519521)
(58.455761,36.270994)
(13.033798,18.751314)
(26.205287,22.318600)
(10.386419,56.926122)
(27.783412,52.001023)
(24.072806,20.504789)
(29.636735,10.363888)
(8.104277,1.328575)
(2.724369,51.947597)
(22.141024,55.744729)
(24.937210,36.568583)
(40.463186,36.534347)
(0.650896,38.846994)
(24.664800,0.027131)
(21.731573,33.798428)
(58.667946,29.260721)
(23.940151,55.846610)
(41.061402,26.899337)
(17.196249,3.896253)
(22.631030,51.214401)
(39.470772,45.477994)
(56.220223,19.623908)
(21.388534,5.140510)
(33.298234,57.724089)
(0.366508,5.244818)
(4.884125,50.803079)
(32.912686,25.438278)
(2.744378,4.721553)
(8.626836,34.434334)
(23.645680,15.997809)
(32.585851,53.347387)
(2.359208,24.235770)
(32.256820,45.094439)
(28.511003,30.081518)
(37.986092,3.608878)
(27.577970,4.307477)
(31.787020,8.951769)
(5.411000,43.953339)
(57.969890,1.577829)
(5.109733,29.072790)
(7.352803,17.628105)
(51.459228,5.591085)
(23.471499,35.796813)
(47.459308,46.880267)
(9.537443,10.682241)
(33.207035,47.043048)
(54.643744,36.265389)
(0.820331,6.487154)
(9.163848,4.455793)
(27.942637,2.619781)
(20.417798,24.309293)
(39.869003,13.269895)
(51.696866,8.722100)
(58.499706,49.785664)
(28.351771,28.632578)
(29.085532,59.334929)
(13.688759,44.893637)
(39.739853,9.451092)
(46.746737,1.507375)
(36.556022,18.173385)
(53.857632,37.147560)
(53.703774,40.270096)
(30.808392,15.147713)
(21.388635,29.054888)
(29.376492,62.638385)
(10.184511,38.874349)
(53.530251,32.806007)
(1.424018,34.886316)
(9.930237,46.921539)
(49.943712,35.498325)
(58.348103,55.660817)
(13.643209,36.133866)
(13.787937,13.795499)
(10.707004,0.863352)
(29.602329,42.374303)
(47.130162,1.778987)
(36.499485,7.171780)
(20.604777,61.213750)
(4.627429,38.422454)
(26.227265,8.760076)
(48.451342,38.610012)
(25.514964,29.573572)
(41.874776,43.506985)
(32.250947,35.355280)
(37.663852,18.029900)
(27.472088,35.342409)
(58.828236,13.882925)
(43.827275,24.440504)
(25.459823,40.558964)
(14.093196,31.174858)
(30.997019,23.340074)
(56.530058,34.368388)
(41.072219,5.005757)
(23.033659,31.338634)
(6.628754,55.795750)
(6.377281,8.256250)
(57.595977,35.608240)
(37.479651,7.502303)
(8.015826,42.128462)
(30.038404,21.660002)
(28.176904,57.302366)
(15.455585,15.994893)
(40.287866,34.744474)
(29.667351,6.524034)
(40.932578,2.593389)
(36.974792,4.455326)
(3.192973,44.257122)
(20.244682,14.525374)
(48.054086,43.109780)
(48.521890,29.064522)
(42.285207,3.119116)
(5.007830,4.470794)
(62.825815,19.683774)
(35.899058,16.901533)
(16.012081,14.269688)
(37.235311,17.443389)
(34.002371,32.091135)
(13.981005,51.845025)
(20.503016,24.681169)
(44.402135,29.036525)
(44.880003,4.755400)
(51.559486,46.028183)
(43.805994,39.005631)
(31.085773,62.315961)
(31.784367,4.931894)
(20.006021,6.387545)
(56.902286,20.898736)
(46.590719,20.888168)
(17.043147,0.962554)
(0.722361,39.307364)
(7.784107,4.114646)
(16.426233,30.645092)
(55.789516,27.005271)
(56.125134,48.628907)
(36.199896,16.099251)
(31.805280,5.428298)
(15.033816,37.789541)
(12.762415,13.281148)
(53.565691,28.584928)
(55.036659,18.111365)
(59.388017,25.311961)
(12.466910,18.246142)
(17.676228,45.786391)
(35.939996,45.990624)
(47.922715,36.138873)
(34.558961,42.801593)
(4.634424,21.390012)
(22.739791,35.519392)
(12.525468,2.387570)
(29.397254,39.997945)
(10.056712,35.016350)
(40.084762,26.152675)
(52.387619,39.323535)
(17.496947,9.304420)
(10.504068,50.521377)
(7.964043,2.171798)
(16.919053,47.841492)
(17.758897,36.183138)
(19.251190,9.689928)
(40.004938,28.983377)
(50.337235,49.540746)
(52.267524,3.992756)
(50.393991,38.600334)
(29.700403,44.582988)
(16.472602,30.889488)
(15.313869,23.819835)
(14.508705,28.279407)
(53.680872,56.534395)
(50.265468,15.042782)
(4.151158,40.804914)
(19.749200,37.895968)
(45.939235,21.269425)
(1.487866,16.545508)
(0.020217,22.576891)
(21.396113,30.808773)
(54.820209,20.970760)
(2.802658,22.962201)
(20.147422,28.193097)
(24.340801,41.228734)
(37.565136,39.333316)
(37.093195,26.812070)
(15.972120,50.855303)
(11.465097,18.862309)
(34.693514,14.579583)
(0.175601,31.844294)
(53.315568,19.642134)
(37.477462,10.847632)
(56.593648,44.344191)
(3.050441,24.487872)
(56.906492,24.556639)
(31.451786,55.035470)
(11.427511,58.558840)
(45.533686,44.234222)
(39.752662,36.914896)
(15.055643,23.766667)
(43.119240,36.616867)
(9.054724,3.240302)
(38.274735,42.106943)
(9.828333,10.549692)
(33.191683,34.200765)
(33.963109,49.409992)
(53.701192,35.342288)
(37.270338,26.831836)
(18.827988,4.679757)
(51.782976,37.952168)
(6.011262,33.943820)
(8.313484,10.067417)
(27.872886,50.573182)
(49.820520,33.128420)
(24.761298,17.982843)
(13.948896,14.826490)
(8.823219,50.278372)
(24.033128,35.697002)
(13.095088,40.420513)
(16.066034,6.944990)
(3.322793,45.994647)
(30.139416,25.497269)
(38.618241,30.449968)
(27.819003,21.476806)
(19.256500,48.173377)
(31.264117,11.285797)
(10.062482,3.842096)
(3.718423,39.556850)
(36.493374,7.785354)
(31.700424,60.866629)
(52.721144,27.635152)
(30.232746,4.410699)
(12.467621,16.158787)
(27.257085,38.610959)
(49.096688,29.029676)
(30.261425,26.959792)
(31.892256,14.412297)
(15.469777,9.988498)
(4.189220,47.586267)
(34.269561,44.950979)
(22.400687,41.834714)
(29.506804,9.379104)
(13.822792,15.398358)
(21.846238,27.158015)
(23.083837,15.179770)
(55.451999,27.432982)
(8.762552,17.503010)
(6.387820,0.309116)
(42.968347,5.214051)
(5.802023,48.060385)
(48.593280,53.868160)
(47.894408,16.560189)
(28.820864,55.102431)
(40.278006,56.828443)
(5.838265,15.214960)
(10.871173,21.588807)
(14.970806,5.664350)
(17.763345,24.501816)
(50.200673,4.148843)
(3.129563,3.153827)
(31.584979,44.352666)
(31.661949,19.867726)
(61.422562,7.974069)
(1.740351,45.669525)
(46.590961,43.082324)
(26.240854,49.272355)
(41.347039,3.741521)
(19.658456,56.512353)
(33.323295,23.764678)
(23.068393,2.308601)
(5.635891,14.620686)
(32.776334,13.007122)
(64.561383,52.942851)
(35.822577,47.229520)
(3.133034,28.936666)
(9.837744,63.323687)
(7.658036,12.800236)
(36.384431,6.168681)
(62.613005,33.508680)
(10.212719,30.006745)
(42.679590,20.237197)
(38.325460,19.737165)
(38.243978,39.234757)
(52.599414,49.849667)
(56.932036,8.600511)
(55.074429,51.482403)
(40.119792,36.558796)
(52.498415,13.197035)
(57.002272,29.572687)
(5.257221,17.972598)
(43.531342,3.023309)
(45.142654,13.118893)
(5.170877,50.361789)
(2.365284,9.852333)
(41.574554,21.727270)
(48.030739,46.579914)
(5.069459,44.484818)
(11.926695,41.502856)
(9.072630,52.406601)
(0.980382,42.401699)
(42.541292,11.329677)
(9.079020,19.979385)
(7.572510,2.301586)
(49.181282,15.400266)
(52.273190,3.153055)
(54.059667,37.072746)
(7.219667,39.538842)
(4.554956,21.627030)
(30.181981,2.209024)
(31.396374,14.079705)
(26.437356,38.308150)
(6.582336,7.298979)
(5.855207,44.297847)
(30.845815,10.590784)
(10.551045,5.143411)
(35.370120,62.917984)
(26.519091,11.869520)
(48.496492,38.510971)
(39.526183,8.627315)
(39.127138,50.990672)
(4.231214,55.825651)
(21.109573,20.565176)
(19.065363,36.860901)
(25.478844,16.444915)
(50.206399,8.314288)
(28.973712,48.930082)
(25.037406,55.306558)
(29.559938,1.184224)
(5.026484,50.983285)
(2.605520,16.879894)
(15.840767,46.054821)
(14.502543,52.888967)
(23.589188,55.358013)
(50.990923,26.717437)
(4.697909,44.749476)
(19.556813,21.776154)
(51.209609,42.584583)
(56.988045,34.206295)
(61.797350,42.881676)
(13.520977,19.573494)
(18.486412,31.754834)
(10.289098,15.727624)
(5.279600,5.935512)
(15.716807,51.033072)
(12.119077,54.949916)
(27.643735,1.675483)
(8.176529,41.897236)
(17.879899,21.693582)
(29.138718,27.150203)
(8.380605,54.403053)
(44.695391,45.610362)
(21.018002,5.303223)
(36.134584,18.023376)
(22.039127,45.232170)
(29.491866,38.220139)
(8.722428,21.905427)
(45.955584,38.064136)
(25.518252,11.273890)
(25.383109,5.772876)
(21.181632,51.970526)
(28.742917,25.625432)
(29.606735,34.439821)
(40.422174,3.612859)
(45.953896,7.273727)
(31.363635,17.405066)
(1.708403,14.714453)
(42.112177,15.710792)
(3.520886,16.426568)
(24.734171,20.608249)
(11.537391,24.317356)
(0.055445,46.920147)
(3.161494,50.707308)
(14.648833,10.881122)
(16.469451,9.802198)
(37.358648,44.777632)
(28.158743,33.295926)
(23.648482,41.776382)
(3.461542,34.528662)
(0.548868,47.280074)
(19.684755,49.372052)
(36.644503,15.402018)
(30.678830,40.698543)
(3.120502,39.714532)
(32.072315,44.496473)
(41.791969,16.070381)
(31.582232,19.269969)
(26.431748,44.199631)
(4.147219,48.422465)
(49.841378,46.204119)
(17.160458,43.321919)
(45.402000,51.848326)
(4.027609,30.027173)
(45.885334,21.943919)
(25.266798,53.709998)
(39.287830,5.894941)
(30.104758,33.540010)
(26.334829,27.805190)
(34.415942,51.086400)
(38.964673,14.970398)
(40.494519,7.314612)
(52.240088,26.888141)
(45.861064,38.996489)
(35.029416,41.707963)
(30.224836,47.585131)
(52.299707,8.040044)
(10.278944,46.584442)
(37.429738,26.798320)
(19.359609,41.087737)
(14.317727,4.826296)
(3.809957,7.282886)
(15.243052,29.251994)
(46.645856,45.955966)
(45.140225,54.704795)
(7.769498,41.634326)
(4.179818,57.799027)
(58.031804,0.320790)
(18.898717,54.553923)
(5.763693,7.833353)
(0.741510,8.770353)
(18.490048,11.182894)
(35.951313,39.058178)
(28.251042,27.825716)
(3.982550,2.893588)
(14.601905,10.768714)
(61.963018,26.768093)
(23.074677,51.289513)
(6.191186,44.389696)
(48.885225,18.994848)
(43.081223,9.799083)
(46.241504,52.653870)
(15.150085,32.639555)
(50.864780,40.882821)
(41.448731,39.026713)
(25.589414,13.675010)
(6.493765,24.653041)
(15.175317,38.780837)
(8.576872,15.045398)
(41.806576,21.317322)
(50.960876,32.319662)
(45.395026,28.877781)
(26.529841,16.942296)
(45.889469,51.656402)
(37.867151,26.115895)
(14.781426,30.004209)
(2.723822,12.891123)
(26.345445,51.659065)
(2.202452,34.232483)
(40.299269,18.161541)
(30.042551,6.401988)
(50.829426,46.551696)
(13.040903,26.831643)
(52.636759,47.321181)
(5.856851,43.546960)
(31.430002,28.101160)
(31.082325,1.834268)
(38.389314,22.848676)
(21.936135,24.637910)
(27.119985,35.424669)
(47.468013,5.500816)
(15.967557,19.429060)
(25.858124,2.747573)
(51.894747,22.451739)
(40.998441,33.384208)
(51.727403,14.659155)
(56.362535,17.521444)
(42.781636,18.345745)
(42.499643,10.212369)
(49.507988,6.193464)
(31.042627,47.136434)
(27.090762,5.278917)
(6.508507,17.678468)
(30.673252,0.024941)
(45.503617,1.465887)
(48.759716,39.486211)
(58.271927,21.003842)
(8.248019,36.361266)
(37.497111,26.452820)
(7.205804,16.796516)
(27.872505,36.891664)
(19.132978,35.242595)
(35.580638,36.974912)
(11.028615,4.615453)
(44.728222,56.346023)
(49.550685,26.182295)
(10.698893,51.454840)
(6.982783,1.114290)
(31.072635,46.651642)
(3.599207,51.050670)
(29.003922,24.112043)
(46.086503,9.781779)
(59.837368,39.329292)
(19.943787,29.113611)
(22.771528,30.606430)
(53.368564,43.099162)
(0.177503,8.644471)
(13.695358,18.904417)
(22.808159,62.271366)
(16.996290,2.400845)
(37.075037,4.596007)
(3.545262,44.310126)
(56.477603,3.328564)
(12.656661,36.349014)
(16.470939,32.620681)
(41.668785,50.919647)
(53.508486,48.816450)
(17.788158,29.724372)
(14.913894,45.427922)
(40.980078,4.555081)
(22.323146,16.578385)
(10.165562,11.044343)
(1.546395,1.011822)
(40.017221,46.683311)
(27.355500,35.285190)
(41.979983,20.417719)
(26.548429,36.010263)
(0.774464,42.694209)
(23.987901,28.555280)
(36.508193,34.884341)
(52.697312,16.420487)
(24.290045,20.114808)
(46.121959,34.569786)
(29.140037,3.536201)
(40.847326,15.225743)
(48.342435,20.453434)
(13.721990,10.836982)
(18.799893,5.906583)
(49.853642,25.490492)
(45.195794,8.234457)
(12.945085,21.328304)
(41.220304,43.297720)
(51.679746,28.067572)
(24.502653,43.683577)
(47.936647,27.620007)
(22.613635,15.116506)
(13.994434,37.158005)
(30.211827,23.350232)
(10.425815,18.055420)
(1.665314,43.083751)
(45.742799,62.745618)
(36.747150,41.740403)
(49.087254,29.618516)
(36.916579,21.360034)
(48.471704,32.200863)
(36.423794,27.750319)
(25.498416,47.469683)
(9.238840,17.646642)
(58.746855,43.890967)
(26.947680,30.328929)
(53.836046,44.268798)
(39.952265,32.630047)
(37.478726,47.885253)
(40.347028,13.648205)
(8.640169,36.871613)
(4.636531,7.513968)
(41.999501,46.346137)
(61.269679,30.943422)
(19.362733,7.793512)
(40.388812,24.334905)
(3.564434,16.776955)
(32.438873,16.843561)
(2.565514,43.969423)
(57.015873,38.320319)
(25.419791,34.474236)
(11.526098,4.464646)
(0.025512,27.301443)
(4.210645,9.270256)
(61.755686,6.418532)
(58.082564,45.939578)
(28.442920,16.439837)
(48.747825,39.511046)
(1.341545,8.817231)
(45.433605,27.443919)
(23.172625,41.972546)
(21.353423,44.400938)
(24.817533,51.279189)
(55.525926,22.857210)
(46.456256,11.260565)
(19.350332,33.460641)
(54.812766,20.630002)
(6.221523,41.272647)
(9.070280,28.792960)
(2.964442,50.277273)
(3.055205,3.803667)
(4.195935,45.431031)
(15.153211,27.550425)
(7.932568,23.496790)
(14.860512,0.160834)
(47.659106,12.282648)
(32.322844,52.943968)
(36.177605,30.899707)
(52.047835,45.313638)
(10.782874,45.969133)
(27.571544,8.662277)
(37.882160,7.069643)
(20.187291,8.903384)
(18.527343,46.468516)
(6.823636,48.690817)
(33.678750,63.133712)
(29.842749,37.083079)
(10.984817,11.015526)
(6.118263,33.549855)
(33.291954,25.828281)
(28.347318,11.082633)
(3.776213,60.671027)
(14.124168,34.187574)
(47.032083,8.038335)
(13.347942,7.698113)
(4.447620,18.371233)
(47.536617,43.554867)
(47.626690,5.685605)
(50.082365,53.293841)
(39.521874,21.336104)
(14.211427,52.386046)
(9.601372,34.954387)
(12.162011,23.605190)
(30.184380,34.916149)
(61.678201,0.029226)
(20.135924,21.860008)
(28.863850,19.131511)
(17.035076,44.487352)
(59.988577,10.967386)
(42.554416,32.779683)
(25.527391,34.667878)
(29.348017,35.495890)
(8.718046,33.694688)
(43.412212,23.340226)
(31.027020,11.747893)
(45.386580,57.003715)
(40.324055,33.063640)
(12.312824,4.716814)
(48.748501,48.006438)
(40.306745,44.217676)
(23.978213,62.855525)
(2.548991,2.561132)
(54.496340,46.388641)
(38.943764,38.967805)
(46.032250,27.612254)
(16.327809,11.284354)
(24.512304,41.061143)
(30.102226,46.901724)
(21.536869,18.666861)
(0.663869,22.911352)
(12.750958,46.150794)
(6.474794,40.162125)
(37.429690,7.374706)
(46.498712,26.457636)
(13.651572,42.061026)
(32.056303,37.581866)
(33.016137,44.322454)
(32.712686,45.631080)
(10.795045,3.451855)
(49.880029,13.675763)
(3.280265,15.174397)
(7.054526,2.724425)
(54.724663,40.071226)
(34.313697,17.101659)
(13.800348,5.440122)
(28.582787,7.581946)
(45.776486,38.186977)
(35.918342,7.598183)
(47.402608,19.593261)
(15.250841,29.549179)
(4.945323,17.565206)
(53.958378,16.675051)
(52.425197,46.882326)
(11.307380,1.769807)
(23.286358,55.591193)
(11.482725,0.365832)
(9.112377,23.835275)
(51.775751,33.567977)
(13.992080,21.702332)
(30.797926,49.136906)
(24.303625,0.381959)
(23.204839,16.003276)
(23.531439,32.291321)
(7.046408,49.272241)
(28.638825,40.469657)
(33.307618,53.919823)
(37.506698,3.280210)
(22.032812,1.538381)
(43.636205,12.564259)
(46.306906,14.016824)
(42.589839,25.853650)
(13.962025,33.842576)
(4.792228,46.531068)
(8.182348,53.224847)
(11.470583,28.838508)
(14.869978,31.893479)
(0.604102,49.847300)
(26.439026,26.170769)
(41.447725,43.751391)
(33.419515,25.975919)
(32.642921,18.922672)
(59.077256,0.735721)
(30.384085,37.715477)
(24.446924,29.555165)
(8.846150,59.034978)
(27.069560,55.108911)
(58.722392,34.175213)
(8.886659,11.938991)
(8.212717,48.886017)
(29.249388,37.566958)
(12.506994,38.536377)
(7.473685,43.340034)
(49.296719,43.836957)
(6.501643,33.968569)
(53.826047,35.860586)
(26.704105,5.293682)
(16.235409,15.260053)
(14.924962,12.922130)
(25.762323,41.889230)
(19.832731,50.289703)
(23.328710,23.833802)
(9.279025,22.072121)
(6.497167,11.919640)
(52.493441,23.036598)
(6.595445,29.146125)
(30.487376,26.055155)
(38.815692,6.140954)
(4.167013,36.912323)
(37.530228,49.920133)
(54.659626,5.140065)
(11.393665,33.039912)
(20.436392,48.308408)
(0.713264,52.366022)
(50.687288,57.273952)
(20.235110,49.615519)
(36.734792,14.774127)
(50.782036,34.676088)
(4.475212,3.780199)
(60.434615,8.021041)
(36.619178,18.853403)
(10.875275,34.160738)
(40.914220,3.403946)
(21.131034,9.830068)
(13.559056,22.560270)
(17.693085,20.947323)
(23.387622,26.581946)
(37.165344,34.341952)
(44.591786,0.694941)
(0.239615,13.862305)
(28.302755,7.358752)
(15.982597,6.118734)
(6.851571,39.404671)
(26.504765,22.118680)
(3.483497,25.938192)
(13.564489,21.281879)
(5.147726,24.769838)
(51.510654,3.252489)
(54.397521,25.918953)
(4.095191,44.319077)
(19.115549,42.403817)
(54.951568,26.630417)
(22.784979,20.754550)
(38.815390,32.293852)
(11.374402,25.504952)
(36.750423,17.968479)
(59.706325,12.487605)
(45.913437,21.918954)
(18.427379,9.011920)
(52.787316,11.173669)
(32.098982,28.200058)
(45.988185,41.894800)
(21.416100,13.220633)
(38.251250,53.967062)
(4.744578,3.919907)
(54.783982,21.041815)
(29.976979,13.360311)
(19.811003,52.238011)
(25.261673,25.657861)
(14.744654,10.208963)
(49.786182,5.485021)
(7.759375,33.704727)
(11.514854,18.800989)
(25.182859,49.494911)
(13.740792,22.912255)
(41.011782,30.219093)
(52.174700,33.947430)
(31.962654,23.071440)
(16.815409,10.933212)
(10.291558,2.860207)
(51.519088,12.564622)
(25.074554,36.796126)
(29.974939,44.130791)
(46.582035,22.300031)
(45.094322,5.470103)
(44.380714,49.736090)
(22.211176,24.988248)
(58.774760,8.852911)
(2.763339,44.197424)
(23.702143,6.673619)
(12.310399,21.250311)
(7.341339,16.508009)
(29.464868,55.286201)
(20.514413,16.173974)
(52.774381,50.426475)
(38.918214,9.385350)
(29.248433,48.157925)
(16.859298,43.584648)
(41.335148,50.462521)
(2.051017,33.749208)
(4.405831,41.416617)
(33.792482,5.316215)
(17.337627,60.916723)
(37.509790,15.718765)
(0.817482,37.958954)
(39.258174,47.151316)
(20.232896,45.563366)
(24.627172,25.750131)
(11.981988,35.484960)
(10.932625,42.974761)
(19.793726,60.808915)
(0.370202,40.064722)
(27.454940,16.232560)
(46.527261,32.923987)
(43.059706,36.733586)
(56.266505,6.641135)
(7.591761,30.181995)
(3.067228,10.009537)
(5.363573,11.611737)
(44.989723,44.366565)
(17.513300,42.228159)
(23.691851,60.402983)
(20.100370,48.057436)
(36.714507,51.535203)
(49.919274,10.720393)
(15.660809,18.819560)
(39.991029,36.810524)
(44.382424,24.392369)
(15.202207,50.258467)
(19.257724,24.895354)
(0.749111,54.935300)
(0.852391,7.235622)
(11.939175,4.597568)
(46.697062,9.895358)
(37.610907,24.325525)
(8.467117,16.325951)
(45.705410,13.806569)
(17.810754,45.679705)
(19.927013,17.435114)
(52.707099,12.892428)
(49.035771,7.727851)
(60.439363,42.509427)
(14.727731,55.595970)
(25.630815,17.646150)
(35.435499,37.479370)
(2.792494,29.229646)
(51.040624,42.428896)
(51.776449,31.578884)
(20.572773,45.009692)
(41.389767,29.494050)
(34.796753,0.856889)
(43.203339,25.408173)
(18.574036,10.679511)
(16.666014,22.628670)
(22.230009,17.245926)
(41.474823,62.496743)
(37.321844,38.837554)
(45.786079,28.360142)
(31.423783,7.336246)
(48.355042,1.358219)
(52.065441,0.301234)
(14.589200,6.465070)
(48.475297,47.780994)
(6.777965,38.712772)
(33.793865,50.484116)
(42.262182,18.365385)
(22.870759,17.230201)
(28.523221,52.434065)
(20.488363,17.726200)
(4.342192,25.123110)
(52.451471,9.497845)
(24.404346,44.921110)
(36.530292,45.705949)
(22.074324,17.878575)
(10.332759,9.099050)
(21.079429,2.421259)
(12.405718,42.059781)
(50.332287,35.973124)
(29.938168,41.282655)
(12.774962,52.062571)
(39.604065,50.874528)
(11.370388,56.854128)
(0.215082,35.294318)
(11.714909,34.713545)
(22.122879,59.052654)
(33.362308,33.607282)
(34.301637,15.146209)
(42.647683,15.012915)
(42.394123,27.822483)
(57.577924,10.833472)
(7.680681,48.017989)
(44.382625,37.048864)
(46.873633,17.009142)
(23.774411,49.845988)
(12.037612,5.824966)
(37.237186,15.296005)
(64.008343,42.456016)
(32.590674,33.080541)
(6.132354,30.055448)
(19.536268,17.613689)
(36.909785,13.798833)
(25.230085,38.935309)
(15.643701,7.381937)
(30.351780,43.017666)
(48.714618,30.582655)
(35.894357,16.101097)
(30.488119,23.896817)
(13.354941,1.397860)
(35.882789,28.092659)
(45.051498,30.600256)
(42.505978,31.586789)
(1.741440,20.401858)
(15.329648,14.672825)
(40.289673,33.998022)
(29.263569,30.914616)
(0.107498,31.723218)
(13.738403,12.414735)
(48.021310,26.066359)
(60.976803,47.586942)
(48.251156,5.280710)
(16.679515,42.438374)
(10.133382,29.923332)
(52.392817,38.372618)
(42.976782,20.327999)
(27.611235,40.744446)
(36.955091,52.897838)
(3.919437,17.996800)
(0.518608,49.846137)
(44.761459,16.508846)
(48.596971,46.144068)
(16.310566,14.395705)
(27.148213,8.921581)
(20.989373,34.620622)
(30.168524,32.323298)
(13.825079,6.106886)
(44.249049,50.241581)
(23.517737,36.267158)
(29.660423,30.660424)
(61.953987,36.787020)
(15.170926,56.468392)
(19.107372,58.439440)
(54.925989,10.520551)
(42.724215,15.535441)
(36.334304,8.497417)
(16.799756,9.296599)
(35.556203,40.194006)
(53.278371,33.661469)
(39.983027,10.637609)
(6.115543,8.141759)
(40.543622,39.004769)
(44.177991,44.230689)
(40.315704,38.725418)
(7.479780,10.757142)
(6.921394,24.697003)
(53.543190,41.088464)
(32.650107,41.425142)
(48.116796,3.496912)
(49.866933,22.912959)
(8.941280,47.174117)
(24.429976,26.570037)
(45.311407,22.756084)
(39.226037,6.492116)
(21.083447,30.972872)
(28.773065,51.540353)
(28.009835,13.322180)
(35.913075,36.436594)
(3.765174,9.206422)
(47.464736,47.570555)
(46.432063,45.046560)
(37.002058,32.787302)
(16.682134,11.174742)
(22.375509,46.498607)
(8.251926,5.070246)
(31.743030,14.163655)
(56.271638,2.006637)
(51.373101,11.485846)
(44.328458,46.089744)
(46.998098,20.677344)
(46.459762,17.622114)
(39.525406,7.639992)
(42.627840,20.910380)
(47.292282,18.432260)
(17.093523,37.426008)
(1.449378,7.701096)
(24.277646,23.948102)
(33.346209,40.898015)
(61.539883,7.076922)
(28.444080,34.595986)
(57.349311,9.766100)
(25.309933,24.852576)
(6.398244,20.305510)
(2.239680,14.286655)
(2.229007,12.092897)
(23.504970,51.304882)
(42.380957,41.353274)
(18.516833,29.938387)
(6.618888,53.565687)
(3.134247,48.730311)
(44.197497,42.797388)
(48.730213,1.348752)
(26.766677,45.717036)
(19.787441,41.567040)
(31.610626,39.857287)
(35.797808,15.279785)
(9.361419,48.103860)
(19.933903,39.596868)
(9.364834,61.668157)
(39.878377,49.001534)
(43.183411,26.923443)
(19.747786,3.767126)
(28.216272,5.503941)
(49.644471,32.357668)
(37.164549,11.604489)
(5.592674,34.655351)
(1.043276,6.500552)
(33.214673,53.145186)
(6.967892,54.023178)
(22.433545,14.148807)
(42.433809,25.634251)
(8.748457,8.235156)
(4.120949,39.702775)
(5.729998,11.969427)
(20.279481,0.292062)
(41.432234,10.712668)
(47.665279,7.262155)
(5.178017,4.029883)
(43.468147,50.415133)
(23.911437,42.361863)
(52.477022,46.944065)
(18.829587,37.945068)
(0.494683,12.757792)
(24.363957,53.251277)
(4.158953,50.340475)
(16.808496,2.631942)
(52.398656,22.386288)
(4.169283,46.178092)
(49.335944,38.220490)
(8.507790,41.140863)
(51.480899,54.790961)
(10.097633,18.626734)
(13.367756,35.253201)
(22.452847,16.000261)
(35.827293,33.904152)
(28.353423,14.512572)
(28.212741,42.891362)
(8.520318,49.093325)
(9.842276,60.751006)
(8.053388,37.436281)
(47.125105,43.444655)
(42.861341,11.172793)
(11.222877,14.015658)
(6.745713,8.749340)
(46.299549,6.078895)
(46.398501,34.004494)
(7.064722,19.557078)
(24.409814,19.562315)
(33.155217,19.761691)
(49.771423,13.479750)
(40.380704,0.378567)
(38.029588,30.874901)
(8.905581,55.368590)
(37.681841,21.389063)
(48.792402,33.709384)
(46.111645,2.828359)
(27.321109,17.189938)
(14.587704,44.999423)
(61.224100,31.129233)
(12.599455,63.022488)
(39.590220,32.072373)
(19.011353,22.369843)
(32.202902,9.765866)
(34.263079,42.641972)
(26.271301,39.804983)
(42.454535,12.425280)
(33.197054,15.674472)
(23.332189,42.659317)
(45.104591,39.752602)
(49.931494,51.325792)
(29.671248,5.715094)
(55.508887,36.130007)
(56.682817,52.798235)
(44.524079,62.332731)
(30.140310,3.980431)
(21.558234,27.623324)
(13.068282,2.955368)
(45.888441,29.480072)
(29.745077,39.374324)
(37.217017,56.042045)
(14.011885,10.503017)
(37.490764,33.040127)
(60.496025,14.355613)
(30.327605,10.663025)
(34.175312,45.091643)
(43.446301,22.315687)
(56.321046,51.342897)
(5.214633,30.079111)
(33.822252,53.477475)
(25.002887,23.288027)
(25.287324,49.097356)
(48.047761,6.125605)
(34.363408,58.526124)
(18.576602,55.232478)
(50.017392,22.645406)
(39.583782,19.117939)
(35.746740,3.845380)
(14.077019,37.796968)
(33.018237,5.213718)
(1.396687,51.400989)
(13.258499,11.640186)
(13.235613,30.657837)
(30.650719,57.074114)
(41.341724,35.062320)
(8.636212,14.139557)
(13.459369,38.101928)
(12.561424,9.933938)
(13.992569,32.097881)
(19.561813,58.899139)
(39.877003,1.244546)
(31.964441,19.528567)
(19.490096,45.609012)
(38.883100,50.556594)
(36.963014,52.239311)
(44.542005,29.435669)
(52.489711,52.101811)
(24.729592,2.892753)
(59.805391,36.388838)
(41.924072,9.042964)
(48.355820,37.162920)
(29.173332,46.314824)
(43.868697,41.219668)
(2.888474,28.103372)
(55.603832,10.732005)
(59.820996,27.507690)
(5.244090,0.315251)
(30.280523,47.317197)
(35.869080,17.123899)
(41.989475,24.339134)
(41.169298,8.931897)
(14.442932,33.041855)
(49.482247,42.670481)
(18.147313,27.090904)
(4.767009,28.050743)
(14.362938,44.650329)
(16.347294,25.465232)
(6.705129,9.543849)
(41.061919,11.258684)
(44.528938,36.705371)
(4.984010,14.398095)
(44.988123,4.017114)
(24.928645,43.826778)
(1.108506,42.821154)
(26.894163,5.615891)
(46.528040,11.064136)
(19.817335,15.982587)
(6.819376,25.048955)
(24.542368,50.171194)
(35.402626,18.968014)
(11.679422,12.165472)
(52.378465,3.293204)
(2.536025,50.431387)
(35.849288,1.485509)
(58.802849,16.690410)
(2.177405,52.457846)
(48.891997,38.830134)
(3.858219,15.223231)
(39.213778,47.030677)
(43.476050,16.723795)
(48.064719,50.372191)
(49.058045,1.944230)
(46.629578,24.926292)
(37.080046,5.680226)
(33.879500,29.561274)
(2.511617,11.014539)
(26.207443,16.347479)
(6.010805,40.498961)
(29.465962,41.422378)
(0.562923,0.273372)
(45.122833,14.663499)
(15.283055,45.402802)
(33.080674,38.838977)
(56.541202,35.213304)
(53.929411,45.760316)
(28.533603,7.979109)
(34.970178,3.061415)
(25.830619,9.729490)
(49.111890,34.088294)
(25.403554,52.939981)
(41.191363,54.187642)
(9.000019,31.630485)
(43.823261,4.875447)
(6.276096,16.533951)
(45.957347,2.672439)
(2.192359,24.760850)
(12.885285,20.012039)
(40.952911,55.238222)
(33.385160,13.699622)
(36.843555,55.546745)
(42.526747,15.576806)
(26.292916,45.099671)
(16.592045,11.189731)
(38.423641,46.882508)
(12.646549,8.416875)
(24.046353,21.826410)
(40.905479,7.235474)
(53.274091,40.667668)
(37.089825,7.513049)
(18.174286,14.233193)
(10.006671,40.151957)
(39.953756,59.085326)
(45.976928,22.033909)
(25.800262,2.628466)
(47.125630,21.253576)
(12.879186,51.099648)
(2.155573,29.738889)
(22.536442,57.062893)
(52.337875,43.734633)
(12.766155,28.826018)
(31.918556,23.825567)
(39.205767,58.681820)
(23.775651,46.429653)
(18.011937,38.243863)
(42.937759,46.197088)
(23.342582,42.173981)
(11.058329,61.424145)
(32.746809,43.440316)
(38.733609,44.399466)
(30.984841,38.385438)
(15.311619,0.688853)
(55.191655,35.199408)
(40.735307,7.914112)
(3.742765,1.835231)
(1.872152,30.807615)
(1.935848,55.817600)
(27.139922,18.685482)
(18.018123,39.709880)
(42.101630,11.883316)
(38.231970,49.809010)
(24.034862,46.827253)
(29.166926,47.126786)
(43.496495,10.531598)
(37.217635,50.315839)
(64.144399,7.655798)
(40.455135,22.394105)
(55.021753,18.721047)
(30.096232,2.233798)
(16.773393,52.675842)
(0.202567,11.341145)
(20.268558,5.989454)
(47.891352,33.796565)
(27.553809,26.185502)
(6.187889,37.465259)
(19.345673,0.944638)
(10.705906,60.794837)
(43.233389,49.022869)
(25.266326,36.715083)
(32.260700,5.431905)
(43.745733,22.905663)
(40.738449,40.600148)
(11.776888,38.800744)
(26.767284,28.933380)
(51.246444,31.482006)
(60.648411,3.274705)
(2.927931,9.449524)
(48.470197,19.256178)
(36.713974,33.808770)
(6.851859,35.448094)
(50.394991,17.720476)
(6.450898,6.887099)
(1.089794,25.236838)
(12.646619,44.327673)
(12.166975,50.764703)
(51.005054,9.904709)
(1.125297,31.032158)
(32.516482,32.228203)
(33.406774,18.540968)
(11.112849,45.669629)
(53.751723,51.719211)
(59.087323,21.187858)
(27.475810,16.583320)
(49.473728,25.027974)
(25.186801,1.300004)
(44.354029,42.088694)
(39.075195,11.000705)
(44.719331,45.330573)
(44.293194,50.367167)
(39.454267,54.792084)
(22.304156,15.770898)
(19.044869,43.173839)
(29.565507,37.636211)
(1.105707,45.842115)
(46.651213,60.774445)
(44.667864,34.918472)
(16.093476,34.659549)
(44.955878,59.179091)
(20.419630,42.194390)
(34.933922,28.921297)
(39.802846,1.663056)
(29.920748,12.510403)
(10.647973,39.429237)
(23.636203,37.045453)
(63.320622,47.778259)
(11.732596,28.837719)
(11.577338,50.471993)
(38.008093,8.513563)
(35.006140,18.455329)
(1.935302,42.273570)
(48.187988,17.094499)
(25.861063,33.687652)
(29.895780,15.811262)
(18.507423,29.148403)
(51.684846,28.058447)
(17.251438,46.940974)
(38.173758,25.996295)
(29.732302,60.243550)
(20.959961,49.627462)
(56.730619,48.350992)
(25.105489,51.839052)
(17.930334,8.973115)
(18.510781,22.928290)
(50.633963,5.112583)
(49.659015,19.715809)
(27.661909,44.805257)
(27.681293,32.434208)
(12.332674,28.917349)
(45.014369,8.728380)
(57.292818,20.574732)
(15.520987,1.034261)
(46.874733,41.251027)
(6.519341,18.563942)
(3.128542,0.738084)
(21.070319,50.763141)
(17.836380,22.743791)
(6.935887,53.224444)
(35.674219,44.749007)
(2.853715,41.909771)
(57.560634,21.916129)
(49.224594,34.320742)
(15.660720,22.185250)
(58.597927,29.037723)
(30.767394,34.436635)
(4.770009,12.958785)
(9.245684,1.707534)
(53.779289,54.358296)
(3.914889,34.550280)
(42.831642,27.815286)
(43.359802,7.579915)
(14.322120,1.664729)
(48.038087,59.972633)
(21.854435,46.171536)
(47.482163,38.409582)
(21.182814,43.317326)
(11.980328,48.995992)
(49.530375,29.111406)
(45.655239,40.887119)
(26.425897,58.146772)
(42.171345,51.373592)
(47.033961,43.018383)
(13.077248,2.086963)
(23.602141,22.553215)
(60.081136,53.134656)
(48.379104,58.223192)
(1.900951,18.870256)
(22.773686,3.237552)
(5.018165,21.781796)
(29.706765,26.125222)
(1.563162,18.675151)
(42.079521,43.983787)
(34.643834,60.280541)
(51.317965,23.044537)
(12.527762,19.022619)
(31.450533,13.406014)
(40.779151,27.822546)
(31.687584,25.738112)
(28.001039,14.169309)
(22.107493,35.747877)
(55.893664,34.862464)
(44.580316,43.654365)
(2.636527,17.255825)
(13.839581,10.593530)
(31.651637,52.616506)
(38.588134,21.355595)
(48.689689,37.924404)
(36.310849,27.285334)
(39.962187,21.952530)
(39.885171,24.720144)
(17.106872,1.741627)
(33.336798,17.455389)
(7.259130,1.873769)
(24.076639,19.713280)
(9.047083,21.327587)
(34.160038,47.132970)
(12.875049,31.247366)
(20.138089,1.176163)
(39.263139,3.157532)
(29.308877,25.071813)
(19.921280,35.975701)
(40.103965,38.467244)
(33.985587,18.256190)
(7.091872,39.792547)
(4.344310,36.736409)
(28.042303,36.677419)
(56.241970,5.029533)
(30.773520,13.453465)
(19.545326,0.269134)
(49.265552,23.265390)
(44.004757,35.703345)
(26.127668,0.502188)
(9.447126,5.966842)
(48.802685,62.900328)
(29.397554,30.566659)
(10.873344,56.107621)
(27.213863,32.117484)
(31.523460,38.619247)
(47.389421,57.862443)
(47.545241,51.774507)
(24.702097,22.814594)
(10.844106,51.160092)
(16.316453,41.757085)
(25.815119,44.252047)
(32.897807,3.770722)
(25.834352,36.895086)
(11.159282,2.197504)
(12.088037,5.702198)
(50.391289,38.190643)
(43.510883,8.008960)
(4.779893,42.012379)
(31.063099,0.697327)
(33.008610,20.182746)
(49.379525,51.733315)
(51.612254,52.606178)
(18.785307,49.748356)
(34.724712,6.115322)
(57.807412,55.396883)
(47.598916,50.707629)
(44.972530,31.747255)
(50.397808,25.567488)
(29.864480,48.884423)
(17.987662,24.681761)
(43.748649,4.314916)
(4.928574,18.151355)
(49.750868,53.768656)
(33.423391,53.064411)
(50.836065,2.581337)
(24.630741,26.570263)
(19.939943,56.513041)
(26.579451,4.979903)
(0.553595,25.251455)
(13.541760,40.282413)
(43.773571,35.344477)
(15.220878,33.339283)
(3.810107,60.842151)
(23.077086,52.458373)
(43.051444,31.346205)
(19.593548,18.945644)
(44.333726,1.444012)
(1.010374,62.429065)
(60.302117,23.963672)
(20.971621,27.152379)
(35.259030,27.529919)
(12.146357,41.391649)
(43.623156,19.987748)
(24.312008,47.186633)
(8.701722,19.630507)
(30.952401,31.979705)
(21.982249,38.065995)
(4.380884,49.153867)
(36.513692,34.644655)
(31.398036,21.258704)
(15.524510,22.555986)
(19.913323,2.316144)
(11.307039,60.394597)
(35.844249,24.249632)
(42.986069,31.724246)
(25.117143,57.657020)
(25.106700,13.239724)
(43.902727,11.851469)
(29.354172,31.397728)
(22.608055,6.264702)
(50.954603,61.376992)
(24.839194,7.708762)
(58.757493,55.530932)
(48.634983,15.915649)
(47.848773,56.977655)
(17.824516,41.679949)
(41.772199,10.634530)
(39.726508,45.605207)
(19.031651,5.647891)
(31.217559,22.647010)
(53.323390,37.304102)
(36.467703,0.246832)
(27.419051,3.805586)
(50.034644,17.844092)
(17.817765,31.101068)
(41.346535,31.422021)
(10.335772,32.120621)
(32.372573,15.074831)
(22.128698,9.687116)
(30.412142,50.038569)
(25.408622,14.853995)
(18.570723,55.817535)
(6.860355,11.781155)
(61.743119,36.451587)
(57.531667,39.096635)
(1.441555,36.474523)
(16.511364,28.342004)
(4.118700,43.824387)
(28.184637,23.245417)
(10.702693,44.713778)
(6.006252,53.379346)
(27.470148,6.862865)
(0.988038,26.542182)
(7.952044,19.882349)
(48.961798,20.020124)
(1.279569,22.468792)
(56.069631,61.745930)
(7.714618,0.657380)
(33.925921,21.573310)
(2.690711,40.118853)
(8.693136,14.663249)
(12.491985,31.367363)
(41.208266,0.782676)
(40.622062,23.472785)
(11.540597,34.400555)
(43.386673,29.893438)
(29.746295,35.113584)
(29.835936,57.363288)
(17.265156,30.211541)
(9.988982,54.622149)
(26.186504,26.051184)
(10.215873,45.619983)
(4.940400,35.895459)
(28.443418,19.100195)
(7.175319,36.339924)
(47.564877,37.619175)
(32.494243,24.652718)
(47.102835,55.229411)
(8.563813,39.195124)
(29.451139,37.031190)
(34.104024,28.872582)
(17.085378,10.465167)
(33.516384,59.994084)
(20.091604,26.553620)
(5.776612,59.549202)
(49.003775,48.957781)
(29.230167,42.957670)
(42.703633,9.706977)
(12.008810,41.358858)
(5.967854,55.196501)
(8.583630,21.063758)
(43.343791,31.528483)
(48.159176,57.526456)
(39.057436,30.260252)
(48.311228,15.518638)
(23.765569,33.275935)
(28.984704,25.175915)
(40.237562,23.879499)
(24.587980,2.800651)
(20.938785,4.318012)
(16.739793,51.864938)
(15.963738,5.262543)
(22.983999,15.691878)
(47.956322,24.827483)
(9.990839,8.612943)
(40.579556,29.542010)
(3.576510,0.545509)
(43.195808,62.339589)
(8.075213,4.817800)
(10.237451,51.195376)
(50.011828,58.326915)
(45.109681,15.900081)
(44.223926,44.613327)
(41.859023,33.275771)
(21.193111,22.337704)
(53.104781,41.186391)
(58.521071,9.274788)
(34.341610,22.778546)
(51.554908,56.445789)
(14.213968,46.793471)
(27.700659,25.467529)
(23.088535,30.469392)
(29.764951,38.708093)
(33.419254,6.675382)
(15.746261,9.752541)
(29.631392,50.203942)
(56.618510,35.550473)
(45.562609,40.096919)
(18.949844,43.882017)
(46.388464,23.360413)
(53.275996,13.269171)
(3.701864,21.116256)
(8.996783,50.788780)
(49.121428,17.284357)
(3.081903,16.663630)
(33.915501,51.811672)
(5.524732,43.520900)
(0.684371,25.809738)
(28.662113,22.235819)
(40.947327,42.906324)
(43.060501,40.920551)
(11.072978,20.688168)
(55.602503,24.741658)
(36.538938,2.913489)
(32.230857,27.981067)
(54.729693,12.882374)
(52.865642,13.475678)
(56.160560,34.489594)
(19.528174,30.180706)
(32.010221,13.477269)
(48.672201,30.288296)
(56.262836,3.523006)
(42.950738,15.779329)
(53.843341,51.829684)
(0.589464,7.642470)
(21.889944,5.364063)
(43.329452,7.850595)
(14.582357,38.576969)
(35.575690,8.841344)
(18.155317,56.141030)
(23.055610,52.948613)
(48.446203,43.526247)
(9.865909,5.991157)
(26.791156,53.667145)
(44.348633,7.998510)
(38.912308,38.681474)
(32.802904,54.745219)
(1.626237,24.081570)
(46.837072,26.051210)
(19.477229,49.958985)
(33.721214,46.822292)
(29.852522,5.507416)
(5.595651,26.727628)
(44.299077,47.869460)
(31.151174,1.322419)
(17.864774,34.236441)
(27.126923,41.686562)
(40.166917,36.766335)
(16.708001,44.369537)
(41.717090,48.806575)
(15.753644,10.531918)
(50.627891,39.984115)
(14.153164,5.608804)
(25.884197,49.190395)
(24.778448,1.468354)
(4.526377,44.554836)
(10.071946,17.185243)
(15.765137,13.405630)
(2.806750,44.395106)
(53.535720,26.139517)
(18.316691,5.198023)
(44.507131,50.314398)
(25.306308,29.709631)
(56.919559,29.378738)
(0.585396,20.889362)
(19.614348,50.990611)
(32.811158,8.880094)
(10.678682,52.862802)
(59.034940,11.226380)
(40.353326,16.250124)
(13.713860,4.558438)
(1.856596,24.304199)
(41.977637,28.087506)
(37.254604,51.043966)
(5.731364,12.879196)
(50.143918,22.671551)
(6.514345,42.871271)
(1.965897,37.122754)
(22.812204,4.618420)
(24.812383,11.902604)
(16.538186,23.291950)
(46.217273,0.325262)
(51.451569,1.178782)
(57.241257,24.104779)
(7.846919,33.462673)
(34.065361,51.260733)
(49.159439,52.811786)
(25.613634,51.941410)
(46.109342,49.356440)
(0.102940,55.736422)
(0.400503,29.583556)
(45.430831,33.237161)
(16.850441,25.293484)
(37.788321,14.043984)
(9.895483,13.849490)
(50.626403,57.103842)
(44.513478,24.094323)
(39.104379,43.606890)
(22.910878,37.976444)
(20.436458,48.632148)
(43.169533,13.897217)
(6.869537,10.282945)
(34.447524,13.242015)
(47.330217,50.178672)
(32.063424,50.118480)
(25.720814,9.359485)
(46.368776,49.807394)
(51.184985,18.560808)
(40.804376,48.872837)
(51.288685,54.464791)
(30.614998,58.799610)
(46.607455,45.201667)
(16.828943,26.986822)
(32.666914,2.904531)
(3.735954,28.908376)
(13.085440,16.490062)
(10.934322,22.905472)
(12.416690,29.135293)
(43.424061,9.608928)
(52.879259,10.178771)
(7.350722,20.637643)
(15.865360,54.032359)
(51.575975,3.058836)
(44.196442,22.920454)
(51.899389,30.663678)
(39.266909,55.389586)
(16.620725,32.070182)
(34.748293,16.871846)
(17.916880,2.876482)
(19.418734,33.248132)
(45.861493,57.157412)
(40.079211,42.515811)
(15.964790,47.900937)
(24.908693,45.749943)
(25.135062,22.963785)
(19.915072,22.091583)
(37.672873,18.730975)
(1.170175,37.340538)
(8.428879,17.130572)
(36.820385,52.379524)
(32.706905,4.960073)
(9.592258,5.016769)
(49.400494,5.600058)
(3.072978,2.849474)
(49.070941,43.899640)
(50.497330,35.381458)
(14.515070,11.532741)
(5.621942,29.065542)
(21.450968,46.795981)
(25.939342,43.719858)
(18.488947,40.906188)
(28.668635,35.003822)
(27.134900,1.954639)
(23.620113,26.919427)
(31.990744,46.636524)
(37.247656,11.684180)
(10.494620,32.279491)
(16.064723,8.080349)
(21.824592,22.543069)
(5.713719,14.120073)
(2.850018,3.084832)
(24.786606,39.826307)
(3.367886,11.856133)
(44.981295,48.218357)
(19.922961,16.528666)
(37.632661,52.712976)
(18.902691,51.272905)
(45.124783,25.829319)
(42.093492,6.178524)
(12.817932,23.441250)
(47.197146,30.476944)
(36.677707,13.794710)
(35.425080,48.953590)
(42.119548,13.814913)
(21.585477,6.002721)
(7.750732,2.791404)
(11.659863,17.617618)
(13.070630,19.927044)
(40.680773,51.785359)
(24.707094,29.362635)
(41.219422,41.089687)
(35.606209,53.808408)
(19.782629,54.229172)
(42.019205,10.720084)
(34.027012,7.301471)
(40.933168,14.359671)
(42.037453,18.403997)
(29.128112,33.137127)
(14.046263,2.287787)
(45.391506,34.856249)
(4.660940,25.912174)
(24.017642,14.750970)
(44.790899,36.532480)
(1.600785,33.303724)
(45.655018,9.523410)
(8.823261,5.254725)
(29.429519,13.632560)
(3.408564,35.863578)
(2.108362,7.583131)
(29.658546,18.107714)
(35.036641,3.964898)
(1.752537,0.707308)
(7.270708,27.174507)
(47.745541,41.264188)
(25.110087,28.044447)
(52.428826,10.921221)
(45.634982,49.514707)
(17.791035,43.094639)
(8.228182,53.695675)
(27.890506,17.306406)
(34.974963,34.210835)
(57.255391,56.619936)
(26.373380,25.206066)
(20.011436,38.451021)
(16.536817,55.073407)
(55.030226,32.577180)
(21.815072,3.556885)
(2.941692,21.836179)
(55.804377,56.735009)
(37.077744,32.497390)
(45.683350,61.873423)
(19.051736,44.157443)
(45.592037,8.802479)
(8.606266,19.811217)
(4.151720,63.051669)
(13.628051,49.454030)
(10.599277,15.055922)
(29.986610,6.052696)
(51.778074,36.367753)
(6.954984,14.815489)
(54.801325,51.827423)
(3.960524,0.809722)
(28.832462,39.526936)
(40.568523,10.523581)
(42.255918,56.598729)
(47.832225,43.019274)
(1.816156,50.975354)
(4.288045,1.736319)
(30.041954,18.784740)
(18.925798,39.812170)
(10.956518,41.679694)
(18.840004,26.621922)
(46.668433,36.623468)
(35.021354,34.937707)
(1.980576,10.983015)
(12.370602,0.788490)
(38.422379,36.878053)
(0.574300,27.450720)
(6.712755,42.082821)
(25.160325,16.985348)
(36.285009,33.952270)
(36.564369,1.323291)
(5.945144,3.750562)
(24.513038,29.692505)
(18.636702,7.765781)
(32.701044,11.434038)
(49.502248,34.185889)
(11.044018,14.141078)
(13.838984,48.148559)
(38.818909,21.272351)
(29.192418,34.863925)
(26.097674,39.723825)
(48.051732,22.396003)
(12.737440,28.069644)
(6.927911,27.821748)
(46.597157,41.707291)
(30.282426,39.628507)
(18.929772,25.285420)
(52.425271,39.489798)
(32.690629,48.563255)
(46.416348,24.970419)
(27.669978,52.482405)
(49.297170,20.332876)
(49.951936,8.318035)
(28.439987,29.612458)
(12.980755,59.444889)
(50.853484,35.797952)
(53.547783,10.255707)
(23.320062,38.723594)
(51.881999,26.629008)
(11.017530,30.657309)
(24.020516,9.490477)
(57.303503,14.122800)
(45.952465,53.688613)
(24.745683,27.938599)
(11.566117,27.545934)
(47.072613,62.747489)
(6.896143,3.837583)
(23.060733,37.565051)
(11.606618,49.300874)
(29.983610,51.382046)
(38.524552,2.360401)
(39.347457,34.612775)
(49.837325,39.527527)
(35.796782,7.742015)
(2.539888,39.172695)
(52.595911,45.740837)
(25.735164,54.072655)
(48.501167,39.649355)
(12.194939,5.364709)
(48.248629,50.635609)
(42.378866,45.254598)
(9.963363,27.404231)
(32.848356,50.653730)
(54.971342,3.385316)
(28.831975,57.067664)
(29.879257,53.227777)
(18.592714,15.717292)
(56.475521,52.863343)
(51.816188,36.452066)
(15.120498,6.776679)
(11.060668,53.432951)
(29.262917,55.999728)
(21.301410,19.311738)
(7.118824,40.891551)
(27.941070,8.900164)
(41.166089,51.535063)
(38.883919,32.519058)
(61.346085,39.297797)
(11.382029,47.969428)
(51.253741,20.246824)
(35.433100,46.621410)
(58.926014,6.672280)
(34.197067,5.631414)
(37.926667,15.874259)
(23.071427,47.666865)
(56.377906,52.134153)
(45.825518,10.793775)
(9.948821,0.615151)
(37.016576,43.399838)
(18.360751,34.310469)
(29.662178,2.343298)
(7.671042,3.522022)
(46.055510,9.633830)
(41.510357,29.411458)
(49.498200,22.076984)
(50.435205,37.459411)
(35.139496,21.884758)
(32.167268,46.372937)
(46.384454,13.658113)
(47.379771,3.961060)
(48.570341,35.170870)
(28.736112,6.185946)
(5.498921,17.416071)
(1.568814,22.839022)
(45.021068,49.067999)
(50.796769,62.216757)
(35.490901,42.619168)
(14.125627,35.319152)
(57.035369,28.777843)
(0.427195,52.059575)
(13.216437,14.192416)
(53.444413,17.078808)
(35.899410,40.622840)
(16.852312,48.490980)
(30.477395,15.095035)
(7.206014,60.777965)
(18.762434,51.026935)
(31.956533,50.309892)
(5.006207,45.221306)
(0.813396,13.677264)
(5.503713,28.930050)
(48.641590,11.197218)
(41.137511,34.354487)
(6.835624,31.596572)
(53.021253,12.359238)
(46.629515,3.002147)
(44.721209,7.281502)
(18.399159,50.590473)
(50.185237,30.421044)
(22.172229,16.117229)
(18.467148,53.606447)
(27.541342,52.966451)
(33.555627,2.261274)
(36.000135,53.717414)
(42.074007,29.522440)
(5.419656,10.602800)
(21.974696,41.069082)
(10.608974,48.048218)
(10.395684,16.352286)
(44.474061,20.132355)
(56.394793,31.770434)
(24.770178,0.844249)
(25.746138,23.943446)
(16.918050,41.100661)
(40.464522,5.545864)
(46.304992,25.421641)
(56.112289,50.556444)
(37.748765,32.683097)
(39.540816,49.725685)
(42.660289,43.767781)
(35.475950,57.225124)
(11.511146,37.452181)
(29.165630,30.569321)
(46.089864,18.441932)
(19.809933,3.954076)
(5.783505,35.685950)
(41.994066,22.809470)
(33.544545,25.354351)
(9.157265,0.669481)
(3.367093,55.260211)
(42.430430,16.762307)
(2.623605,46.848464)
(12.809332,27.978905)
(10.436279,6.002829)
(23.954753,38.398189)
(13.400589,8.490852)
(45.793645,57.981157)
(21.390374,24.276064)
(9.279807,14.608573)
(20.298957,20.792788)
(53.532178,10.621954)
(14.343470,25.944400)
(43.997843,22.359074)
(26.720147,39.594837)
(26.274181,2.570910)
(50.476844,29.469098)
(21.064907,38.602425)
(4.089663,32.815703)
(14.556451,25.487696)
(4.515392,9.974350)
(28.065582,2.395683)
(55.095609,31.316291)
(28.863432,4.643189)
(26.849754,12.043694)
(49.333258,21.387400)
(38.913065,34.775230)
(40.442735,47.547962)
(13.782462,0.999492)
(58.526240,1.895421)
(23.242443,9.474653)
(19.371041,2.961615)
(49.040373,42.459103)
(44.308308,7.599344)
(22.533068,56.610146)
(18.059787,23.405132)
(8.919674,56.899959)
(19.417595,8.824578)
(3.777420,46.950928)
(43.441391,19.049682)
(30.791345,20.134519)
(44.707330,16.891108)
(7.159255,12.624177)
(37.633751,4.215348)
(12.122889,58.408788)
(54.461459,29.620400)
(25.051338,34.155870)
(25.385679,41.807985)
(27.376377,33.964487)
(10.474751,35.893207)
(40.803323,49.874783)
(47.776702,47.812903)
(24.031496,16.815846)
(1.218528,6.672324)
(20.418332,21.204478)
(60.381095,22.100223)
(1.287707,1.553998)
(54.815505,14.832221)
(30.641164,49.199311)
(8.708488,6.389292)
(30.850170,6.214496)
(55.365329,44.755488)
(7.425008,51.900391)
(36.087373,21.627220)
(15.047590,49.998082)
(47.952017,23.136959)
(34.564054,37.305526)
(2.334809,30.930859)
(50.566614,39.678549)
(1.525342,60.278668)
(10.375242,4.581886)
(57.202123,43.738883)
(1.765126,52.360384)
(54.718564,42.763865)
(27.766269,19.130749)
(52.855644,7.772055)
(35.555843,2.892675)
(21.757152,37.281337)
(25.309253,44.950605)
(40.965583,30.380917)
(48.446228,57.194041)
(38.182773,48.751091)
(44.480730,59.428001)
(41.200803,43.606182)
(43.303684,27.163152)
(23.759586,56.055518)
(10.251628,51.779122)
(24.796518,9.214406)
(8.963754,45.685392)
(16.959850,30.383478)
(34.003410,47.919950)
(36.848003,19.040250)
(59.582133,27.624688)
(52.654579,11.218190)
(5.554390,28.943672)
(50.519322,18.437927)
(11.776201,43.057399)
(34.310496,52.059981)
(48.176273,57.457051)
(30.179329,49.507749)
(49.658159,13.555575)
(50.062283,24.701477)
(49.368886,48.956558)
(26.074504,30.522863)
(3.619537,13.994637)
(31.557027,28.238897)
(40.660773,18.302605)
(1.495965,7.642953)
(29.941751,49.966613)
(46.715796,40.096574)
(3.747076,50.058121)
(45.562094,12.906865)
(13.067674,37.896631)
(18.819885,14.671869)
(39.633292,29.732442)
(23.165598,34.874242)
(30.861112,45.804715)
(45.772533,3.135090)
(2.964639,4.443646)
(50.695507,21.859528)
(46.607505,27.859163)
(55.931029,32.892867)
(34.918632,52.530757)
(25.869187,46.204565)
(20.544479,36.425135)
(12.524503,53.582476)
(15.164298,48.589353)
(9.156275,18.041514)
(19.061550,5.265939)
(41.952296,26.191030)
(20.534858,7.116059)
(34.067795,24.125997)
(45.322522,33.172705)
(51.053387,26.372775)
(30.689867,60.052376)
(55.099338,50.461968)
(23.667995,57.683493)
(45.276764,19.541036)
(30.990808,8.919882)
(18.972462,14.938706)
(42.360888,33.744958)
(54.717991,23.731737)
(4.156835,2.099202)
(49.924738,8.617406)
(12.112618,25.813541)
(0.542871,57.888932)
(49.521107,42.754655)
(52.655625,42.048162)
(0.842277,34.700779)
(10.036778,46.723735)
(22.988831,17.811067)
(50.635305,49.399903)
(28.730543,45.539966)
(19.301194,14.648346)
(31.870898,47.097809)
(3.814420,3.041966)
(30.600310,24.920239)
(0.476615,41.309531)
(42.723549,34.564043)
(11.966920,49.647434)
(34.472287,34.311826)
(8.250040,1.239017)
(22.048853,39.541658)
(33.102473,50.344876)
(44.020898,49.743284)
(49.069469,16.191026)
(48.500550,62.881753)
(48.429679,42.532384)
(50.104220,2.283863)
(38.091866,12.668232)
(2.778227,20.638719)
(0.061790,19.725851)
(27.969040,36.808092)
(2.551993,29.241977)
(54.958127,15.497825)
(26.941446,16.058317)
(51.180232,29.874806)
(22.507855,1.203819)
(43.678555,40.237534)
(15.005376,18.044710)
(45.037814,23.597340)
(14.634783,26.087520)
(25.914122,13.612709)
(13.307431,45.077148)
(54.947147,6.420460)
(8.397106,46.982768)
(42.124686,22.044114)
(29.944098,13.616810)
(5.291936,22.173113)
(32.881865,27.122872)
(16.174256,13.628284)
(15.825476,50.102844)
(39.662189,26.771112)
(43.265626,0.068922)
(32.065608,39.601267)
(14.449107,13.287319)
(30.807626,40.036214)
(10.964185,13.909180)
(44.267253,27.912728)
(28.609168,42.740187)
(3.445384,1.529995)
(52.751973,36.541879)
(26.241002,1.759375)
(2.044230,26.385770)
(3.483969,27.611492)
(52.865145,15.183471)
(18.275814,5.687027)
(52.049268,15.935748)
(9.656718,45.488206)
(22.047920,14.370725)
(42.017166,7.831286)
(31.408313,2.828041)
(37.129663,58.481372)
(29.071462,1.997502)
(49.093874,47.902834)
(2.410051,27.655225)
(15.935935,8.948752)
(16.233764,34.254878)
(37.623061,57.464500)
(5.634054,50.395138)
(32.301074,14.699199)
(53.819855,50.107395)
(8.897443,32.882623)
(6.215276,42.950007)
(35.467570,43.270114)
(28.936014,51.602247)
(7.582611,40.325456)
(24.827941,11.765850)
(25.796048,16.272599)
(49.087769,19.248950)
(14.671078,42.968828)
(54.156627,9.236813)
(10.188050,46.097336)
(40.954423,27.356863)
(43.085609,29.877586)
(19.590339,39.378896)
(17.919434,4.355815)
(41.266918,26.759649)
(39.120834,30.377366)
(8.512844,28.051423)
(10.669785,2.733715)
(38.248876,2.692147)
(7.301610,42.082139)
(3.921131,23.604209)
(28.872672,37.827827)
(48.121800,18.824810)
(32.433845,42.814163)
(7.678249,32.778795)
(37.896801,22.551615)
(0.709863,11.719785)
(29.951814,12.101690)
(35.789170,15.863522)
(29.130276,39.723137)
(12.340497,6.369389)
(5.644894,57.626741)
(45.823604,49.556327)
(9.950037,33.917381)
(14.414696,6.878384)
(53.365918,8.809005)
(11.527976,13.755078)
(46.821705,24.514722)
(49.155932,29.122231)
(43.147526,0.185970)
(40.734817,13.315853)
(6.211695,25.072624)
(46.442645,7.667082)
(26.701297,39.775253)
(38.165772,46.792806)
(39.583430,10.930486)
(53.030983,21.294540)
(53.139590,14.592532)
(49.494172,34.141635)
(41.502268,22.370193)
(16.345724,35.864859)
(3.060558,10.014964)
(12.070663,46.500586)
(20.817100,38.483426)
(15.411240,63.815186)
(34.116882,24.220262)
(30.413279,42.357783)
(41.618748,2.436204)
(57.399080,52.299894)
(23.469961,34.380030)
(52.131476,42.365384)
(4.610200,43.228039)
(1.631104,4.083047)
(1.023072,42.684528)
(2.949405,61.026130)
(14.542041,46.505411)
(19.340401,45.236216)
(32.164006,28.595655)
(19.981330,43.459468)
(10.372458,41.432118)
(26.678280,17.510138)
(45.500795,10.863995)
(18.473440,43.933439)
(53.075509,48.484835)
(54.733177,21.832291)
(22.383235,1.457841)
(39.797647,6.444851)
(31.955556,56.723551)
(48.677843,3.718242)
(2.746152,39.473683)
(13.375200,23.547743)
(2.286214,47.901802)
(5.174662,38.799594)
(49.855489,1.494330)
(30.040603,5.879073)
(13.434545,51.135214)
(43.630723,33.854300)
(5.015162,4.212164)
(17.312858,7.848132)
(3.473097,27.852494)
(55.605981,14.870179)
(14.417861,56.891366)
(32.577894,1.403322)
(39.170733,1.834800)
(34.132616,54.366024)
(39.941099,36.852927)
(5.206290,34.621559)
(44.022527,4.435969)
(41.327347,47.802527)
(42.542631,21.577726)
(26.932480,52.456871)
(0.965563,4.753320)
(42.956223,22.739938)
(5.866119,23.808967)
(4.634355,42.498695)
(49.761302,12.025948)
(3.536843,33.751369)
(10.114072,23.089624)
(53.673050,32.064322)
(21.664935,12.697018)
(39.433014,57.162299)
(51.509391,24.571780)
(31.469942,50.111399)
(0.173548,9.987323)
(11.835690,36.372383)
(59.365088,24.316756)
(37.798646,17.361868)
(39.645353,20.739437)
(53.578796,18.797255)
(41.123939,14.128019)
(57.018721,4.817579)
(8.549925,59.751801)
(15.436398,25.881393)
(52.872309,18.912321)
(35.397939,13.502075)
(25.480528,28.274096)
(22.195681,34.619184)
(5.686552,48.947183)
(34.953780,54.581031)
(47.050935,54.594718)
(30.445512,30.988965)
(29.968335,44.251755)
(21.907757,23.352830)
(12.796703,16.872142)
(42.668483,4.381162)
(29.307439,9.642929)
(50.784919,8.398814)
(50.511168,50.653209)
(3.555349,16.173145)
(43.320367,18.306484)
(32.181925,6.373080)
(18.463720,6.821741)
(29.983406,13.801805)
(23.140383,17.961845)
(11.364773,49.051666)
(52.170888,27.109317)
(34.417879,5.894350)
(52.500145,12.373915)
(6.738432,58.648165)
(3.623616,27.846824)
(6.205020,24.470703)
(38.184439,27.372345)
(17.153806,38.597876)
(2.877189,28.601328)
(18.772372,15.973660)
(35.188469,26.445036)
(45.364415,54.315773)
(15.299863,2.527352)
(27.284159,45.348563)
(41.350562,20.962683)
(33.652810,30.076101)
(7.819564,34.707805)
(5.844057,16.866240)
(35.477337,35.061194)
(60.373256,40.511650)
(38.080737,41.509896)
(48.190029,28.882635)
(17.826323,16.443077)
(28.935158,31.631459)
(26.786374,41.954425)
(22.194403,41.300319)
(22.821788,24.338748)
(49.005790,56.243794)
(21.476405,29.879467)
(28.828599,23.878838)
(26.941171,13.800436)
(20.752472,59.018522)
(38.943765,40.220136)
(33.474102,38.874510)
(27.433357,3.525684)
(0.524965,19.357525)
(6.214597,36.173727)
(5.015918,48.129601)
(31.366830,19.225825)
(14.863984,56.936001)
(36.136852,3.379729)
(64.221296,16.307788)
(12.410648,51.464817)
(53.874774,20.082957)
(16.295016,39.443071)
(17.881510,19.944130)
(33.025737,39.353755)
(56.383415,1.066074)
(45.110708,10.118682)
(39.852811,43.761675)
(11.346548,26.939672)
(21.168389,29.917310)
(22.134030,14.495771)
(9.658601,44.390909)
(47.846148,4.008614)
(12.749016,21.390416)
(0.848813,13.216119)
(23.225166,30.221698)
(4.523881,3.509539)
(12.921808,57.968485)
(46.742692,48.919637)
(30.641878,50.005751)
(47.112752,51.391151)
(22.411397,6.524104)
(38.087142,35.377786)
(10.971183,4.134633)
(7.020981,17.393759)
(11.068283,40.751170)
(21.358699,40.876278)
(42.690258,8.941874)
(46.792980,48.278973)
(48.747528,42.100652)
(41.377866,42.390307)
(20.515202,17.034583)
(37.353984,41.662472)
(43.324217,10.467164)
(17.177240,19.500936)
(36.765867,56.514056)
(12.454266,51.778100)
(40.911825,9.303071)
(5.178554,55.967079)
(36.080503,46.865234)
(22.633611,48.065877)
(39.420870,28.978723)
(45.414617,24.857290)
(40.098597,26.895853)
(24.262095,50.071292)
(21.305190,17.488723)
(45.436332,11.292371)
(7.706702,31.855443)
(43.830115,7.611901)
(16.419078,27.979037)
(13.684424,45.009309)
(32.064533,10.856339)
(30.305583,48.358224)
(31.483722,55.456586)
(43.136871,21.009667)
(37.685666,30.757558)
(48.147442,59.692744)
(54.342856,35.350472)
(5.630037,5.797698)
(8.874323,9.735969)
(6.792499,19.601901)
(39.968849,56.269955)
(35.035576,15.339606)
(47.512258,53.056201)
(16.086215,40.030268)
(51.626706,39.783458)
(48.149183,3.258411)
(38.380708,54.946977)
(12.130918,48.850361)
(28.577435,50.751209)
(47.136913,22.259102)
(21.796242,37.773737)
(23.190146,31.167462)
(11.316659,47.783953)
(0.733042,43.276709)
(39.042674,21.450910)
(18.186722,54.676255)
(45.365260,30.322559)
(50.295947,43.893239)
(41.987248,34.840692)
(37.503376,47.855504)
(6.113619,13.041241)
(49.899270,3.572225)
(34.187905,50.291040)
(5.419857,34.092893)
(1.567137,55.473154)
(33.880341,54.551908)
(26.055984,13.812465)
(24.543020,54.705517)
(6.298429,63.709718)
(2.122954,12.539652)
(28.955620,14.548039)
(52.838534,38.607960)
(20.733433,59.212516)
(32.497918,27.090304)
(0.783164,38.360141)
(49.167959,11.466649)
(29.323731,34.584853)
(58.965999,60.851166)
(13.402250,49.156566)
(15.585030,32.312657)
(35.138741,3.391320)
(0.851511,15.978029)
(9.335919,5.773463)
(29.341951,37.699276)
(11.984832,1.661814)
(43.086087,33.864677)
(44.290494,52.606743)
(8.865498,14.817304)
(7.341584,20.363854)
(41.837095,31.864617)
(41.939277,19.422683)
(47.481462,57.604201)
(13.761103,38.117021)
(51.644209,23.256371)
(14.210103,45.564641)
(11.556222,54.652152)
(11.046718,50.076394)
(50.753022,0.471942)
(38.774666,41.200128)
(48.383975,42.221148)
(19.355700,2.394840)
(43.847342,36.710419)
(22.536215,31.484369)
(47.311146,35.632683)
(49.443105,29.410231)
(33.140941,51.765197)
(6.559786,12.940938)
(13.560430,20.029392)
(63.344578,2.730549)
(46.170914,9.468328)
(22.515957,12.551688)
(49.035302,25.202639)
(21.873386,2.784629)
(56.074897,13.900678)
(49.155118,42.936514)
(2.822369,21.881691)
(26.655124,28.224002)
(36.168326,45.493073)
(34.246318,17.354802)
(18.277782,34.310703)
(55.823682,41.939474)
(3.261395,24.549339)
(41.235935,12.726141)
(50.922890,48.371808)
(17.473019,33.838672)
(28.235745,25.141708)
(21.880088,34.737923)
(43.183480,56.273565)
(14.625359,43.739701)
(7.694707,46.590226)
(2.476009,24.358434)
(9.868405,30.314752)
(46.554551,53.859191)
(11.834436,39.710257)
(12.912074,17.012901)
(3.085907,55.411655)
(5.837748,4.417289)
(28.356519,30.739459)
(24.979240,52.137621)
(59.170674,36.209051)
(28.724972,40.642211)
(9.560896,51.022173)
(41.266593,48.508724)
(37.539657,37.321182)
(12.973830,3.456320)
(37.599746,24.686172)
(33.302026,30.669209)
(31.219394,13.461760)
(18.656319,15.469111)
(23.173139,14.201122)
(40.022070,42.408927)
(12.957539,39.701238)
(7.682239,59.792363)
(11.231662,5.323845)
(5.971955,7.697534)
(44.850758,49.772975)
(51.444186,17.691596)
(45.118708,13.449422)
(30.373708,13.103540)
(6.497560,13.679896)
(26.171498,22.983008)
(28.592762,8.201364)
(41.543863,24.866845)
(37.156553,16.379766)
(31.194384,34.532037)
(15.692781,29.410143)
(48.970567,11.525630)
(33.237522,6.945818)
(47.165029,42.462274)
(45.883666,20.963908)
(24.290698,17.074366)
(26.629302,24.622208)
(0.990856,1.826910)
(7.214432,4.506519)
(16.743757,20.612616)
(4.014387,38.166098)
(30.370258,31.789115)
(12.182078,59.886865)
(18.326401,52.488905)
(37.404195,54.239927)
(42.082117,22.142019)
(7.790703,28.195336)
(26.563476,56.320766)
(26.138362,10.391194)
(50.563417,34.814839)
(56.033769,9.969359)
(4.099053,17.026054)
(44.190301,29.435005)
(62.174845,41.926967)
(20.909235,17.973011)
(18.843059,22.138498)
(7.827866,10.565765)
(52.920809,49.149178)
(25.428861,41.370546)
(23.555184,27.738318)
(9.857481,55.811422)
(41.760517,30.830970)
(24.087969,50.740942)
(24.632693,0.163253)
(46.710678,26.642742)
(22.381069,51.800793)
(43.225560,13.574909)
(20.089486,43.237464)
(2.698320,52.982814)
(24.422273,28.918027)
(63.275285,14.004028)
(31.589165,34.647081)
(28.049524,51.918813)
(40.169291,4.910428)
(56.956328,2.098637)
(35.391220,42.642549)
(53.554634,25.355107)
(27.065724,16.394566)
(51.147486,9.347352)
(44.451102,58.878891)
(58.278724,26.863055)
(29.852048,34.569000)
(28.024111,1.996326)
(32.017189,27.278965)
(15.725178,24.527177)
(2.932301,19.923695)
(27.530395,47.967345)
(14.549236,16.783777)
(8.674482,36.075906)
(8.612815,36.054401)
(0.238662,49.575067)
(41.026668,13.401252)
(26.323347,34.436402)
(25.301021,16.610733)
(40.865877,30.004983)
(59.545382,13.750131)
(21.182425,16.847964)
(47.004068,41.563913)
(35.316112,17.323047)
(10.141719,21.482239)
(53.176952,21.217091)
(20.045608,36.751518)
(51.360661,35.418460)
(6.839758,34.765712)
(33.267296,43.378767)
(61.523486,19.235524)
(0.659013,13.663227)
(15.364804,50.495402)
(52.236088,58.277414)
(40.768099,43.551473)
(1.097724,8.969726)
(15.643411,3.185091)
(38.841705,46.046061)
(42.376186,20.422341)
(5.216759,16.658296)
(23.360924,39.089463)
(25.223776,38.854983)
(1.655462,58.971614)
(32.577262,27.685208)
(49.935293,34.890095)
(48.615199,19.141530)
(11.192937,40.285004)
(44.931242,37.505576)
(6.320758,42.128138)
(30.528563,39.584211)
(30.258341,1.226488)
(40.945030,62.306507)
(50.252016,14.993279)
(48.235037,38.736041)
(14.203654,44.410919)
(9.099635,46.332332)
(37.029349,40.862104)
(46.197571,11.077500)
(36.190106,50.167456)
(47.840465,19.435118)
(32.031235,0.873251)
(24.114838,16.124425)
(40.905990,9.471866)
(29.496299,11.835027)
(51.333025,3.685188)
(51.567310,55.958828)
(7.633522,25.201084)
(54.027619,44.443611)
(16.609221,39.930581)
(2.066117,24.752618)
(31.848586,39.236419)
(28.682588,6.576546)
(6.795180,44.970629)
(9.157104,44.993246)
(51.276897,41.915697)
(16.687824,27.277871)
(23.048685,52.757342)
(40.206310,6.806655)
(14.593507,12.707532)
(49.170098,15.917098)
(23.521043,46.678335)
(18.068811,6.411921)
(0.671795,39.565600)
(55.435147,20.795263)
(22.120702,11.493707)
(28.022729,28.183052)
(4.777974,9.386431)
(3.012227,52.099659)
(22.470718,39.099290)
(43.238566,28.843011)
(26.702810,54.388756)
(0.409433,56.811527)
(21.647909,5.006205)
(26.345247,5.543932)
(21.256790,32.370251)
(58.435169,43.834214)
(30.680229,14.629180)
(16.623078,41.607020)
(22.452127,48.448730)
(1.779810,23.546921)
(36.751583,9.026654)
(20.590092,5.957697)
(44.800351,51.470433)
(30.360078,48.690145)
(4.755549,34.206386)
(28.425315,1.231255)
(19.083649,58.814772)
(4.325737,32.063002)
(18.468372,2.084246)
(11.629099,52.010658)
(38.329377,15.471390)
(4.066611,18.013272)
(17.977135,19.669810)
(59.113747,17.231203)
(4.683154,51.065123)
(27.121600,41.716259)
(34.763316,4.158694)
(26.254299,26.153171)
(49.491469,30.111313)
(43.579332,56.435140)
(44.639097,42.016602)
(21.460046,28.287904)
(21.572285,5.183847)
(57.254812,45.413513)
(53.442783,43.485557)
(5.955134,7.734129)
(10.721065,29.230025)
(18.571699,40.467102)
(46.366408,10.664067)
(17.127553,35.893593)
(35.516258,7.789970)
(14.663139,5.753173)
(12.965987,29.972511)
(26.575465,46.895056)
(1.925261,11.277763)
(17.848445,41.888497)
(26.683281,50.644936)
(51.274044,50.868122)
(1.490523,42.151176)
(31.814125,1.593028)
(41.205793,28.060639)
(30.243675,54.455976)
(22.337149,2.271754)
(19.027603,37.324544)
(33.918190,13.597573)
(25.621848,45.051288)
(61.280772,48.880803)
(48.526414,8.470882)
(4.518622,34.049175)
(11.284285,26.230980)
(26.262929,33.491030)
(19.802457,32.893250)
(18.600240,44.728717)
(58.527152,27.740173)
(26.623124,2.439084)
(25.663187,16.803226)
(27.870658,27.497110)
(27.985039,21.146887)
(31.838278,29.014495)
(5.214683,29.395556)
(4.703313,48.093148)
(5.723847,25.934448)
(17.381500,9.400629)
(17.177507,46.996828)
(16.466373,14.952989)
(15.423796,18.358828)
(38.975309,46.896886)
(23.944453,41.554306)
(26.695482,18.587109)
(0.560877,24.377003)
(33.064057,13.463882)
(53.510351,35.326395)
(55.619141,15.652733)
(17.820607,9.949250)
(49.469214,8.487379)
(20.894665,44.712698)
(14.559791,39.239539)
(16.845356,26.882578)
(7.572105,19.243769)
(25.583779,62.614719)
(4.765456,36.418410)
(13.587617,42.012297)
(61.339187,47.276783)
(54.973251,51.658335)
(35.428338,3.225953)
(56.379606,26.637405)
(2.110206,18.833978)
(17.417744,61.105651)
(23.740134,7.354944)
(48.618457,52.688175)
(45.429168,29.136961)
(31.422075,8.081457)
(61.784063,19.401491)
(37.410353,32.953129)
(48.546778,51.903267)
(17.902443,40.846523)
(50.431314,24.388909)
(43.851218,3.669161)
(56.855781,54.562316)
(34.983210,44.954589)
(32.990758,27.961976)
(2.203966,8.653526)
(13.806827,44.683943)
(21.117207,50.474387)
(49.404980,10.405279)
(35.573874,7.585603)
(17.741853,47.414163)
(23.461641,5.276862)
(0.811349,10.111022)
(32.746604,18.881975)
(2.360137,44.141275)
(9.660007,39.743253)
(47.577743,19.360103)
(37.823040,36.729933)
(44.382986,25.511613)
(8.292825,39.386841)
(45.467824,18.871717)
(18.986195,42.392474)
(43.452851,21.491513)
(52.618353,15.120837)
(49.296999,13.844958)
(32.124823,5.596197)
(6.563526,28.688783)
(50.368673,13.668358)
(53.741175,15.154221)
(25.531187,25.220307)
(29.275661,24.776908)
(30.445771,61.077736)
(24.886963,13.178424)
(25.904105,18.154291)
(29.647362,7.562105)
(48.045759,4.735315)
(36.903281,8.380872)
(20.490907,7.387259)
(19.311446,7.505607)
(49.965171,41.205308)
(42.814893,20.874418)
(3.977187,53.346358)
(45.261560,14.004715)
(15.543774,27.053039)
(55.006852,14.721312)
(48.790466,39.198849)
(20.745484,14.949847)
(41.368942,27.272456)
(35.714026,6.920672)
(7.668479,36.216220)
(25.829573,50.435195)
(37.418865,45.714550)
(17.869423,40.680404)
(16.167119,12.795221)
(30.829891,59.199104)
(42.148127,46.298752)
(55.257065,7.542000)
(35.510754,4.421901)
(42.123232,45.280962)
(39.662983,26.803289)
(31.287127,62.089197)
(44.432969,52.383147)
(24.834298,16.412382)
(60.044405,13.872410)
(39.752081,17.121998)
(45.740117,30.377490)
(54.798712,35.664990)
(16.971305,7.516224)
(2.892736,31.234514)
(51.704994,40.066322)
(5.575106,54.264645)
(45.863565,25.686325)
(16.056780,27.895840)
(33.047971,26.083156)
(23.047618,50.010378)
(9.632541,25.054199)
(2.278140,54.712870)
(38.340210,5.357052)
(43.394974,4.364808)
(15.713883,25.403447)
(5.843122,4.093488)
(20.792159,24.342975)
(48.668933,7.765075)
(32.439784,50.609997)
(49.720222,61.442993)
(29.265516,13.094503)
(5.254096,32.281589)
(9.059203,9.910181)
(43.890809,16.588098)
(0.800031,20.425514)
(27.966912,6.257581)
(18.854043,29.516366)
(29.145264,21.533770)
(48.005505,5.085874)
(1.193129,14.973072)
(20.406186,50.331233)
(38.575993,21.878945)
(23.997473,38.690557)
(40.667255,60.721997)
(36.897114,56.857116)
(53.790360,35.722118)
(22.213587,6.822599)
(21.766262,5.149161)
(39.348261,3.437712)
(35.549912,12.691344)
(43.617045,45.109593)
(25.060649,47.070950)
(50.942422,12.801081)
(25.251055,42.001326)
(28.047892,19.277814)
(7.460909,29.294956)
(47.720488,19.251578)
(6.733835,4.849754)
(33.038005,4.527979)
(2.291939,23.226082)
(2.191960,18.038538)
(15.909607,54.515064)
(34.909073,42.505349)
(3.845999,36.840588)
(23.385143,59.458292)
(16.261234,7.873291)
(0.961305,21.686099)
(57.756019,32.458508)
(5.690531,22.431051)
(45.134306,24.762152)
(20.741420,2.834142)
(63.090590,16.701662)
(16.893016,16.259904)
(3.302818,44.903018)
(29.872147,43.029254)
(49.799200,51.697132)
(43.502104,49.004782)
(22.052417,20.715918)
(43.809677,29.236944)
(1.317456,4.160271)
(48.046177,11.892770)
(27.623606,12.912246)
(23.431355,6.950726)
(1.165223,1.549514)
(28.097127,54.748307)
(8.204852,28.518112)
(1.427546,5.695015)
(26.909997,24.350422)
(0.152876,42.852359)
(31.639252,50.928174)
(33.893903,21.544421)
(17.596804,25.935017)
(48.820190,46.364296)
(5.363057,30.043180)
(9.372778,50.707634)
(35.396195,52.078647)
(31.241010,50.344581)
(24.885254,19.736372)
(37.862640,44.735362)
(50.122562,7.639664)
(31.530188,11.713137)
(47.676110,18.187635)
(56.313422,15.507602)
(48.020805,34.422823)
(21.519043,32.168493)
(10.440207,49.528516)
(17.020294,31.712487)
(9.396868,28.948441)
(33.739660,63.509195)
(9.655947,22.883855)
(17.749477,52.611911)
(54.775016,49.266955)
(13.895895,50.425186)
(31.701800,3.796764)
(46.531619,51.286215)
(20.008852,56.180148)
(12.279267,53.311844)
(27.074630,6.448160)
(12.629582,60.393347)
(51.818100,47.161629)
(51.797790,43.170155)
(38.226841,4.047082)
(15.848102,42.182258)
(12.846433,5.311885)
(54.139769,38.979305)
(44.372800,23.348194)
(27.533296,22.477104)
(20.706161,0.180686)
(39.189468,38.630515)
(58.436300,33.007256)
(44.430520,19.937967)
(22.027226,54.008893)
(1.295437,18.035306)
(45.966088,19.877316)
(7.240913,25.754015)
(26.335030,52.494236)
(38.591795,40.917189)
(15.770176,40.120133)
(61.264616,44.701422)
(9.696004,30.263916)
(43.208291,15.111039)
(60.354234,46.927965)
(34.178197,46.125123)
(24.141198,54.280490)
(8.957932,42.940564)
(41.829495,48.126009)
(10.077671,10.773872)
(33.244363,46.358848)
(10.501492,36.421379)
(39.868249,26.423169)
(34.058298,63.510899)
(40.106329,51.213600)
(22.374060,58.719011)
(34.685621,50.694553)
(45.629292,52.633569)
(36.411653,3.747794)
(10.785867,12.458477)
(19.210252,10.601289)
(39.222839,43.073844)
(5.425058,29.800793)
(39.647254,8.533535)
(47.971538,35.902632)
(24.908584,43.587301)
(52.998171,20.850669)
(7.825990,5.771652)
(12.877124,10.199749)
(51.379631,35.789281)
(33.683190,35.342124)
(16.262228,3.517310)
(4.046319,10.130493)
(11.517315,50.329849)
(10.130564,2.978113)
(37.598954,24.517540)
(12.846163,22.893470)
(38.768136,55.477993)
(12.184331,7.095261)
(39.485418,51.561737)
(18.260513,15.775396)
(28.120804,46.155486)
(42.804224,7.318608)
(17.843531,60.095610)
(58.703769,10.221038)
(28.319001,7.358539)
(8.795383,19.822881)
(2.109401,3.410000)
(7.443231,39.401959)
(28.818837,59.422065)
(31.873862,49.370992)
(8.052999,49.043399)
(56.266534,26.934955)
(37.816358,32.480393)
(11.407962,52.122050)
(23.315043,54.709385)
(22.232084,10.924821)
(37.969721,15.882214)
(20.414135,44.967636)
(18.031791,14.630643)
(22.480801,30.293526)
(44.330159,36.336016)
(34.705945,1.565112)
(16.154945,26.196986)
(3.657511,0.530136)
(48.430254,14.156820)
(16.205193,22.271800)
(13.776290,31.108526)
(14.810759,43.570003)
(42.799766,43.647197)
(31.771834,9.067675)
(32.172037,4.935372)
(4.110545,29.559373)
(41.868480,13.820966)
(9.771880,28.731061)
(59.602658,22.050600)
(40.460470,18.672196)
(37.573243,56.464871)
(42.093025,41.748747)
(54.424401,52.501661)
(34.955235,31.588744)
(51.861005,9.949534)
(10.663309,3.332495)
(32.962392,26.188383)
(3.031948,0.153367)
(32.228865,59.394881)
(16.398441,0.863527)
(34.218002,4.280459)
(32.474767,11.844334)
(9.607046,33.455848)
(22.811220,41.932789)
(11.728175,27.210673)
(4.352225,16.645118)
(9.692261,6.173821)
(15.869114,18.531021)
(8.114417,57.222084)
(21.786648,58.091051)
(50.639437,0.794122)
(10.771905,10.508444)
(57.131333,15.116420)
(64.574832,23.797879)
(35.090403,60.254785)
(29.451125,53.460900)
(50.757101,30.121756)
(26.949797,14.826019)
(0.055916,16.728426)
(46.248339,40.003754)
(9.884778,15.796936)
(19.905267,1.530055)
(29.415413,53.807675)
(50.142177,14.327144)
(2.460675,45.396335)
(11.248076,4.397579)
(43.999934,30.544014)
(13.075343,49.944433)
(13.675802,12.425067)
(39.167630,7.582832)
(44.724228,44.175689)
(19.322731,20.849187)
(49.278755,17.665121)
(52.340716,38.400372)
(44.759480,50.074046)
(60.285016,6.012777)
(16.799534,49.412044)
(34.625890,40.979248)
(49.685721,34.160213)
(8.663304,3.418809)
(15.546011,42.230072)
(45.316272,49.203325)
(43.259848,21.916151)
(32.173595,38.835192)
(50.371680,13.833758)
(23.226476,21.625988)
(42.746155,53.219271)
(22.527311,1.107351)
(50.100730,55.566464)
(46.294326,63.142288)
(4.234612,31.488015)
(45.178490,42.501738)
(15.900960,21.906099)
(19.745978,43.574073)
(48.761257,0.528987)
(23.052234,13.756754)
(34.870246,12.124069)
(40.713883,2.482333)
(2.647247,52.735709)
(26.314358,30.801215)
(36.042625,11.328402)
(42.067807,20.068823)
(0.417710,4.976999)
(36.638951,38.945621)
(42.213017,29.369351)
(50.049052,24.874919)
(36.657242,36.347593)
(33.077136,29.786276)
(8.479787,25.479141)
(45.388315,7.593090)
(59.779581,46.873108)
(16.715347,2.843314)
(24.601223,22.231907)
(1.714278,38.265392)
(35.693616,4.571001)
(32.497915,30.610172)
(12.597821,56.397555)
(2.577040,46.151710)
(12.405456,29.378059)
(2.599839,19.808771)
(30.582530,47.936729)
(28.075246,37.883348)
(5.807380,6.441625)
(28.568536,34.012643)
(19.275858,23.368391)
(16.352885,61.245313)
(9.527903,4.144450)
(5.330033,0.282216)
(1.446689,16.899675)
(34.313305,55.828743)
(49.828213,54.117156)
(38.763308,6.684101)
(1.567474,13.981705)
(50.914158,3.467995)
(24.829912,42.050405)
(12.404417,24.740972)
(43.584545,41.326976)
(54.326197,40.028208)
(4.649116,42.982237)
(8.199538,3.638901)
(28.544802,23.667307)
(1.267041,3.948215)
(39.043571,45.691300)
(33.312294,20.198786)
(20.274362,47.308886)
(3.655683,44.302048)
(15.543888,7.667371)
(10.663383,25.578319)
(46.433121,0.415593)
(29.536107,19.928723)
(59.105298,54.368653)
(12.000156,35.625106)
(8.376757,36.929303)
(46.329027,40.121741)
(43.408125,46.254871)
(37.965705,17.010999)
(42.420679,33.090984)
(36.756685,35.257352)
(52.912506,39.221526)
(59.076933,40.168878)
(47.070862,53.547947)
(2.340189,4.212106)
(47.124968,14.701924)
(21.542350,36.278860)
(22.374681,9.561239)
(39.015093,36.458705)
(19.435547,26.012341)
(53.360587,28.690298)
(14.502368,3.747650)
(23.503668,42.288613)
(4.077893,7.294428)
(15.696668,44.643739)
(41.483781,26.005459)
(25.271982,13.490722)
(22.318513,45.266836)
(9.022743,16.399777)
(5.474385,9.245408)
(54.679823,24.519727)
(35.054144,53.799362)
(15.685807,43.988503)
(47.519726,34.696153)
(55.068617,24.194722)
(22.991648,37.597922)
(39.309678,38.207839)
(23.167446,17.695942)
(59.022219,8.815743)
(0.044462,6.300671)
(37.592875,24.476323)
(42.780940,38.208346)
(9.048705,15.956311)
(23.042309,58.787599)
(47.963967,0.355818)
(25.355518,38.340312)
(44.993627,31.519335)
(18.092830,16.841025)
(1.640492,0.075124)
(35.258984,45.209506)
(16.017491,20.456863)
(33.955328,14.770096)
(25.754019,26.733352)
(14.129674,22.455220)
(23.739013,35.592742)
(14.483790,3.345861)
(48.147666,1.703235)
(54.169209,57.489438)
(23.114025,36.436583)
(22.238976,34.992450)
(12.076955,26.793292)
(33.838542,52.621299)
(46.645734,0.201120)
(41.445200,1.924022)
(16.880014,16.058401)
(46.696522,27.792737)
(29.383782,37.634484)
(33.208170,22.195807)
(51.187232,6.503170)
(11.943889,21.038614)
(2.918300,44.720105)
(29.865242,48.710457)
(28.777204,4.608406)
(29.702927,30.435031)
(27.473903,40.928715)
(15.196047,55.660827)
(10.358349,32.370200)
(1.386355,3.666477)
(26.524711,18.617879)
(22.711172,21.301426)
(16.708611,48.697113)
(23.732161,27.411148)
(4.924230,31.156060)
(17.576319,53.315208)
(24.416285,49.309410)
(1.846724,40.761488)
(32.256812,41.257747)
(19.815195,14.093092)
(23.431708,4.261890)
(18.476033,38.073489)
(9.679978,23.127910)
(16.134293,37.951976)
(18.840960,35.559553)
(22.811168,47.954976)
(28.038107,9.186604)
(49.075035,42.750169)
(29.991093,52.572794)
(49.450023,16.387977)
(10.725435,55.983488)
(24.355327,27.296622)
(9.169467,4.269463)
(9.631379,23.722781)
(7.167432,43.044775)
(14.073216,33.830700)
(13.380261,6.643435)
(31.944105,6.579128)
(15.027429,39.096601)
(16.002939,33.916215)
(2.684881,48.067651)
(13.805306,27.655537)
(10.934913,7.322862)
(50.945302,30.400032)
(12.758291,54.987321)
(44.291482,2.012625)
(37.558610,9.432193)
(47.999036,10.194778)
(11.092653,45.323773)
(38.124998,23.606709)
(33.815836,21.222812)
(45.164115,21.508602)
(43.713923,28.326376)
(59.151690,47.668766)
(14.925431,46.140424)
(33.968533,2.671193)
(36.770507,63.375442)
(40.355109,51.222823)
(31.350844,2.001437)
(38.430778,22.101032)
(58.242820,15.545995)
(2.610495,42.828362)
(28.134379,1.931499)
(30.729080,7.342287)
(54.293340,3.714481)
(1.825861,23.663376)
(11.637015,38.303759)
(37.784964,35.755914)
(53.640170,52.894064)
(8.031646,25.113696)
(26.938142,6.528417)
(56.820651,60.889616)
(50.631690,50.274164)
(23.884636,44.986264)
(56.839741,30.657933)
(6.485139,45.002881)
(3.499940,37.842783)
(13.611580,52.364431)
(6.072116,39.086390)
(9.456028,52.961886)
(19.480622,27.733588)
(46.069354,26.946561)
(56.624334,8.271833)
(21.654156,26.003666)
(32.774250,45.530614)
(19.887144,20.425368)
(52.168147,28.008765)
(49.838003,50.453158)
(48.022283,49.641119)
(1.011071,30.247016)
(34.395813,51.825670)
(40.070765,35.894718)
(18.977798,4.479962)
(40.506165,21.368858)
(5.898414,52.113237)
(36.603917,6.649578)
(20.130338,10.388799)
(6.809329,4.108709)
(9.305621,14.720055)
(46.742630,36.682882)
(43.047228,48.922379)
(35.961384,8.200355)
(51.028352,30.103917)
(13.038363,27.841327)
(21.619593,29.307564)
(38.336146,53.726755)
(9.347170,7.184198)
(26.006087,60.450490)
(15.601988,36.139091)
(21.641653,20.814535)
(36.936703,47.233967)
(16.293298,48.774761)
(43.266012,46.664360)
(40.763518,11.871574)
(14.753326,28.370096)
(35.870387,11.624328)
(42.410686,62.771277)
(25.302509,28.945180)
(0.494619,3.489496)
(50.083827,28.743155)
(43.225120,42.500446)
(12.613184,12.144907)
(4.338702,41.906715)
(5.822244,52.922602)
(1.801277,31.366479)
(24.491934,27.703947)
(10.785370,45.327606)
(0.083330,23.863971)
(27.329250,1.958850)
(1.939325,21.790332)
(47.733178,12.657757)
(50.110833,52.596361)
(42.094242,14.820272)
(24.249718,21.279557)
(19.125623,12.284631)
(47.757830,1.631112)
(54.073287,15.156905)
(30.928316,40.820356)
(13.864478,48.630999)
(46.157270,45.961265)
(34.346786,51.774018)
(7.871979,52.335090)
(41.594355,53.854130)
(31.483487,45.561828)
(45.648686,35.694532)
(38.671902,38.141769)
(40.990127,52.920468)
(42.880362,51.043071)
(25.214303,42.805085)
(47.297594,38.025245)
(40.426992,27.474292)
(20.284208,45.903963)
(14.772502,38.186527)
(2.143298,58.667018)
(43.749089,6.770475)
(47.218782,29.223825)
(23.367805,16.637698)
(11.897771,44.531097)
(47.876722,37.540131)
(4.033984,45.492356)
(0.111294,34.036411)
(46.389599,48.046274)
(10.812104,6.347124)
(51.838080,42.126514)
(53.113427,37.194618)
(48.193577,59.796272)
(59.042508,56.778073)
(2.142855,8.729961)
(23.328519,37.810330)
(15.262340,12.531467)
(58.748850,6.915961)
(42.831316,44.724800)
(55.534597,37.633983)
(45.231717,29.604645)
(29.578344,40.613320)
(49.302835,16.795825)
(16.931397,28.528684)
(38.982434,19.811987)
(11.955253,10.149052)
(41.013334,28.973428)
(49.784970,18.738923)
(31.692891,30.428764)
(50.727699,51.465258)
(20.782158,23.461834)
(52.311415,42.799137)
(29.969830,43.330914)
(17.538287,42.254046)
(17.254414,13.060989)
(14.485122,20.307152)
(20.989040,23.092796)
(6.316936,50.081424)
(44.857027,11.374879)
(50.674532,41.194616)
(1.349960,45.183398)
(47.036609,54.544190)
(5.607026,21.119631)
(18.869961,5.263552)
(40.499793,34.464221)
(35.722740,19.752218)
(38.238099,15.474183)
(36.021165,45.828536)
(2.964889,49.727716)
(50.508432,29.559782)
(36.473348,17.432505)
(27.519059,0.346609)
(43.448116,36.522172)
(55.039917,23.528082)
(15.542231,13.401015)
(7.120673,13.533122)
(60.486662,23.042386)
(30.833137,1.530116)
(24.444280,27.444285)
(34.018052,45.258008)
(12.810409,55.042408)
(7.832267,33.233795)
(50.366573,24.866863)
(15.768718,19.810704)
(49.375912,23.941881)
(8.485394,0.808768)
(7.102676,18.942267)
(27.053163,5.020768)
(14.714441,34.236962)
(36.836372,17.536436)
(2.697325,12.714985)
(27.593117,17.868831)
(23.994831,3.350967)
(12.648000,24.968238)
(20.673273,11.828230)
(2.875104,5.422844)
(50.375558,27.632585)
(31.800554,37.631265)
(2.615115,21.657566)
(46.520365,26.177211)
(16.420483,40.634377)
(32.941911,41.912737)
(33.296998,35.150159)
(54.768641,54.337036)
(50.750999,49.512862)
(35.504809,31.119001)
(23.907196,6.376933)
(47.391099,30.156585)
(9.920053,11.054909)
(13.776410,13.681358)
(33.613214,5.691192)
(15.093661,22.280311)
(42.710549,49.512343)
(14.878897,2.216316)
(51.085834,20.717679)
(5.545079,8.368396)
(23.241128,32.962209)
(13.043539,6.823404)
(2.657296,19.951997)
(23.292160,10.585996)
(45.258105,27.124763)
(54.173788,56.715320)
(34.549091,56.180450)
(29.254177,62.081451)
(11.005510,32.987010)
(9.048775,50.799627)
(50.839466,56.372018)
(8.534023,56.876314)
(32.683810,25.001838)
(47.651590,56.797718)
(13.911234,24.646533)
(36.006432,23.334086)
(20.401613,19.929279)
(46.895697,24.956058)
(11.056864,49.929141)
(35.565631,10.902414)
(2.048897,40.708481)
(21.599475,7.918043)
(54.374679,38.504551)
(3.812569,10.052645)
(26.171777,14.425999)
(18.641438,32.791977)
(33.606923,51.290133)
(18.606192,35.778710)
(7.709547,2.205022)
(44.993936,0.870436)
(34.636090,39.077029)
(60.178862,51.210062)
(27.203502,13.446010)
(8.657269,14.802760)
(4.738755,14.480897)
(11.043053,47.668675)
(51.102131,3.258027)
(26.735174,35.019454)
(16.482420,50.855018)
(17.948070,53.850850)
(7.012981,27.912709)
(5.104067,44.513772)
(14.218474,53.292211)
(40.850330,35.782203)
(31.271961,2.962255)
(36.400990,52.461577)
(54.027205,43.816298)
(45.759142,6.984390)
(7.921875,27.027128)
(0.489530,53.746472)
(8.250473,57.296069)
(43.932888,34.980542)
(45.085969,41.293187)
(15.881756,55.175180)
(54.555486,32.411248)
(6.463189,52.767494)
(14.645062,58.836163)
(61.017523,14.845381)
(32.336060,8.811874)
(44.597984,15.393743)
(9.351221,4.665480)
(5.381030,23.762567)
(24.088530,1.326549)
(5.002278,60.432349)
(48.060725,41.523376)
(22.560579,3.381324)
(26.625197,10.559216)
(53.771982,29.746229)
(48.343319,14.722979)
(9.668303,25.613903)
(8.799650,49.761780)
(2.030450,52.259553)
(12.077913,48.372955)
(26.008139,39.513163)
(42.027276,16.251864)
(36.836923,28.747862)
(3.288259,30.192859)
(5.419187,36.348616)
(1.144853,51.303784)
(16.240069,35.503327)
(7.394617,31.235977)
(57.019343,18.542061)
(35.589425,38.376659)
(25.833545,27.703217)
(14.990451,31.421271)
(46.159026,29.868224)
(1.376441,20.475101)
(29.950867,23.667013)
(32.292184,38.068154)
(3.982519,2.586692)
(46.505824,49.396736)
(56.045578,43.662364)
(47.645655,17.063076)
(31.463177,16.409037)
(28.159284,29.898913)
(11.201960,36.160328)
(1.506539,42.261615)
(46.959559,32.586802)
(31.367978,45.986836)
(6.498782,5.550461)
(31.831649,9.543614)
(5.636625,51.272562)
(42.575266,33.757575)
(42.548362,47.665592)
(50.690213,34.597225)
(30.904451,40.754221)
(5.354700,34.583004)
(58.010967,38.722648)
(7.745965,45.226537)
(41.921254,32.815602)
(32.327090,37.399510)
(45.895648,54.444163)
(36.256964,31.980463)
(13.552180,40.125646)
(15.952002,36.807058)
(1.830225,31.916472)
(53.037843,16.519332)
(41.121025,36.057407)
(1.763183,40.247986)
(5.654609,39.242313)
(13.712027,5.857850)
(50.171810,8.802172)
(42.473939,36.620968)
(39.055281,1.643122)
(0.947935,19.945114)
(20.146270,51.916596)
(12.773659,24.991034)
(34.192959,48.370325)
(6.872290,24.445133)
(29.109752,44.586204)
(5.476729,4.184412)
(18.595252,55.205451)
(29.858103,15.648070)
(2.046496,49.212976)
(8.180844,40.724017)
(32.564056,21.547655)
(61.110889,14.345525)
(48.949741,52.242613)
(13.064418,53.354463)
(46.862159,14.004953)
(46.173426,30.088087)
(42.222784,21.994371)
(40.887402,43.934472)
(48.403205,46.023039)
(18.213894,44.432328)
(48.463283,34.641711)
(0.898305,24.803234)
(17.681038,10.834482)
(14.667055,20.687366)
(44.902878,0.337254)
(56.869598,54.188141)
(10.030109,13.239988)
(30.535321,35.807018)
(43.538573,41.443303)
(13.909824,29.949231)
(30.396208,6.210776)
(45.420484,45.158422)
(26.848863,54.728396)
(11.124521,6.900490)
(35.566051,6.249511)
(6.657405,36.566389)
(24.636229,37.780494)
(45.866085,16.668772)
(33.675436,48.426621)
(3.524131,35.005604)
(28.966009,2.452722)
(14.965459,0.919400)
(6.748728,45.022145)
(44.471248,44.014786)
(18.786755,48.828129)
(46.673213,11.905265)
(0.172858,24.647466)
(8.254408,42.510997)
(35.298356,27.362017)
(23.573273,39.355391)
(1.787635,24.974122)
(44.157623,27.082991)
(50.467416,49.404106)
(1.179851,27.455344)
(6.017121,26.749112)
(15.249240,16.938470)
(32.802506,61.909699)
(24.729253,44.939779)
(20.357934,0.969878)
(62.759052,4.391924)
(10.544605,52.694442)
(44.119532,20.995986)
(11.846024,3.851128)
(5.240269,50.935787)
(2.791582,50.764072)
(3.986037,16.571507)
(32.189130,59.740315)
(13.370200,6.663320)
(59.932964,43.119049)
(47.239234,3.260262)
(58.978597,26.109540)
(34.931938,27.092721)
(54.666829,11.106252)
(39.479556,9.567995)
(11.770342,49.635259)
(54.643824,25.312800)
(22.646988,45.309183)
(42.713810,43.607217)
(43.595209,15.008574)
(20.557341,18.575748)
(51.801001,2.476582)
(16.931372,42.222320)
(19.346463,15.347776)
(18.629407,34.454256)
(40.597000,0.109722)
(22.937442,48.976192)
(33.318271,32.363614)
(9.227064,31.501435)
(47.592596,4.817641)
(2.298957,50.298563)
(47.611737,51.123772)
(29.275379,54.067059)
(22.708006,14.478207)
(19.401267,10.878363)
(8.697211,9.162918)
(62.778892,31.059785)
(1.540865,36.742763)
(29.318874,55.778661)
(52.392705,48.741544)
(45.813566,37.992712)
(43.932888,35.480332)
(21.440464,25.181906)
(53.216588,39.727544)
(39.215023,36.710506)
(13.900045,39.095449)
(26.003686,30.136732)
(18.737722,35.396863)
(23.465414,26.120794)
(61.587199,8.214029)
(40.100721,39.074924)
(50.590882,25.898277)
(34.426616,54.994003)
(55.054859,52.112928)
(20.704425,32.819101)
(32.303975,9.909848)
(38.239905,15.844178)
(51.039376,5.907799)
(49.463070,32.999256)
(14.012459,22.662297)
(13.831632,30.513505)
(10.852240,45.883967)
(14.264684,20.774494)
(36.770469,28.281185)
(38.359277,45.004396)
(17.633680,44.257711)
(52.015650,14.923135)
(14.365162,47.244657)
(28.840673,49.198905)
(43.495302,29.311316)
(9.310753,9.298941)
(18.982922,12.987466)
(19.005448,15.012545)
(10.715069,27.491636)
(1.689350,51.290834)
(5.041602,4.282067)
(22.680852,24.230659)
(43.316367,12.258693)
(25.961962,6.637004)
(3.837536,43.600335)
(42.377039,23.819465)
(7.226563,40.428756)
(21.658954,30.401841)
(30.220538,20.648716)
(7.185206,38.332633)
(28.119003,30.912064)
(25.362708,44.803198)
(41.969542,56.858819)
(5.701118,33.049891)
(40.094144,18.476499)
(39.314094,45.812456)
(33.055997,5.552612)
(22.927055,25.029818)
(6.915304,33.397032)
(18.430322,61.124145)
(39.261999,43.617996)
(44.179617,27.586841)
(21.595364,17.132447)
(52.337367,44.901868)
(54.943105,31.569282)
(40.456017,33.995809)
(25.206240,23.017207)
(3.781859,17.019891)
(26.873396,17.562279)
(32.534975,21.658536)
(30.991217,28.085079)
(18.791738,49.684402)
(23.829540,46.589120)
(0.242239,24.395140)
(61.621944,7.179362)
(29.158638,7.374473)
(36.603288,40.207394)
(44.628398,24.122145)
(48.835390,40.792130)
(16.530740,26.631404)
(32.865103,60.398424)
(10.256259,39.291157)
(1.168081,25.225566)
(32.867493,10.074332)
(20.101237,57.811634)
(51.295617,40.259989)
(26.999368,29.130674)
(25.910379,62.691892)
(32.907599,13.698099)
(30.954726,35.166834)
(5.898762,35.424276)
(20.229174,5.116287)
(8.412106,30.866482)
(35.567956,44.918615)
(26.561608,4.157793)
(42.800835,21.877659)
(44.617978,47.732738)
(45.490306,54.930707)
(17.925068,6.760264)
(4.792076,55.306795)
(23.417154,20.730084)
(6.503930,42.009937)
(29.177086,32.630746)
(17.691178,46.930018)
(43.189082,48.456512)
(53.452027,33.512553)
(41.365950,3.886576)
(29.789365,24.061292)
(4.662871,41.785440)
(38.760542,0.316714)
(54.048921,5.419031)
(19.367471,20.830919)
(1.177809,53.032692)
(45.277416,4.563487)
(21.442284,22.933958)
(52.585390,27.156980)
(18.514642,30.617263)
(41.190930,59.961488)
(44.924116,31.658879)
(35.976163,0.428561)
(17.194294,33.090789)
(0.944532,6.377671)
(2.627247,9.399207)
(9.755248,5.551825)
(25.332101,27.224106)
(16.175388,28.470554)
(36.344976,50.047338)
(0.190991,17.354686)
(31.140726,38.683789)
(44.001615,1.165529)
(38.959372,9.466246)
(13.418342,0.716015)
(43.539223,46.206485)
(2.407310,4.908972)
(39.068697,30.504445)
(3.456774,42.644993)
(53.566993,37.801876)
(3.600050,22.153146)
(5.921878,8.612219)
(21.839444,13.657929)
(35.871967,29.552085)
(4.593254,29.233079)
(20.124938,25.078563)
(54.143955,38.497487)
(53.088923,8.952063)
(26.488325,18.647667)
(10.099977,56.962274)
(41.221514,25.590291)
(14.703806,38.845907)
(2.023977,3.959679)
(11.380042,45.144223)
(9.918639,14.180300)
(9.826360,29.230907)
(13.998914,53.480836)
(4.554311,34.481895)
(39.763832,23.641430)
(25.512732,39.393418)
(4.307129,26.472095)
(37.488745,5.633619)
(13.880270,13.824890)
(34.545064,48.826606)
(55.112239,29.182368)
(12.120551,26.557866)
(44.942813,27.844300)
(2.858303,17.651313)
(28.226264,55.554963)
(1.598262,3.328791)
(55.911048,52.172937)
(11.403138,50.654433)
(20.711130,39.179688)
(32.029248,47.457565)
(49.977084,21.937063)
(3.978076,23.941409)
(7.977949,34.485664)
(40.521769,51.211598)
(30.177688,22.502498)
(59.994900,48.754762)
(12.694230,19.839314)
(16.918309,32.227446)
(7.346561,51.580034)
(36.547057,6.560982)
(45.788010,14.284541)
(44.039278,47.571391)
(10.302071,1.924095)
(48.145458,33.910129)
(12.351183,1.408780)
(37.990003,0.500999)
(13.150075,30.610965)
(16.539208,53.966772)
(2.271160,29.078210)
(27.479250,46.587812)
(23.214684,54.958430)
(46.022306,39.621842)
(12.177878,32.877440)
(52.494073,62.317233)
(37.613735,37.619856)
(8.384569,60.122402)
(31.810244,42.915667)
(33.186791,17.331111)
(14.826588,53.183644)
(36.011021,6.980904)
(16.223687,47.944244)
(1.044778,31.381676)
(59.415448,8.047393)
(15.319771,47.929255)
(15.441645,31.136624)
(37.516225,56.640719)
(42.381488,7.484546)
(19.698315,20.178762)
(36.745864,34.320441)
(42.202320,22.558245)
(38.687128,44.166691)
(1.224087,21.976531)
(55.315023,36.818476)
(25.579175,34.593040)
(35.053786,34.347317)
(56.030881,8.145032)
(48.376046,16.936493)
(39.199997,30.596627)
(27.466793,32.017224)
(39.887684,2.130109)
(12.143466,37.744942)
(34.618781,28.575288)
(31.644179,53.659906)
(23.630256,63.166630)
(1.957336,24.806871)
(41.828644,3.824425)
(23.478340,46.627904)
(35.716673,4.906114)
(47.316470,15.269525)
(53.001122,38.468547)
(5.116603,36.789778)
(4.340898,39.994181)
(20.686071,18.198625)
(17.034424,12.230615)
(39.801002,9.401390)
(38.305848,32.816263)
(13.738975,8.629346)
(52.338876,44.887472)
(6.008318,4.188337)
(59.906619,44.114743)
(44.943154,9.507881)
(4.304247,48.709808)
(40.089865,25.193083)
(16.920765,41.279907)
(25.437719,57.129198)
(40.333577,20.674754)
(28.567609,53.485169)
(53.428609,16.553312)
(44.386340,24.924931)
(4.416298,9.606405)
(38.905565,3.118501)
(24.991040,49.995512)
(32.820983,38.904931)
(13.452490,12.917729)
(10.352694,29.460123)
(8.803118,14.188377)
(28.211063,31.848986)
(2.733199,11.236555)
(15.404913,8.448720)
(41.100364,8.106459)
(41.066212,48.750311)
(56.367027,7.692234)
(13.603252,41.905811)
(13.071069,48.402529)
(26.747048,28.791343)
(58.068895,3.080564)
(39.154871,42.869383)
(7.037961,40.743477)
(18.600395,53.374353)
(45.836856,21.487834)
(48.409990,6.888992)
(43.428907,49.098409)
(25.719072,5.856287)
(28.455007,40.093431)
(53.913220,19.555282)
(22.082621,9.287164)
(29.466465,52.844568)
(24.721427,40.686929)
(63.947005,40.560848)
(40.089794,7.413000)
(19.308007,10.679626)
(17.073503,1.440716)
(39.382619,15.234698)
(57.507547,19.493803)
(43.676081,38.626155)
(32.097950,58.941269)
(21.070445,23.647908)
(36.527518,59.194455)
(57.595465,26.394804)
(26.669876,55.734508)
(47.603880,20.810767)
(8.107652,57.326427)
(59.805293,33.570126)
(46.246749,41.155486)
(44.577023,22.113769)
(16.180276,49.060145)
(40.345855,44.287944)
(26.076660,21.127156)
(47.631797,19.552171)
(46.904643,8.899701)
(14.329033,25.814504)
(7.639836,61.758320)
(31.959316,34.088662)
(31.838140,17.891619)
(27.948616,48.176448)
(5.633285,48.977622)
(37.193073,1.580920)
(6.934746,32.371986)
(50.659466,59.565115)
(50.981225,33.206399)
(19.068347,3.361165)
(21.116371,40.570355)
(45.073327,10.699005)
(7.234175,50.209145)
(42.024466,27.113372)
(55.429851,17.329102)
(50.095707,37.406542)
(20.650976,31.885169)
(38.594005,45.979548)
(16.385162,36.144833)
(36.872743,45.430469)
(37.044086,10.656294)
(35.793267,33.600880)
(25.833678,29.282656)
(20.422277,23.927347)
(7.665055,50.697417)
(26.801186,9.440984)
(30.445010,36.787105)
(37.492018,3.207123)
(51.558906,53.105076)
(30.878552,21.072814)
(50.779270,7.174903)
(50.699834,24.706920)
(1.892305,31.288963)
(16.983872,44.178188)
(24.370390,42.158868)
(45.205986,39.470394)
(45.760110,17.172693)
(59.969691,34.887483)
(43.426922,27.111827)
(35.003647,17.120580)
(12.350590,12.705899)
(31.922217,17.979769)
(18.372633,31.319939)
(56.356699,46.440037)
(24.521647,56.087329)
(33.814285,45.012008)
(19.805306,37.622450)
(1.908663,49.124623)
(56.314862,20.160528)
(49.764197,53.059425)
(55.150390,0.875150)
(37.966279,40.648344)
(30.216357,0.433159)
(9.804155,15.054446)
(36.918469,16.634769)
(0.574806,13.968685)
(61.230393,19.291946)
(29.543978,0.364589)
(32.502839,50.294771)
(51.154989,44.199149)
(40.797387,1.896875)
(7.343287,14.118742)
(26.527882,21.998710)
(52.083009,37.755673)
(55.741995,28.570073)
(38.946018,48.920133)
(13.091411,0.368766)
(24.452199,17.957279)
(49.332168,16.219760)
(28.475625,8.921602)
(26.531529,9.226500)
(51.403549,61.874812)
(57.570056,1.150150)
(47.779645,1.320023)
(52.857310,45.502282)
(34.530789,51.037840)
(39.201809,48.327106)
(40.170112,46.834677)
(41.260846,21.414114)
(3.529365,11.120851)
(49.507995,17.975192)
(27.884829,3.191924)
(32.302797,55.449196)
(42.309242,4.154147)
(31.162373,32.217710)
(20.204234,10.154672)
(29.153997,35.121180)
(50.135365,24.045515)
(21.052176,10.281990)
(47.478466,6.776359)
(6.976264,50.571641)
(33.869956,42.542249)
(13.029705,19.453154)
(35.717717,14.342264)
(45.072192,17.356813)
(46.169600,54.202880)
(2.412729,47.605623)
(51.560541,34.389284)
(51.142448,19.972170)
(2.466154,25.699281)
(25.202342,17.229853)
(17.066187,7.001832)
(39.584185,39.996413)
(10.130031,44.615158)
(41.355645,5.110955)
(49.960835,22.890622)
(16.615371,50.433357)
(16.777086,10.792989)
(14.487919,20.816326)
(30.898770,22.744223)
(48.436460,24.109387)
(18.024534,48.315957)
(25.335981,40.186285)
(22.548828,33.826245)
(23.679450,24.849869)
(53.921582,9.583644)
(49.304919,26.168067)
(49.849249,3.362455)
(9.879842,29.627800)
(35.516249,24.780865)
(46.072049,47.579331)
(31.051145,5.017272)
(24.757820,46.642287)
(47.146714,49.774650)
(20.845415,55.221882)
(12.002235,44.848646)
(27.460381,33.775641)
(6.696489,0.622750)
(31.947464,35.624233)
(7.888381,28.318757)
(16.264249,41.144441)
(58.407453,6.541291)
(40.210336,4.936568)
(4.405548,55.867752)
(40.037111,48.447125)
(44.294532,15.324621)
(34.498920,22.009409)
(40.691657,34.972391)
(3.648898,13.698841)
(13.484232,20.263875)
(16.050746,16.286076)
(26.496146,1.980925)
(49.339110,29.634137)
(4.459843,14.140273)
(2.000139,44.105051)
(54.152332,10.227136)
(20.320479,39.723276)
(33.266964,24.455315)
(15.974021,4.436664)
(44.840546,4.574459)
(32.677672,1.957792)
(17.382437,19.053247)
(45.458541,7.879884)
(49.462011,45.725173)
(39.233103,44.964970)
(18.797244,4.254602)
(35.095951,29.999898)
(27.432739,9.399970)
(17.580358,24.842015)
(22.690038,39.595669)
(41.205039,28.839139)
(25.168387,3.783435)
(17.911382,45.634334)
(55.204314,16.740152)
(7.359378,17.806902)
(11.008635,43.515531)
(22.739503,23.298310)
(26.611182,52.149056)
(9.602620,30.618047)
(37.571839,47.167108)
(3.053213,18.238080)
(28.029615,28.614176)
(49.854043,18.012751)
(36.759293,46.196888)
(8.375218,43.977838)
(36.577169,22.306583)
(34.398549,6.188211)
(49.624535,16.519298)
(25.670185,45.429840)
(10.194603,20.209986)
(43.115319,21.945937)
(47.598812,30.589621)
(16.984907,22.709598)
(38.914654,1.248360)
(8.077029,0.401750)
(13.476547,45.320827)
(23.651795,39.568760)
(37.727793,13.550042)
(58.004612,9.279338)
(24.509757,37.508469)
(45.948167,55.895027)
(39.142301,53.551468)
(20.399619,40.522319)
(20.159604,20.647487)
(53.603551,36.156152)
(18.698408,23.382672)
(56.539757,15.261087)
(32.330442,14.718626)
(11.705178,31.345567)
(47.051973,47.063185)
(53.802190,20.155221)
(25.182179,34.700551)
(14.808921,20.234617)
(45.586673,49.786293)
(34.075298,0.374530)
(58.313975,33.953353)
(42.091491,0.267778)
(48.994649,36.281964)
(33.449536,61.758264)
(43.798869,45.730504)
(37.494278,15.083790)
(8.413956,47.111354)
(8.713515,29.372971)
(26.545269,61.730773)
(26.199836,18.181328)
(23.177871,5.910807)
(29.932861,42.187392)
(12.207702,22.439870)
(24.362562,8.186402)
(58.694666,46.687513)
(44.240914,9.635630)
(19.669831,32.009871)
(39.291038,16.966342)
(17.409347,25.149781)
(33.392256,21.624212)
(32.609810,5.217355)
(56.525565,3.238521)
(52.046226,44.906456)
(31.779179,54.128750)
(45.114190,3.386937)
(7.834515,23.190080)
(12.258767,52.139389)
(3.825362,6.989417)
(8.059645,52.220988)
(3.969330,31.242797)
(64.676704,3.420887)
(23.682541,2.002682)
(14.951693,57.208859)
(0.892991,17.330902)
(8.336638,18.311193)
(43.237525,56.172330)
(45.720534,15.187093)
(5.204197,32.934090)
(48.254799,23.315094)
(52.345577,26.079721)
(31.638766,14.548503)
(45.857833,37.289965)
(30.544280,13.830694)
(18.424159,20.014256)
(42.716745,45.623733)
(55.779076,12.024593)
(38.306659,33.055677)
(47.123406,36.545296)
(38.822470,7.281495)
(57.967663,11.878307)
(15.751875,25.949233)
(17.405801,26.742555)
(33.106865,26.122361)
(9.590434,31.564321)
(38.868913,5.692856)
(31.949700,3.641894)
(49.070794,26.890965)
(3.467430,51.034370)
(13.644572,8.144467)
(12.213082,4.423597)
(32.963688,4.056085)
(54.231252,51.867346)
(11.504529,20.961094)
(13.580637,45.478870)
(6.907572,41.473080)
(22.087455,28.652727)
(8.157816,43.338636)
(30.384451,33.822340)
(27.543803,52.867765)
(45.364694,20.100256)
(60.632351,35.382127)
(34.721663,41.394980)
(18.380576,13.650731)
(46.714248,22.790174)
(49.962727,32.058564)
(31.177497,26.023994)
(62.647934,22.312170)
(46.359130,13.565276)
(23.211726,44.021597)
(36.440733,38.063793)
(25.642924,26.872551)
(44.760811,10.673844)
(47.242786,55.841639)
(21.343411,28.037051)
(0.243405,14.666843)
(37.461275,19.965914)
(0.715183,0.541776)
(15.410490,60.458394)
(15.532482,22.820925)
(2.339334,41.262539)
(36.485408,50.532460)
(7.206081,16.747845)
(21.777079,42.392076)
(32.506425,14.357102)
(33.000744,29.609050)
(41.511166,1.851465)
(4.535624,9.942031)
(52.797794,37.376111)
(42.111993,19.759849)
(16.996601,31.034423)
(25.042560,31.753440)
(26.462873,22.488828)
(45.309993,15.228827)
(3.556200,2.547606)
(16.241267,19.618877)
(23.130830,6.663430)
(53.915542,15.864397)
(45.649850,39.323908)
(6.705838,52.831536)
(0.518880,46.791150)
(2.405214,9.334527)
(42.751294,28.529003)
(54.812189,49.758619)
(32.355058,1.106663)
(18.351808,49.702264)
(25.365901,28.058741)
(12.165933,0.968042)
(8.332521,50.539896)
(57.495626,33.273898)
(26.735537,41.339183)
(28.820860,34.063789)
(17.614191,47.537801)
(14.729062,26.126753)
(35.750102,33.162029)
(44.341900,47.407830)
(9.998910,32.438111)
(15.825780,9.621682)
(21.009619,58.070936)
(25.320854,12.421592)
(7.913026,43.278754)
(28.893030,33.823317)
(25.514157,30.486532)
(44.297980,23.719714)
(27.486896,39.734287)
(55.076665,2.440015)
(55.937731,5.212376)
(52.298657,56.284853)
(5.481083,20.121774)
(37.585232,1.461588)
(40.181519,27.892956)
(43.986871,8.723725)
(62.076287,17.866557)
(45.152088,44.270905)
(31.976946,1.285055)
(33.073812,32.729538)
(4.818195,2.444951)
(2.692597,11.536906)
(23.214296,12.811940)
(51.927864,47.425945)
(28.270617,58.986773)
(35.136951,51.382676)
(44.420976,16.930234)
(24.261229,43.600225)
(3.935731,57.758359)
(6.736480,4.158491)
(49.107267,38.302541)
(37.069480,53.357695)
(44.781597,14.242273)
(42.703243,6.862627)
(32.587357,44.392745)
(17.863317,48.443400)
(36.456162,42.046939)
(16.442587,52.238767)
(22.411933,21.434519)
(3.647942,39.543150)
(25.776459,17.962022)
(50.619017,17.590006)
(0.546164,59.686049)
(24.253686,36.849776)
(14.704714,46.778407)
(58.435910,45.345877)
(57.881170,44.860546)
(25.441115,51.692364)
(63.136610,5.122086)
(1.733904,12.900862)
(4.505597,8.818306)
(31.275498,37.371908)
(1.505931,9.675727)
(20.168350,23.304400)
(48.174085,42.125073)
(11.602408,13.709582)
(39.512800,11.477934)
(10.516807,8.798955)
(42.299077,53.985648)
(24.820511,31.782259)
(51.589060,41.629464)
(34.309033,40.429651)
(12.421816,0.705091)
(51.083666,34.165734)
(12.424877,7.937662)
(30.456653,53.538247)
(24.269938,7.370771)
(39.057734,22.388522)
(25.014534,29.198160)
(26.309294,54.653986)
(2.787716,1.205859)
(19.940221,47.381909)
(40.220807,22.087581)
(4.483484,51.346103)
(11.582893,37.612398)
(35.164622,29.649929)
(46.259895,5.690113)
(9.851538,30.955136)
(29.066901,17.261542)
(15.767310,28.436934)
(2.727027,57.975818)
(33.716017,19.147760)
(10.917939,54.400706)
(6.429257,8.622130)
(6.413461,44.334886)
(9.959209,12.901817)
(9.697886,52.625227)
(43.466034,34.052192)
(20.755711,22.883546)
(42.416986,44.943170)
(17.719020,0.328043)
(23.876343,22.621536)
(6.305373,41.886272)
(42.859321,48.772447)
(60.084773,2.404517)
(46.692256,46.567861)
(55.568132,31.902261)
(43.257142,6.164336)
(38.180526,6.694480)
(21.147040,33.899662)
(5.984400,15.704160)
(21.116587,1.776759)
(52.291893,17.214784)
(3.262349,5.557682)
(51.290276,10.120457)
(17.554117,43.957539)
(16.268864,49.166377)
(17.963486,29.987286)
(55.261222,14.702006)
(10.134913,60.279287)
(50.288572,13.656994)
(19.941973,30.567782)
(53.000852,17.123651)
(19.588787,20.527860)
(38.295018,4.969006)
(44.064829,20.989560)
(50.049380,39.173770)
(34.760282,14.714080)
(1.088005,8.949208)
(46.310423,41.595783)
(26.196855,40.857839)
(44.862595,22.586604)
(12.420454,15.088646)
(2.958128,40.472598)
(31.574112,26.968360)
(18.844170,7.761263)
(42.608291,54.079391)
(37.802277,21.405831)
(48.989586,46.399722)
(34.909202,1.725215)
(20.669089,55.894082)
(6.816735,22.029502)
(30.622651,50.461162)
(25.914253,49.990191)
(47.388470,22.524719)
(16.529676,11.685992)
(6.201817,16.537718)
(11.405468,37.251381)
(24.949013,3.082909)
(2.932508,17.315467)
(3.418176,5.589059)
(55.866987,45.111821)
(55.685714,40.206454)
(3.697382,8.169325)
(57.284625,38.955059)
(40.208694,14.245998)
(50.083325,37.248326)
(24.730229,12.562659)
(43.525828,13.548611)
(21.704249,24.628067)
(50.814696,18.090908)
(45.339681,9.212417)
(51.229985,11.881943)
(20.336413,41.306895)
(13.411538,12.352451)
(33.416571,46.930347)
(54.467456,3.080010)
(44.721216,56.350675)
(36.777516,22.933374)
(8.626851,37.657879)
(39.282039,20.139605)
(53.339480,2.750325)
(38.379514,45.427610)
(20.338475,47.962489)
(50.010809,23.466528)
(53.667215,17.390492)
(4.111686,11.027700)
(13.177949,35.811247)
(15.983764,13.408865)
(16.335946,3.712126)
(15.600075,53.597459)
(48.517532,17.251149)
(37.393563,25.333246)
(25.715113,57.397650)
(36.751514,45.728780)
(55.491372,17.461314)
(31.561136,6.315298)
(12.244462,49.687441)
(11.633709,51.504670)
(26.988740,0.743661)
(57.499051,25.277589)
(25.591447,23.450145)
(52.638773,51.552655)
(43.327328,48.335485)
(18.458939,16.762265)
(49.864730,46.789122)
(23.561444,15.268400)
(43.567718,40.470800)
(9.166771,32.491456)
(51.800965,6.566774)
(13.243188,32.599303)
(44.068404,48.863026)
(20.174379,57.446060)
(1.796221,23.797522)
(18.047029,31.489942)
(20.946932,41.605985)
(41.777227,60.708538)
(40.731012,40.831504)
(13.523291,51.470742)
(3.011278,19.293771)
(23.432784,41.079802)
(14.864830,18.938498)
(21.458164,36.073250)
(27.737951,20.108587)
(12.089198,39.940635)
(6.917466,48.886096)
(17.308777,18.454632)
(38.120652,8.296794)
(38.942938,6.904747)
(36.098301,11.706421)
(46.206162,5.581785)
(32.957798,25.192075)
(36.084661,47.346287)
(13.311997,0.847929)
(23.906163,46.320783)
(10.379558,33.265477)
(36.893677,11.468381)
(23.724911,33.623129)
(35.058544,20.293457)
(48.322346,29.172416)
(10.999510,31.352985)
(46.561300,37.387236)
(0.396569,58.038785)
(54.830688,33.014531)
(49.896255,38.803057)
(24.782339,13.110608)
(6.635561,36.534616)
(25.134690,17.413151)
(4.270431,27.268523)
(46.542151,52.951209)
(33.599818,50.475941)
(47.155419,54.539392)
(23.695588,39.724584)
(45.640636,54.404797)
(25.278829,11.679240)
(5.361602,29.835881)
(34.083996,3.692630)
(8.701670,16.681006)
(10.048611,7.563185)
(20.344270,10.632728)
(57.526249,23.764038)
(2.535027,52.528202)
(31.654519,27.674451)
(27.626430,48.590152)
(57.712300,2.439736)
(36.996871,3.276837)
(45.844717,1.168730)
(3.310142,42.109888)
(40.351123,44.597105)
(33.064685,22.327862)
(45.533303,3.636147)
(2.791722,33.133258)
(12.251503,25.993729)
(28.667281,17.544233)
(11.550664,51.718212)
(25.951252,42.222737)
(13.537183,32.421912)
(11.947696,34.373243)
(15.024523,36.438437)
(22.926474,7.196762)
(7.486610,4.326200)
(25.823463,42.614961)
(27.614254,16.920222)
(38.544336,36.339937)
(10.958088,7.443664)
(35.392926,27.587652)
(61.565264,8.439718)
(52.494833,1.426434)
(21.559159,22.555043)
(12.009193,0.182821)
(2.301311,19.674908)
(15.003896,22.114053)
(49.349660,16.366447)
(54.382043,28.619895)
(10.903743,50.842534)
(42.615142,5.477069)
(33.142008,37.367882)
(41.805994,34.397536)
(7.346476,33.018410)
(39.917867,54.655712)
(13.048599,16.985810)
(35.804151,33.032245)
(22.934726,42.124570)
(41.513392,16.204400)
(30.121006,34.126086)
(2.429695,21.402668)
(18.686422,46.695981)
(12.919246,20.010932)
(35.566857,14.906584)
(14.231704,38.219406)
(14.070071,45.393384)
(20.173674,9.790362)
(41.821695,45.739764)
(11.359383,2.911950)
(10.591966,38.452381)
(26.437060,11.599421)
(31.593058,5.985251)
(32.807194,7.560784)
(50.810939,57.229917)
(52.835002,26.604364)
(34.831720,33.000362)
(46.072239,13.526227)
(21.945972,34.080192)
(40.234580,48.555007)
(31.486373,9.827769)
(42.839023,50.125192)
(15.337587,27.398857)
(58.560775,12.686429)
(10.766578,42.105714)
(26.387630,28.031292)
(27.016257,9.634952)
(8.636162,41.783262)
(2.282779,49.184899)
(43.369258,46.249828)
(10.170098,34.066847)
(61.129465,31.573161)
(19.486192,54.652292)
(4.807377,13.097620)
(11.507158,34.079058)
(24.963326,51.603650)
(16.347836,20.599833)
(10.617838,8.074905)
(48.766778,0.089616)
(40.807394,16.914766)
(42.000026,33.926244)
(44.700664,31.018735)
(48.496643,9.553981)
(11.684116,0.610655)
(39.989958,55.155237)
(9.295232,47.245196)
(45.488722,22.357804)
(33.584466,35.064465)
(18.225289,48.987057)
(6.193246,28.857203)
(25.815172,35.231734)
(14.303113,23.851292)
(8.173921,5.508754)
(35.015999,9.933965)
(2.703021,11.066156)
(62.801930,0.130209)
(40.065575,24.589396)
(38.950660,39.525962)
(42.464918,16.913188)
(31.455107,14.525267)
(47.203572,23.238945)
(31.950173,47.693032)
(30.081162,11.325342)
(30.745504,3.099670)
(12.413319,7.641281)
(50.779645,40.477097)
(36.784237,15.728120)
(19.233145,28.568682)
(5.287231,25.503060)
(29.748699,46.463266)
(22.621813,44.374628)
(10.692699,14.335007)
(34.987403,37.878850)
(45.034427,1.530205)
(36.326926,30.847127)
(51.623867,12.276884)
(21.459960,53.358837)
(22.765681,32.588424)
(45.656560,27.128564)
(9.171595,26.466745)
(51.121805,53.624909)
(46.402541,44.315742)
(2.768247,53.487342)
(42.973751,38.253358)
(10.180956,23.541675)
(34.788102,2.857926)
(40.598332,8.751220)
(10.368004,38.274985)
(15.776930,50.117149)
(36.433136,14.915478)
(3.458113,45.019792)
(47.717255,11.195766)
(42.316007,3.389297)
(24.393729,30.402706)
(36.633345,5.606146)
(41.524052,21.508714)
(46.973890,47.282044)
(29.657737,45.445066)
(44.368851,37.212182)
(36.045152,12.584824)
(59.516081,55.216257)
(17.028884,38.989919)
(3.385561,12.931412)
(1.562715,46.370547)
(14.543195,7.903514)
(46.722819,33.819751)
(25.557842,17.808128)
(33.651368,13.533041)
(31.590921,40.686317)
(53.007654,52.201778)
(41.995757,24.631208)
(14.529249,0.308356)
(7.791324,9.238244)
(4.789650,46.273180)
(42.542295,37.020940)
(26.909260,12.882947)
(8.972047,48.213978)
(16.317847,33.285732)
(16.189874,53.827969)
(11.230034,46.687823)
(22.118788,26.994978)
(23.781873,16.948533)
(9.939372,16.322068)
(15.749803,44.622624)
(6.698373,48.016620)
(44.387787,56.899971)
(43.760422,18.073055)
(34.692069,29.219268)
(37.694138,53.155201)
(18.948014,1.623536)
(49.829580,1.241375)
(52.701506,40.574646)
(4.180161,57.311493)
(40.877578,7.845057)
(39.166082,53.486821)
(23.480717,50.018831)
(38.477247,0.150254)
(6.966410,8.272913)
(12.182789,9.674540)
(54.677542,32.586575)
(50.832036,51.112194)
(52.810876,19.657270)
(21.793542,29.461646)
(17.562096,50.454690)
(52.766018,49.966923)
(14.896753,13.699903)
(38.682294,43.855599)
(26.327156,31.855711)
(14.390545,17.676614)
(20.009254,20.871213)
(27.077681,30.842999)
(1.632770,25.048077)
(23.753980,16.458374)
(5.706047,50.738766)
(53.202587,41.451218)
(25.508819,6.280562)
(60.534727,16.932465)
(3.584597,20.562356)
(26.319388,50.859414)
(23.153841,38.097917)
(53.823670,48.310803)
(37.955767,46.932564)
(13.089490,59.106823)
(28.061330,53.829373)
(44.321798,54.055359)
(21.244793,49.576455)
(15.113871,27.656756)
(28.966383,13.491832)
(37.969213,23.077319)
(4.849098,37.088532)
(2.970077,44.429338)
(43.582487,37.992519)
(32.565066,11.947150)
(44.240597,32.209008)
(46.723149,17.919229)
(3.092168,34.045465)
(30.633903,2.282046)
(44.710068,42.236858)
(59.567635,36.133711)
(14.712291,36.572298)
(17.158734,31.655883)
(47.806631,6.624504)
(40.905455,41.681222)
(57.004887,25.997680)
(8.779278,48.494556)
(24.558949,7.906814)
(52.642739,42.463161)
(45.364787,26.067111)
(54.960400,47.825981)
(45.753019,5.306056)
(47.155741,5.003251)
(11.416960,14.762433)
(13.958240,2.526082)
(25.857008,16.151144)
(35.700685,35.395639)
(7.827611,0.935339)
(54.100261,36.137352)
(50.122661,15.329607)
(8.742463,25.859624)
(2.251776,28.071368)
(42.869074,21.752153)
(54.203837,13.150735)
(29.676732,0.861031)
(1.615235,11.740969)
(15.747738,39.331245)
(38.175579,32.761973)
(10.431881,27.500347)
(8.459531,5.449657)
(35.437078,25.320612)
(14.016261,0.580428)
(55.998046,20.036895)
(29.424582,2.125129)
(6.751506,20.418854)
(58.729055,15.606694)
(39.271039,5.966257)
(47.582966,47.236388)
(45.484035,50.408346)
(16.380544,10.075842)
(5.371588,27.229475)
(30.102810,49.693502)
(49.623117,8.946591)
(31.739441,58.636586)
(44.638306,17.590948)
(42.797393,40.891265)
(43.711416,11.679831)
(13.054071,29.428380)
(49.500854,55.969373)
(36.546211,58.648199)
(10.447187,13.871746)
(37.974530,51.585757)
(0.271230,43.112917)
(45.502786,14.194177)
(29.961903,8.919079)
(37.759902,46.250732)
(34.568694,37.168053)
(19.942254,2.663104)
(2.530719,23.993389)
(18.738286,10.051093)
(33.627695,13.085275)
(26.799754,28.069351)
(59.120991,34.409787)
(17.010141,28.211261)
(4.088493,61.938297)
(10.223348,13.183916)
(51.330454,61.595191)
(21.844896,27.321574)
(14.293393,17.290758)
(17.565185,48.910358)
(53.218285,4.615604)
(10.501596,27.462066)
(48.743848,60.389333)
(13.402249,20.556264)
(23.604843,44.166934)
(33.032667,23.046076)
(27.159760,26.731644)
(15.619165,6.389842)
(48.694779,35.798647)
(4.558697,12.098362)
(45.922693,47.813751)
(29.333549,25.837964)
(54.520281,26.999075)
(35.795931,42.371987)
(43.750866,26.011845)
(10.112233,19.772128)
(17.343878,41.446250)
(25.905737,50.122508)
(43.445562,38.276892)
(26.201431,2.121358)
(29.470078,35.210279)
(53.233795,37.064177)
(11.370924,28.592965)
(47.988135,5.249700)
(29.233535,51.151536)
(47.370172,45.646297)
(13.161922,29.318540)
(20.882931,20.061649)
(3.018439,50.574409)
(55.582983,2.221411)
(25.982317,8.903131)
(47.104991,7.687677)
(20.200957,26.319946)
(53.097539,54.790507)
(44.813389,24.573051)
(11.223125,48.221890)
(20.547452,59.945205)
(1.135177,31.728359)
(33.044684,8.719958)
(31.745850,18.727959)
(36.966732,9.060288)
(49.162449,49.225204)
(43.155130,50.888306)
(30.625668,1.677118)
(18.404251,3.900912)
(31.722627,23.627649)
(39.158546,10.690499)
(40.641270,28.999327)
(17.171628,26.117682)
(0.515458,3.197139)
(0.342803,13.660805)
(2.109717,8.843445)
(50.419233,28.145671)
(7.320807,27.421909)
(11.775322,33.750103)
(25.826989,25.404430)
(11.377127,15.743320)
(1.840552,34.946614)
(63.809029,29.585537)
(19.245840,47.464091)
(14.286563,25.782753)
(44.108453,21.159606)
(11.541291,49.704810)
(22.429913,39.685044)
(40.206110,21.682104)
(45.323951,18.691861)
(8.715862,42.073155)
(36.426692,33.368898)
(30.100769,26.826980)
(60.604619,18.241128)
(42.588218,39.505533)
(4.103835,44.499485)
(36.171389,43.136204)
(7.049337,5.179321)
(53.028669,43.075444)
(52.684389,14.274414)
(12.286166,28.775381)
(13.485116,45.168019)
(17.451345,22.694262)
(31.534220,8.672731)
(47.519015,15.393581)
(12.302815,47.669132)
(20.044214,11.705295)
(41.858285,29.795902)
(42.952993,35.218157)
(6.940175,0.663195)
(6.897243,14.125344)
(5.136790,25.733517)
(9.170656,27.625279)
(58.050561,2.957355)
(41.244623,31.461791)
(38.356444,23.293034)
(13.390278,48.270389)
(15.352352,24.314551)
(60.560965,23.559986)
(30.264116,53.461916)
(18.065502,6.501322)
(15.657233,29.880855)
(38.938075,18.924566)
(43.611971,52.693499)
(32.488729,28.892930)
(18.384064,4.914505)
(43.969696,3.935929)
(47.301819,54.812164)
(25.945298,3.019300)
(60.051148,45.097157)
(57.993415,21.697599)
(34.031228,26.863030)
(19.015543,26.036177)
(4.752639,10.034124)
(36.729369,22.429165)
(43.578149,3.570546)
(29.703206,22.441753)
(44.793202,37.249168)
(44.399361,44.411537)
(9.325230,9.724987)
(5.559061,28.339952)
(55.145712,2.482832)
(51.025840,3.895261)
(5.729322,48.906331)
(33.298439,20.831961)
(51.678478,36.086317)
(24.420998,45.573229)
(4.750016,11.033336)
(20.366395,45.898075)
(49.437496,34.293492)
(12.950276,43.660175)
(55.912589,57.341555)
(28.525903,63.520008)
(30.559310,12.102333)
(22.610119,24.982743)
(42.926082,49.036521)
(5.893053,24.583054)
(24.845657,2.975982)
(24.054579,1.108205)
(8.941209,36.955699)
(31.779770,11.919645)
(5.480346,52.847856)
(22.548895,9.678074)
(22.070626,42.439383)
(51.381272,7.443441)
(11.219888,16.937953)
(36.282326,24.623058)
(9.380133,47.891556)
(38.101411,3.892127)
(18.837763,20.359129)
(8.311228,17.062413)
(44.993400,27.047060)
(30.636319,49.837589)
(21.045130,21.889047)
(29.296130,0.076829)
(36.175204,16.522730)
(43.346329,45.992784)
(16.403220,46.043654)
(43.689266,44.354093)
(29.821031,41.032797)
(43.363678,39.471469)
(51.908069,51.029550)
(5.705233,31.465507)
(6.714455,56.967809)
(23.723142,7.220883)
(56.464047,35.684946)
(36.743956,41.896502)
(0.324309,9.399092)
(59.874571,38.188326)
(17.799065,1.963000)
(20.684129,58.649130)
(26.232830,40.306598)
(47.401571,21.960044)
(0.156871,5.152880)
(23.896242,49.416799)
(48.565217,3.358728)
(14.602199,50.447133)
(30.800367,6.053304)
(43.442262,42.726295)
(29.699320,54.948052)
(35.252301,19.456090)
(15.093048,38.431099)
(16.323779,1.041664)
(19.547279,53.570436)
(17.554647,46.363928)
(42.404893,6.977620)
(44.438303,11.993367)
(14.528194,53.556869)
(19.323203,17.450835)
(48.579897,61.013073)
(0.311128,10.014233)
(15.453309,39.574564)
(11.305465,52.026265)
(20.748149,14.975330)
(41.620247,51.879369)
(7.269601,17.175574)
(5.123950,4.253427)
(15.780497,28.483303)
(40.438143,12.332221)
(18.737726,12.187015)
(55.631249,31.716616)
(22.190867,27.699171)
(29.731077,60.496949)
(28.668094,37.214593)
(10.914501,19.317313)
(38.935135,1.123558)
(39.732282,27.981496)
(47.405790,24.865039)
(2.518691,34.845390)
(47.610050,25.153617)
(7.676317,39.919722)
(26.035299,57.650877)
(12.639360,26.343461)
(2.106158,39.158811)
(9.073927,13.973998)
(6.075185,48.633356)
(50.186468,3.003764)
(0.512571,22.327087)
(41.682265,59.562001)
(7.875204,29.354408)
(47.087650,21.668143)
(27.658570,4.091953)
(18.974008,45.057902)
(39.678558,16.018898)
(23.660122,33.552953)
(41.998648,28.613972)
(40.202612,30.891372)
(15.832577,46.455456)
(22.773387,50.718888)
(43.649616,1.553063)
(30.650162,46.988449)
(8.110123,50.991417)
(27.381640,13.895165)
(37.292882,31.916919)
(47.330499,43.909665)
(35.189069,23.618474)
(41.656006,38.603853)
(5.133926,59.250254)
(50.771082,25.795611)
(36.793010,30.044734)
(3.436316,27.854834)
(43.152059,1.760460)
(31.843266,5.277211)
(18.518337,20.063293)
(41.495152,29.824669)
(60.165838,53.766419)
(11.692115,27.368433)
(30.624715,1.300279)
(9.505172,48.566379)
(16.359152,27.447394)
(38.809684,49.018916)
(48.308440,7.088859)
(43.177073,55.319549)
(51.475890,43.946469)
(19.121625,19.519901)
(8.910517,8.243461)
(39.609931,43.084491)
(52.723268,27.715480)
(45.161504,9.744550)
(20.949534,7.527456)
(8.435889,5.776156)
(7.310639,0.833694)
(10.576334,51.167213)
(10.673135,50.239324)
(29.865776,3.011880)
(23.031523,7.408738)
(12.541131,4.689858)
(34.456421,12.225655)
(20.156970,55.642708)
(21.806256,47.621846)
(6.137291,7.443150)
(21.698832,53.227971)
(21.785210,27.299919)
(20.864887,26.567381)
(27.111482,13.712308)
(18.621666,42.308754)
(33.287354,59.748533)
(9.865275,36.405638)
(17.704712,14.036397)
(14.519723,58.599927)
(50.603523,26.271871)
(36.431095,1.576229)
(18.345266,28.762939)
(4.730064,37.848722)
(13.250589,56.793877)
(14.062718,47.904272)
(23.137799,13.562978)
(42.321262,4.428342)
(10.977979,22.357097)
(42.061266,52.138955)
(23.262900,16.846821)
(15.369491,45.305406)
(59.446917,53.527872)
(14.495821,50.744898)
(37.174139,9.300603)
(44.989777,1.977692)
(32.231115,19.732457)
(54.382083,34.786524)
(49.612817,53.229428)
(13.092068,32.188159)
(35.240644,45.826322)
(35.261045,47.388882)
(4.391754,47.697339)
(46.835016,45.139397)
(27.628766,11.699255)
(48.607271,19.542597)
(36.467261,5.439769)
(28.096698,38.074466)
(43.673678,44.655310)
(44.080376,38.548393)
(48.310722,5.003514)
(20.734072,27.290275)
(15.317133,19.055904)
(19.806673,34.208323)
(12.620992,46.139132)
(27.966832,43.477312)
(52.853489,52.732092)
(42.654793,44.683470)
(44.697167,35.119279)
(14.248318,18.351790)
(36.176057,21.606514)
(43.454053,37.004513)
(42.915092,46.468880)
(32.669329,30.458955)
(14.173860,40.586189)
(41.440409,17.379847)
(0.294143,22.450334)
(28.471213,13.169441)
(25.058707,56.147739)
(32.127264,4.026374)
(31.678391,6.741216)
(18.691503,48.813546)
(37.893113,35.394685)
(28.025497,15.654785)
(38.198940,22.647630)
(18.447411,60.088189)
(49.065052,25.523110)
(45.663366,0.976811)
(55.040426,34.693367)
(46.480326,28.558878)
(52.811936,6.720365)
(56.346612,12.802035)
(19.929887,33.138364)
(21.996317,32.315940)
(32.403636,62.574092)
(23.196431,12.083792)
(21.219178,5.269649)
(43.419377,57.012046)
(12.180826,25.137940)
(50.398490,28.192823)
(59.389922,45.555575)
(4.915681,27.866232)
(43.096856,21.773208)
(15.586240,37.569364)
(60.037376,2.526763)
(37.000078,42.243651)
(27.973823,40.623942)
(4.420567,46.723653)
(51.420766,30.892851)
(40.721137,41.378775)
(44.814418,12.440344)
(20.901651,21.244988)
(40.331080,23.980008)
(41.405718,0.084298)
(0.837147,50.833961)
(20.594384,43.479917)
(35.678538,0.284255)
(17.805852,8.761266)
(11.842697,36.857466)
(7.791669,60.382706)
(50.135310,35.890048)
(9.690541,35.646316)
(8.273051,22.012781)
(13.304741,0.430980)
(7.053830,40.463803)
(28.258042,16.770963)
(3.315293,1.441994)
(12.692009,37.431592)
(15.668088,25.851773)
(40.147816,52.819754)
(55.450916,19.959038)
(0.797579,6.983138)
(35.602168,25.941580)
(36.494787,21.628517)
(40.563283,14.719595)
(21.282322,2.567317)
(35.721940,43.999054)
(54.979959,1.622575)
(45.733988,34.716601)
(45.714241,26.470986)
(1.955892,9.020433)
(6.702977,25.829289)
(13.198063,25.765304)
(6.762703,6.075888)
(23.449183,59.577059)
(40.429821,4.518258)
(21.901773,43.507725)
(10.846924,38.530283)
(18.920008,7.587444)
(31.503664,25.456115)
(45.493136,17.769274)
(3.322138,28.253988)
(51.209440,15.132347)
(53.375218,27.319007)
(50.022073,45.738498)
(37.880085,33.502901)
(49.745368,2.198608)
(2.026704,32.440584)
(7.149792,15.638375)
(54.665267,20.060407)
(6.310620,27.188807)
(30.523410,51.854801)
(38.217280,46.561462)
(44.856259,29.300771)
(40.773505,27.373895)
(28.109557,31.101334)
(42.422479,3.740059)
(5.438310,43.680412)
(39.772396,4.919517)
(23.460354,3.057702)
(27.441150,17.595213)
(21.325391,34.760227)
(12.078971,37.326859)
(33.141282,3.928951)
(26.567902,12.344768)
(41.402127,12.873346)
(59.972156,53.307781)
(4.354818,32.785803)
(24.275470,41.646503)
(32.029915,49.431795)
(1.297781,21.841329)
(36.325073,41.788723)
(48.967305,43.291797)
(42.265018,37.381744)
(48.803966,3.601943)
(30.052589,25.999580)
(22.910916,27.781891)
(56.456645,32.269954)
(25.491589,29.589164)
(8.576901,41.160849)
(50.314874,37.926792)
(34.191928,22.906924)
(28.087650,50.015823)
(9.302845,12.431111)
(29.016702,16.866231)
(19.579139,56.718184)
(1.429570,10.788269)
(28.388372,18.547263)
(30.671734,35.306535)
(45.331725,16.617429)
(25.194699,39.846269)
(8.174028,5.114116)
(23.661486,29.665915)
(56.612554,26.111100)
(4.267068,28.132344)
(55.350340,36.103357)
(0.808465,3.428305)
(1.214052,37.655546)
(39.800663,35.665466)
(16.916275,37.611255)
(3.040526,17.747195)
(40.563135,15.035150)
(12.373243,59.806776)
(12.297898,30.502074)
(50.453118,5.930393)
(4.902768,46.408481)
(25.583308,52.904465)
(11.614822,58.744304)
(33.220269,49.085220)
(29.511352,39.789895)
(23.728477,2.991573)
(5.511587,57.207595)
(36.646158,26.673782)
(56.400462,22.044872)
(33.758083,22.371705)
(30.580168,17.035190)
(17.826263,19.745598)
(16.459769,7.271565)
(10.475786,12.588835)
(52.951878,55.815063)
(44.203141,41.843097)
(28.556933,41.261859)
(10.569106,46.661134)
(50.574758,52.312948)
(21.874108,30.059234)
(39.154919,20.816619)
(7.246175,25.649347)
(60.677685,46.195394)
(38.959594,48.113916)
(0.253232,38.419155)
(44.550753,47.693208)
(24.974764,30.330481)
(8.971113,27.263106)
(49.148011,24.095209)
(29.909836,10.477934)
(1.671969,37.393100)
(49.220503,28.309973)
(45.008878,40.351857)
(34.084503,22.062456)
(8.486823,15.256707)
(31.325847,54.158508)
(0.188087,45.781810)
(37.133820,39.708497)
(50.806555,46.282952)
(48.646371,30.047213)
(46.837427,6.336962)
(10.338388,23.624166)
(7.694410,41.081844)
(28.749489,51.092064)
(56.707291,52.465009)
(12.627639,27.363591)
(44.395473,34.589202)
(26.679647,1.442260)
(43.743537,15.135834)
(59.667701,58.038981)
(13.614336,30.951054)
(5.708139,40.853378)
(41.808343,34.983901)
(44.046957,6.002987)
(20.430107,51.190706)
(2.017066,24.230423)
(21.986824,41.021942)
(52.655837,18.649977)
(13.208971,44.926395)
(50.998235,30.087981)
(4.469831,42.622732)
(1.799136,45.039917)
(51.751676,19.313223)
(42.637589,46.654087)
(26.397056,35.426496)
(34.159058,14.088109)
(14.037552,42.660344)
(44.316619,13.467200)
(37.554973,17.675719)
(26.267218,33.332913)
(50.484435,45.563461)
(30.876904,26.066512)
(43.372990,16.150517)
(34.620243,53.220620)
(3.585439,44.733618)
(62.198785,13.398474)
(27.191565,22.873684)
(3.384405,18.783545)
(55.820919,0.672147)
(58.026238,7.611070)
(52.717348,48.975282)
(33.717889,52.748116)
(52.602318,54.507343)
(11.756152,20.097252)
(58.562467,35.354709)
(42.669650,5.733779)
(2.292928,2.882544)
(41.379576,54.469771)
(24.699886,15.949744)
(29.707271,0.479968)
(39.103096,50.357201)
(17.454594,36.972718)
(48.158590,30.309930)
(31.914529,49.122066)
(31.041986,43.924402)
(42.662488,57.017024)
(9.505217,11.545912)
(21.174750,1.795291)
(18.129631,44.795042)
(1.870010,50.486474)
(0.729614,14.251096)
(31.650924,42.047359)
(52.637241,23.405878)
(3.234436,45.872919)
(3.067996,57.072891)
(52.895391,33.048806)
(45.541701,32.460535)
(23.529198,41.856811)
(17.902191,8.443253)
(9.062623,14.867506)
(40.975658,15.237053)
(45.690378,17.949900)
(40.819361,34.018102)
(54.356304,20.344757)
(43.083351,6.111005)
(4.839398,5.640780)
(13.584831,53.481922)
(54.861403,28.501565)
(19.764339,33.503093)
(22.651048,11.967312)
(46.048657,55.097523)
(56.941391,15.268128)
(44.667745,2.878849)
(50.488829,46.659103)
(13.401862,38.184807)
(29.260993,50.783617)
(54.205885,13.286567)
(28.097139,37.640094)
(62.806134,16.284236)
(26.177150,16.659975)
(44.992122,27.034719)
(51.151209,17.043213)
(1.418597,31.380770)
(14.141965,24.118867)
(58.515901,32.509163)
(43.823315,39.789513)
(5.458894,12.234992)
(8.206158,0.400829)
(36.976656,22.844788)
(13.971114,58.476137)
(8.673664,51.156712)
(47.534768,8.993696)
(16.346886,48.561172)
(43.288580,0.087958)
(32.126482,6.885423)
(10.829089,6.170077)
(14.290689,43.366553)
(6.201434,7.861069)
(32.026979,4.624956)
(55.748123,46.934929)
(15.213196,59.254114)
(37.315311,59.269827)
(48.958513,53.028495)
(49.564741,17.951816)
(39.324949,11.997172)
(1.769896,45.677020)
(25.087473,53.591310)
(12.385072,15.337576)
(56.265989,29.058063)
(34.590072,38.081918)
(47.167466,29.263639)
(30.868123,29.152319)
(21.415790,12.062767)
(31.644929,36.380491)
(46.533101,48.590340)
(5.809213,59.460616)
(12.020567,46.704002)
(32.265388,25.001865)
(15.378548,27.373776)
(32.007648,5.472975)
(26.102315,2.629153)
(4.605587,2.377741)
(33.624599,36.138539)
(43.829261,16.465480)
(35.381436,19.777042)
(44.987941,10.989366)
(43.626007,32.536171)
(52.280324,23.052854)
(17.888326,52.158772)
(21.133699,6.415195)
(8.125698,22.779400)
(49.007679,22.824976)
(6.903319,29.596568)
(50.930027,13.918810)
(21.381489,49.921642)
(0.253426,50.829811)
(30.910666,0.922019)
(14.386971,43.111784)
(41.017348,0.125491)
(16.875938,14.800098)
(14.841702,31.569908)
(14.746622,11.195218)
(54.365328,40.482472)
(44.049123,8.864703)
(7.153056,11.302279)
(21.206637,16.438507)
(29.174964,14.091394)
(8.492957,38.325742)
(28.810619,22.263986)
(10.932574,33.438546)
(3.113634,9.836070)
(45.950674,48.882182)
(36.165525,19.215627)
(34.114167,6.960559)
(28.781402,40.612377)
(31.087443,9.063555)
(17.740651,0.172481)
(16.386129,12.169241)
(34.381939,9.494693)
(51.784840,10.299443)
(53.638966,10.920822)
(4.482370,11.347767)
(0.006086,32.299183)
(44.504262,50.477898)
(40.932617,48.741416)
(9.883077,61.680876)
(32.514057,15.304272)
(60.310037,42.378574)
(54.865061,48.569235)
(13.186651,12.487449)
(3.577246,5.996331)
(29.726461,63.162135)
(13.301537,50.670165)
(35.462870,40.607803)
(5.027143,4.683529)
(30.433995,28.196973)
(14.860048,35.044585)
(34.066109,29.812760)
(44.794721,34.228182)
(53.148280,10.408089)
(51.579704,8.872112)
(20.057967,15.494337)
(53.403263,3.183302)
(48.080536,37.269719)
(48.331036,23.765007)
(40.505132,42.702967)
(48.357450,45.731196)
(33.446194,35.525886)
(38.657205,11.905978)
(44.858698,47.385895)
(45.883052,50.715025)
(19.200579,27.736264)
(14.895240,40.627471)
(0.707715,6.187226)
(13.863079,7.662524)
(57.724002,57.257755)
(9.779622,1.271789)
(43.412768,30.330554)
(14.118528,16.936520)
(35.801398,51.803991)
(44.801897,44.085299)
(42.919605,4.706441)
(39.618038,28.417291)
(48.547033,18.357698)
(54.737243,8.004716)
(12.338112,38.621464)
(7.446709,14.063408)
(17.327174,1.607601)
(35.598661,46.732119)
(56.383489,35.487806)
(38.816529,3.213593)
(5.050454,50.047686)
(3.248819,12.314501)
(34.548816,32.868031)
(3.270282,45.894185)
(10.329379,1.250619)
(9.522112,37.300787)
(19.729710,26.700357)
(4.627304,50.207191)
(38.194808,50.289928)
(34.371887,44.065985)
(44.198199,48.538990)
(49.109547,6.147417)
(43.558469,10.688579)
(20.737486,7.715636)
(59.537010,1.597789)
(30.239703,50.901411)
(11.811017,7.891747)
(24.066325,21.500896)
(15.826233,7.501571)
(50.953192,37.389461)
(30.703532,31.147696)
(12.201329,29.756593)
(43.941742,0.878401)
(46.474312,53.221076)
(17.595133,54.561867)
(1.373581,36.101925)
(44.446813,8.178152)
(1.712489,33.302598)
(16.553434,52.888024)
(13.698676,33.283266)
(29.169993,0.847460)
(38.049638,31.966789)
(18.044470,13.494596)
(47.161895,51.095668)
(5.272749,45.666545)
(13.874547,35.998493)
(14.204465,22.768892)
(24.015738,27.355483)
(52.289813,23.832408)
(14.186382,1.354999)
(23.603681,28.425477)
(1.440300,45.223816)
(28.337840,3.650554)
(23.566412,20.723376)
(42.632634,12.011126)
(12.728247,16.430731)
(42.192390,37.410108)
(43.187001,19.817569)
(30.025233,5.469262)
(35.233023,5.547279)
(22.759693,20.400796)
(14.631262,53.587103)
(58.760308,63.644579)
(13.110253,47.837065)
(22.864317,31.165635)
(21.534377,20.046572)
(20.969308,27.106733)
(3.089401,31.897943)
(23.899186,3.348266)
(22.263959,20.060079)
(34.519981,13.663944)
(26.315178,22.356758)
(42.525492,63.219627)
(23.121473,6.798405)
(9.194439,0.657345)
(20.178069,20.952297)
(0.784422,21.835705)
(50.731483,29.010771)
(38.792351,48.304581)
(26.949054,49.752449)
(56.637705,51.574779)
(49.058970,48.748591)
(9.561260,18.530736)
(9.196270,5.049074)
(54.642857,9.332806)
(38.176112,47.531793)
(41.339457,13.520870)
(14.160376,45.827510)
(33.272633,15.742968)
(31.416848,24.460257)
(46.227279,52.786371)
(20.567256,1.961827)
(35.763619,32.814511)
(47.705824,60.110965)
(24.763259,48.013104)
(51.672287,61.507532)
(28.770912,57.190346)
(31.348518,11.129268)
(32.725939,13.670467)
(9.281637,50.439433)
(15.471816,22.228072)
(43.812009,35.361123)
(2.525561,20.741311)
(57.909460,19.767089)
(22.152446,49.446818)
(17.830564,56.718613)
(47.051640,56.372843)
(53.406274,15.919725)
(21.876882,38.142669)
(44.094108,55.786255)
(1.824084,13.901859)
(23.924551,33.944918)
(28.580562,12.791743)
(28.736502,51.671614)
(57.289010,21.593562)
(26.825268,11.842456)
(45.826216,22.907997)
(11.008614,4.703050)
(30.170478,15.167510)
(7.254996,35.629527)
(9.402679,28.480873)
(35.807965,29.222366)
(38.390114,9.039834)
(52.496643,28.000401)
(32.974292,48.667172)
(30.839098,45.991281)
(8.196966,48.786340)
(31.478237,41.659904)
(33.653603,11.016701)
(27.313221,38.979944)
(23.600448,23.706814)
(14.585524,45.298602)
(44.843868,48.553647)
(19.534093,39.860987)
(18.092491,21.743343)
(47.592794,24.663194)
(43.919078,2.842511)
(49.377655,14.043313)
(11.144145,49.991674)
(32.022550,1.413411)
(43.790188,42.898974)
(58.261270,6.512836)
(58.543743,62.090803)
(35.495408,10.426801)
(27.239303,14.402291)
(4.913944,40.782878)
(8.852303,8.072555)
(24.813530,29.548273)
(40.639028,21.407397)
(10.073319,51.704625)
(19.934784,41.502427)
(2.413173,12.749241)
(32.719415,35.486864)
(6.393758,51.246709)
(2.064228,3.526799)
(27.424204,24.204020)
(48.170873,34.715212)
(44.363273,46.572987)
(5.724603,3.957818)
(23.014499,11.252001)
(51.784867,4.665051)
(49.437918,6.811525)
(48.074146,0.237737)
(49.787605,44.766270)
(32.526338,18.813380)
(4.633340,22.679631)
(44.109811,14.101256)
(19.167898,47.692846)
(32.341262,46.711757)
(24.178931,7.985845)
(2.948112,27.629600)
(55.441805,18.441533)
(62.033584,0.309443)
(28.202653,49.997267)
(51.978470,27.924109)
(4.042303,57.823918)
(40.845253,5.792657)
(20.422099,11.612466)
(21.054623,31.629248)
(3.523469,25.937728)
(51.095621,8.210718)
(49.185866,42.946036)
(38.075917,32.266393)
(25.326990,30.633901)
(1.289680,33.467424)
(38.391297,7.195299)
(26.022731,24.774853)
(35.550135,28.651897)
(43.715563,26.103165)
(42.988217,9.674190)
(21.243482,42.290603)
(4.682861,33.561170)
(8.313092,7.866535)
(1.897952,9.597382)
(0.630723,49.897338)
(27.200958,42.547120)
(53.164617,15.317794)
(40.479735,52.785135)
(47.669470,1.337490)
(24.389308,22.122440)
(25.980210,38.730852)
(1.817541,53.359572)
(61.671989,50.312711)
(24.739791,48.131998)
(27.781537,32.567845)
(47.847613,7.464410)
(59.745266,15.380966)
(16.050593,38.830847)
(48.136704,46.716550)
(31.498597,12.711505)
(24.496234,30.283561)
(17.540965,7.033883)
(2.952066,1.449287)
(31.338926,21.846522)
(17.093236,49.371792)
(57.018036,47.322066)
(29.640962,13.177778)
(17.407863,13.786702)
(34.666907,35.055123)
(20.353713,47.804242)
(9.530614,52.025560)
(30.376358,26.447716)
(3.454030,56.462664)
(49.472474,6.052769)
(40.585997,31.237784)
(6.861205,33.573641)
(60.456340,32.014190)
(56.373282,54.190033)
(32.890925,4.372499)
(50.281963,44.677778)
(11.657643,34.106419)
(55.644221,15.096237)
(49.746263,56.428463)
(43.714451,41.260512)
(53.281954,0.839844)
(0.812763,37.835277)
(6.759282,33.832998)
(31.721860,36.449601)
(36.562081,19.704526)
(35.963387,16.037163)
(48.916346,19.856680)
(41.030048,41.218372)
(6.717268,33.853798)
(24.086859,39.076282)
(3.138398,48.659972)
(22.980361,58.609520)
(21.714051,47.790696)
(47.057391,22.594838)
(48.967872,38.137354)
(24.537055,56.117872)
(50.635736,31.088560)
(0.658753,7.338624)
(28.128389,38.003273)
(35.746577,19.568741)
(23.629147,36.340323)
(32.861946,44.924996)
(26.700862,33.654781)
(44.117974,53.503092)
(10.834531,41.011014)
(55.430359,50.297440)
(24.490758,9.512110)
(48.209680,44.733348)
(14.023022,57.422503)
(30.219603,37.785697)
(24.809852,3.143565)
(41.444398,7.252595)
(11.690541,64.367403)
(2.968103,23.896806)
(27.719493,9.873628)
(20.042970,40.664719)
(0.940592,33.664663)
(34.238132,46.317873)
(21.889005,3.375341)
(14.787292,53.210368)
(41.770560,37.307453)
(44.052952,57.176787)
(16.927564,41.002906)
(10.112664,2.862775)
(9.266085,33.024925)
(22.804360,12.307279)
(40.926102,50.633436)
(42.403702,28.494218)
(55.726048,36.471649)
(53.104730,49.755171)
(14.175089,49.735174)
(11.737968,44.670839)
(38.069521,6.704323)
(41.491933,7.375665)
(13.367911,48.670594)
(7.456897,23.701287)
(17.282326,29.272653)
(9.252302,33.257136)
(50.995790,40.280435)
(31.862611,48.715001)
(10.217060,45.341885)
(27.938874,12.208497)
(19.885190,18.034619)
(37.211029,18.680094)
(35.249513,59.763013)
(6.127269,15.559032)
(14.988138,43.858742)
(0.777203,39.843837)
(45.949910,28.687778)
(38.153080,50.694515)
(33.047610,13.411787)
(45.376863,17.811464)
(24.220711,26.892877)
(15.124899,34.059830)
(2.314398,11.293417)
(20.996259,42.253432)
(30.585933,42.182391)
(25.747929,20.446831)
(48.766763,51.797992)
(40.689660,39.261399)
(43.210141,53.213271)
(43.225873,63.629704)
(56.489653,19.212722)
(29.418480,25.334326)
(13.830345,43.781007)
(6.532587,40.699313)
(52.991503,56.634076)
(17.632430,1.140956)
(52.461971,7.605026)
(38.695615,4.788331)
(3.509167,45.848406)
(4.811423,28.368115)
(48.476348,10.951655)
(24.071874,5.225045)
(50.939645,11.264488)
(20.750080,43.755990)
(20.257796,6.867399)
(35.114917,28.597102)
(1.729924,39.952395)
(7.999708,58.454270)
(6.182363,10.105707)
(46.566915,48.686637)
(29.081828,6.814718)
(49.225279,48.042429)
(51.207827,42.916402)
(34.797601,14.802280)
(6.691897,11.301673)
(38.997633,16.984938)
(19.306096,18.270514)
(13.487252,0.872188)
(28.615067,1.834294)
(37.322543,35.578317)
(2.249614,12.805193)
(5.693748,2.841687)
(13.106506,27.012645)
(9.239145,4.592780)
(21.120101,23.855750)
(33.256660,23.649809)
(44.808577,15.710990)
(49.762281,38.409024)
(10.270068,27.494863)
(8.808187,25.346922)
(0.873557,28.615157)
(59.052183,6.070657)
(21.218066,30.633860)
(20.210675,12.867084)
(40.270298,5.641713)
(35.520505,40.666813)
(8.991062,48.280553)
(16.644739,14.132733)
(36.316485,40.264900)
(30.369777,4.361474)
(47.325322,22.916658)
(35.206278,45.451946)
(40.736700,18.254681)
(17.365503,22.147191)
(25.633017,63.034665)
(3.370263,26.150801)
(17.023806,2.460844)
(41.467342,44.232426)
(0.699394,4.646018)
(3.318554,4.356220)
(19.990166,49.634588)
(50.604068,21.403427)
(43.956385,36.359743)
(45.641414,14.733443)
(26.473675,11.464755)
(11.351108,27.146255)
(29.478474,39.172369)
(9.980624,10.690706)
(39.126724,48.258914)
(14.451370,42.659555)
(6.895163,10.750928)
(23.623705,16.466052)
(12.541319,34.838030)
(37.480876,8.813649)
(46.841967,43.182576)
(16.965131,28.903979)
(7.775483,23.912736)
(51.779141,0.115485)
(50.561984,20.140400)
(11.661529,52.917279)
(20.537891,26.043849)
(52.486166,0.803693)
(10.678690,1.780648)
(1.238329,36.683732)
(12.818921,45.108992)
(5.472343,34.383974)
(12.486759,18.074937)
(43.909302,17.142867)
(51.277810,22.072574)
(4.287245,17.017723)
(1.425632,61.152770)
(40.337294,50.203630)
(17.069867,43.798011)
(21.933823,16.847434)
(18.396913,48.776740)
(52.571656,26.269082)
(14.838454,24.860916)
(19.455993,39.734093)
(4.553953,49.247916)
(45.660849,35.796240)
(20.956765,32.437288)
(4.121917,6.448851)
(0.260186,60.791651)
(39.977822,11.017890)
(16.761332,61.731841)
(21.289061,1.462926)
(8.521115,12.483118)
(0.660102,53.504655)
(36.715426,36.906797)
(48.861850,50.010856)
(22.477515,8.495544)
(59.202587,44.762169)
(17.307386,43.598807)
(6.564843,40.100813)
(9.603552,1.164719)
(53.291999,39.566281)
(44.296825,16.918728)
(19.990521,1.244615)
(2.732335,8.743326)
(24.042583,10.061778)
(6.345942,16.546054)
(45.234184,32.322292)
(26.620508,26.922421)
(23.738913,52.635375)
(35.872030,37.123908)
(21.639464,5.717524)
(30.782056,24.885867)
(14.639504,58.121593)
(3.097753,19.112358)
(43.375978,48.922898)
(40.833414,61.207451)
(35.153757,48.300218)
(7.712496,48.292133)
(3.649301,36.058328)
(22.428789,9.916951)
(3.496944,41.347549)
(7.076481,6.004098)
(55.326679,50.414202)
(5.802913,38.616683)
(12.798527,6.357454)
(6.227038,14.200096)
(30.170045,2.203428)
(17.153469,44.437011)
(42.794426,46.702209)
(31.025541,59.245212)
(53.291123,9.907987)
(7.713393,37.823989)
(14.855336,26.973295)
(0.139428,25.681389)
(19.467098,39.343738)
(20.891147,6.137605)
(36.085464,44.618502)
(49.029664,16.865536)
(49.687196,37.876387)
(28.739694,35.634400)
(30.991231,47.641180)
(2.526652,47.257249)
(45.695627,26.774932)
(41.183318,5.280116)
(8.183421,39.610791)
(19.497583,57.140095)
(7.285034,14.203691)
(53.515276,32.557879)
(45.432743,5.324930)
(26.690152,19.176101)
(24.014048,23.882393)
(46.433445,4.944046)
(5.130388,58.629066)
(55.329040,36.369843)
(13.534311,2.642664)
(2.090741,36.524728)
(27.116191,6.998355)
(48.482085,31.870748)
(32.296707,0.676972)
(7.802345,48.453898)
(7.479404,24.549513)
(16.758746,54.399015)
(7.530570,45.380520)
(5.028183,10.775149)
(18.090516,41.325428)
(40.089513,48.507373)
(26.651500,44.029464)
(15.616888,10.637121)
(16.984636,20.798767)
(52.708974,9.607309)
(18.582934,1.804235)
(39.543139,37.183527)
(55.808557,50.103331)
(35.373820,0.920805)
(20.258631,10.280510)
(35.917603,22.773841)
(10.367679,25.169640)
(36.198705,48.335100)
(34.191415,36.294791)
(32.401808,16.145785)
(50.692882,60.846516)
(4.563632,53.869032)
(53.483285,16.756701)
(17.964670,33.802477)
(18.796662,18.304858)
(5.958803,44.786778)
(40.642831,28.667603)
(28.051228,29.795098)
(1.268753,37.227722)
(16.379282,12.422921)
(51.573332,29.486111)
(36.621998,57.773258)
(7.338636,20.602118)
(34.687526,52.943145)
(34.949478,10.773240)
(36.447550,18.883163)
(12.989066,30.089499)
(24.379355,22.249371)
(14.544443,60.800947)
(33.538049,46.570194)
(38.587998,9.052326)
(18.282950,5.866548)
(10.029839,38.401206)
(53.079495,15.457413)
(37.298978,36.544674)
(39.468492,31.833867)
(2.660337,49.322505)
(14.574858,28.315310)
(21.867543,21.884614)
(32.000738,6.144200)
(7.394397,18.353442)
(62.346071,56.729296)
(37.049082,56.012986)
(49.075583,32.714185)
(6.168088,38.150837)
(53.574245,53.124597)
(54.458331,37.536569)
(13.543342,8.916604)
(39.784714,8.147750)
(17.740790,50.627783)
(5.692972,43.831018)
(34.748255,33.154458)
(47.421643,4.816188)
(2.356406,49.756034)
(1.820624,28.819493)
(29.889862,27.794646)
(23.509466,42.117601)
(39.171957,60.870028)
(15.870577,57.414464)
(36.393911,3.062351)
(24.447473,53.457162)
(48.600547,24.211025)
(18.114093,7.858260)
(31.043400,48.056185)
(7.823138,52.522894)
(12.113979,55.395937)
(20.239058,42.859971)
(13.388790,26.277522)
(13.930162,42.143135)
(20.921217,49.973457)
(28.784905,5.379309)
(19.498827,45.461581)
(41.059901,26.433222)
(9.950557,25.649418)
(15.708432,13.010386)
(27.423642,49.759676)
(10.884915,9.681797)
(32.709560,11.087712)
(32.207687,48.419214)
(10.990809,41.991695)
(4.342351,2.468583)
(41.114482,46.671837)
(36.969351,58.061673)
(3.737640,3.033859)
(0.607786,31.319957)
(1.531038,14.379376)
(2.912187,61.371952)
(15.881839,13.373350)
(8.166065,27.948261)
(10.766583,49.246156)
(44.837850,30.136879)
(53.362476,20.822339)
(49.299134,4.172224)
(3.428593,6.784423)
(28.544751,26.927788)
(19.612745,7.819389)
(1.872685,25.309523)
(63.481741,15.963460)
(35.197178,2.357204)
(21.499520,1.222125)
(47.079079,21.349047)
(44.022282,47.984636)
(28.142790,9.694841)
(30.629292,21.161826)
(28.266072,52.267612)
(50.879216,12.197247)
(47.588660,46.736239)
(18.010986,11.650084)
(57.050203,45.941895)
(54.343549,17.747105)
(56.053186,32.866320)
(9.747403,25.250602)
(50.559806,61.802652)
(7.934987,43.888555)
(44.173152,10.415567)
(25.462855,16.355437)
(31.236299,41.479224)
(35.990262,7.689704)
(17.424582,41.789936)
(45.490196,34.258705)
(56.722986,9.616785)
(9.319201,27.196494)
(29.088824,51.981512)
(48.151425,46.627302)
(31.010832,40.693196)
(15.366973,10.810500)
(12.180043,25.558293)
(15.120406,37.442295)
(58.579038,22.592502)
(13.534087,24.310834)
(40.117619,22.165609)
(26.322412,1.824458)
(47.449502,44.902619)
(4.651672,1.524520)
(53.530175,32.560396)
(34.196618,56.440459)
(25.362855,56.014657)
(5.253530,24.247991)
(4.075201,14.422069)
(18.048053,48.965426)
(52.896229,20.902798)
(22.371415,32.237652)
(25.221426,23.799326)
(28.064888,25.502569)
(33.966172,39.698848)
(23.882286,3.924766)
(38.815514,2.653241)
(44.291907,33.813112)
(12.530339,17.958822)
(33.885229,21.422526)
(50.920027,48.020874)
(21.259955,40.774870)
(44.230598,0.613765)
(27.310743,5.956446)
(39.598008,3.303571)
(35.609078,31.322139)
(33.796952,20.380812)
(53.545470,18.154596)
(22.382708,14.077635)
(44.118392,48.630758)
(10.275173,26.166308)
(49.433543,3.466110)
(6.400890,48.820699)
(40.017887,52.848375)
(50.754511,45.688300)
(60.033802,56.489682)
(31.309673,46.715227)
(4.004551,7.020315)
(26.886678,36.437786)
(29.169289,57.476923)
(40.328108,52.320594)
(41.213331,34.429425)
(59.330067,60.204544)
(48.703569,49.557188)
(50.317063,50.152800)
(37.388649,28.485687)
(47.175249,52.146682)
(35.843345,41.739021)
(22.849461,17.409217)
(31.647460,44.113163)
(35.635443,10.898994)
(32.082496,55.128885)
(6.004463,49.205011)
(44.910664,12.722545)
(32.347081,16.036239)
(20.285861,17.819235)
(51.651792,52.785157)
(52.816078,25.064978)
(22.144561,16.736434)
(23.369858,15.938245)
(15.767201,53.478573)
(58.006418,7.080284)
(26.987691,35.481331)
(18.235340,7.127509)
(38.331821,7.833042)
(51.351280,31.369071)
(15.777988,32.389714)
(46.134920,26.327088)
(3.505156,23.819529)
(16.849953,24.094065)
(9.564050,52.173199)
(19.843668,28.850428)
(35.422429,2.223159)
(7.765306,3.778183)
(0.707255,45.958683)
(6.301067,33.397107)
(2.533880,2.107926)
(41.458689,21.626445)
(24.823268,59.190133)
(13.276528,3.324062)
(3.748595,40.911447)
(33.205139,49.866258)
(21.246267,13.556684)
(0.786212,1.867412)
(38.881855,2.150776)
(24.450570,22.704389)
(14.648173,30.741619)
(40.812653,41.734517)
(14.066005,55.669974)
(0.125778,6.683241)
(21.693834,42.157784)
(21.497055,23.769475)
(17.533437,54.408879)
(37.538606,44.734466)
(33.031782,5.405414)
(5.356964,9.412525)
(21.881895,6.916156)
(11.319712,19.307559)
(2.373440,43.291653)
(23.090102,5.979930)
(12.355360,48.509411)
(45.532776,52.161859)
(10.486909,49.754601)
(22.037665,1.834091)
(36.493998,19.706827)
(46.746899,42.308492)
(29.952844,21.184311)
(25.399905,9.074511)
(21.655919,11.322740)
(38.975745,28.379548)
(25.453138,30.401036)
(44.793569,2.070481)
(45.134141,47.492927)
(1.141472,49.410329)
(48.571990,22.650389)
(44.354829,39.971867)
(42.606624,44.225338)
(1.941551,21.490315)
(56.949325,14.286775)
(3.644621,40.213780)
(15.901126,37.392665)
(43.922094,14.386803)
(5.531823,9.173448)
(26.386874,20.280983)
(8.919419,27.988663)
(20.140690,0.766231)
(54.191248,55.542982)
(26.879139,3.901374)
(48.267435,22.285917)
(15.851435,7.969811)
(8.805159,4.186752)
(50.734248,45.221150)
(26.803206,33.374065)
(52.873971,17.887387)
(5.879426,59.755182)
(51.017471,40.021516)
(58.536581,26.513244)
(39.193872,57.667371)
(26.638495,42.237541)
(50.247040,20.831711)
(53.083965,16.216199)
(52.422241,28.204440)
(36.424147,5.202488)
(23.762956,45.441404)
(52.093773,23.136590)
(33.614991,14.481703)
(38.084659,32.158176)
(15.075242,10.637213)
(19.200841,49.325583)
(56.956704,38.660215)
(47.469089,17.444525)
(20.699196,3.970032)
(50.938566,56.360303)
(46.621968,35.501629)
(22.412011,35.918128)
(3.510973,46.174397)
(31.877786,35.542316)
(33.029818,47.619515)
(50.638346,11.155707)
(21.854498,12.748188)
(4.680298,59.183451)
(43.168430,24.831780)
(44.777124,1.426289)
(37.844608,21.168414)
(34.143607,52.196096)
(6.152279,48.318618)
(49.364983,44.859125)
(6.769409,7.426994)
(12.320288,32.261741)
(5.977791,26.435540)
(29.518315,41.664155)
(15.008871,28.895405)
(27.625222,3.621069)
(46.525978,38.619651)
(26.307677,43.859966)
(26.397256,6.503915)
(56.838554,5.549558)
(57.802697,18.216671)
(49.105316,56.340982)
(62.240919,44.527392)
(13.798097,47.333753)
(3.177608,29.040829)
(33.996663,36.066533)
(5.921524,22.094349)
(13.275876,35.536174)
(28.010755,35.517791)
(2.668436,8.502511)
(49.365910,13.218858)
(47.532273,54.680937)
(14.964701,7.063967)
(6.817497,36.043706)
(44.623049,34.940362)
(62.390747,15.416437)
(62.111802,6.996014)
(31.766376,6.166607)
(55.331314,47.509251)
(44.039998,1.734031)
(44.059197,12.884387)
(39.808777,31.217860)
(0.612034,41.706844)
(61.692259,45.278900)
(10.974608,5.674239)
(2.894726,10.419059)
(50.963522,49.963388)
(42.815222,15.711701)
(24.325987,10.893960)
(9.426062,0.626459)
(21.455497,6.578933)
(44.018938,21.505181)
(34.675894,44.941376)
(34.974776,18.048757)
(0.776506,53.758611)
(28.181900,33.121813)
(28.147000,44.207544)
(43.276515,16.718924)
(28.423406,4.896036)
(10.634822,12.796809)
(20.834773,39.759131)
(12.561754,17.162275)
(55.226539,1.415184)
(56.827598,36.620992)
(15.383373,42.742864)
(41.599160,17.511198)
(21.715069,10.798768)
(6.782822,20.853099)
(27.495481,38.361439)
(18.272110,14.698641)
(5.031787,10.061027)
(49.829047,23.970265)
(27.179481,16.638038)
(47.519228,44.568954)
(55.473355,18.373672)
(11.175049,52.998212)
(55.692884,12.232988)
(5.533003,23.749280)
(48.802781,45.130286)
(60.077559,23.011496)
(41.049036,18.684025)
(38.355914,45.210268)
(17.189631,37.309362)
(51.935188,45.729003)
(15.794381,0.399371)
(0.633709,42.711920)
(51.162349,53.248143)
(36.650406,58.539107)
(9.771687,53.922655)
(19.034508,44.315491)
(2.422096,3.855312)
(3.643340,6.157450)
(49.368204,24.873318)
(4.573052,38.975826)
(3.345310,3.348126)
(43.281860,45.945522)
(11.915463,20.130547)
(48.701465,43.378223)
(23.330796,62.140938)
(20.032290,42.972507)
(24.814060,51.872167)
(40.936444,0.348606)
(5.577774,34.004925)
(1.160319,53.223519)
(22.847676,11.176694)
(41.884233,36.823625)
(13.632454,44.296163)
(30.095201,8.970129)
(20.125244,2.663409)
(19.054746,46.439534)
(0.990794,40.448438)
(4.412400,55.068983)
(1.676858,0.989293)
(1.525988,11.922246)
(21.320250,23.551293)
(49.253998,14.302882)
(53.895895,43.309829)
(8.219885,41.662773)
(48.606373,21.971668)
(58.466227,45.837682)
(14.470186,7.183142)
(19.951122,11.044977)
(6.589520,12.488406)
(3.295758,52.699136)
(11.489942,55.688026)
(55.468686,34.287531)
(25.104715,26.426893)
(27.770203,14.790958)
(15.441678,40.029906)
(25.432541,41.188017)
(19.128891,59.730068)
(53.050699,8.885302)
(60.796672,19.164502)
(13.736996,18.209436)
(2.462785,52.994316)
(49.812145,50.963749)
(6.864109,40.335581)
(22.776188,5.152393)
(15.327830,41.055457)
(0.330182,55.438809)
(36.530846,33.178306)
(61.677020,21.459703)
(36.187178,40.877619)
(37.565482,50.195816)
(53.245888,8.727768)
(29.942692,16.405165)
(6.650772,17.570461)
(33.542157,54.643550)
(44.753036,40.014144)
(44.120358,2.882222)
(48.141311,52.011292)
(51.092543,40.630390)
(32.274397,16.636634)
(2.289391,22.344744)
(22.433772,36.507439)
(25.617320,46.425214)
(50.558187,14.477709)
(22.908931,5.146265)
(45.173235,47.735728)
(30.738540,5.186774)
(32.954907,47.627382)
(50.608728,30.665281)
(5.807399,51.803829)
(15.489656,8.216426)
(60.694970,46.673405)
(19.629873,40.147819)
(59.031569,54.873713)
(40.026947,23.644496)
(51.385518,16.722241)
(22.399363,47.293789)
(23.828830,54.998193)
(26.104011,13.526497)
(11.940877,36.942779)
(3.374782,2.476903)
(4.128500,19.008995)
(18.271226,29.929204)
(11.091207,30.207674)
(50.171425,50.488406)
(22.562976,56.974403)
(19.649298,24.609499)
(49.179380,4.876290)
(36.141141,4.107498)
(0.622639,53.112766)
(7.210659,15.818813)
(27.467713,32.062869)
(37.897084,9.722105)
(15.192727,51.920696)
(45.944737,35.027360)
(11.848143,4.740446)
(51.002259,58.386037)
(26.870438,4.346615)
(47.524318,30.886695)
(3.171208,32.173277)
(29.070985,1.460080)
(35.549731,43.133498)
(13.937606,29.256099)
(23.549026,7.245601)
(29.314227,19.999800)
(36.615452,21.145584)
(62.371161,5.915293)
(13.467825,3.841617)
(47.088497,39.601634)
(11.270894,22.757834)
(14.658476,29.865704)
(27.564282,34.346413)
(6.995077,19.156401)
(47.801304,36.205906)
(0.591947,45.684310)
(46.213732,44.916565)
(46.462522,44.320493)
(17.662491,4.726999)
(4.455741,18.137092)
(10.767472,41.142491)
(38.831778,0.284773)
(34.169111,26.326478)
(34.615087,13.680740)
(37.544042,15.515195)
(22.297040,18.236225)
(37.533143,22.364409)
(29.029971,47.382040)
(4.721327,4.312793)
(33.762645,1.309633)
(26.488726,8.173137)
(31.352331,29.395130)
(1.033171,38.762697)
(50.656535,17.792417)
(38.187438,0.410970)
(3.911978,37.363264)
(49.281097,53.323365)
(43.055895,52.595525)
(7.933548,1.190728)
(42.368138,8.409272)
(21.837075,49.867316)
(21.905266,13.694630)
(7.536790,37.011744)
(14.783996,17.266059)
(4.544797,57.203864)
(26.308621,44.267051)
(43.767018,1.431289)
(31.018870,25.078563)
(10.672781,29.691006)
(19.179837,38.288991)
(22.880990,14.713479)
(24.694782,51.296714)
(16.258254,16.063254)
(2.860104,7.711483)
(5.007565,4.717103)
(45.753490,50.986584)
(12.206465,47.355280)
(25.292837,6.877745)
(48.896122,44.380153)
(12.139484,19.343190)
(54.445933,15.500518)
(3.927337,31.387112)
(19.467657,30.370583)
(34.392791,50.907155)
(43.371812,44.148378)
(12.045675,49.908514)
(30.856800,37.341982)
(13.843497,30.709001)
(43.305859,47.741079)
(29.373204,26.365755)
(3.721637,5.801379)
(27.139267,25.470755)
(50.919997,40.834908)
(8.773354,21.479656)
(48.860906,0.517880)
(2.722369,34.923091)
(32.956215,20.229716)
(56.615596,24.812302)
(39.674187,27.218951)
(34.464474,2.957591)
(43.289339,9.064486)
(16.748582,22.327771)
(22.383263,60.437689)
(50.129222,52.839080)
(3.831116,14.652970)
(24.368010,47.252459)
(49.524458,41.826424)
(19.835204,37.558725)
(2.664142,44.194734)
(13.204356,37.823341)
(45.143690,10.827622)
(36.988277,50.420441)
(4.736257,50.854928)
(37.527865,60.195823)
(31.470782,8.470078)
(23.662246,21.305085)
(31.008194,32.297772)
(46.119436,48.796443)
(33.150947,8.206508)
(39.074563,9.602698)
(45.963875,40.969876)
(25.958794,44.315824)
(10.764268,22.666886)
(16.775806,20.183407)
(54.534629,3.086108)
(37.854192,41.234407)
(49.847062,14.061642)
(43.210168,18.832369)
(55.227409,50.146908)
(3.320182,25.032377)
(50.038113,44.513341)
(17.386289,13.813694)
(14.481377,58.136168)
(0.705195,21.777001)
(24.695071,48.463285)
(55.661641,30.797654)
(46.396138,14.417877)
(16.551804,21.452958)
(12.425177,25.805808)
(53.377719,9.862432)
(22.311917,50.366746)
(50.432477,31.329066)
(19.807139,32.444724)
(25.557636,12.657463)
(5.543927,29.154046)
(26.364727,2.613920)
(21.503173,1.754532)
(11.131883,37.614509)
(48.897617,61.105952)
(44.126501,16.205074)
(1.790051,14.237456)
(30.826549,32.094132)
(14.141103,14.308917)
(57.490582,7.264879)
(8.765460,8.328252)
(30.567734,53.339158)
(62.087070,16.904084)
(18.814437,48.367145)
(5.623476,54.028459)
(55.460157,4.139637)
(63.377043,45.488132)
(6.647071,38.781933)
(24.676112,30.253332)
(40.732667,12.856250)
(46.839606,8.532906)
(39.107900,55.184219)
(39.709647,13.449783)
(51.456536,12.946722)
(49.758889,56.013710)
(38.644051,8.882123)
(21.762780,3.368581)
(57.135526,17.600431)
(56.127007,45.786253)
(52.065962,16.272011)
(23.802815,29.461520)
(31.527863,57.404245)
(25.609568,51.981246)
(48.444936,47.023161)
(15.578323,31.810295)
(2.197240,41.443248)
(21.279290,37.319701)
(25.946626,19.278020)
(32.588847,13.173366)
(15.100845,57.168342)
(12.809504,18.362031)
(22.147796,15.711909)
(31.923427,24.759855)
(2.624472,53.000710)
(20.096797,38.358542)
(41.234195,54.642152)
(9.417174,37.961839)
(55.974051,1.230040)
(49.362038,35.273535)
(54.548399,27.418287)
(49.010894,16.146336)
(17.687230,21.507351)
(27.204904,49.221259)
(27.321254,37.348649)
(2.484181,29.984937)
(49.260256,24.129798)
(38.719337,1.465601)
(45.909850,44.774833)
(38.159701,46.882814)
(5.344668,47.948960)
(49.077174,28.792455)
(22.324317,36.828795)
(37.509966,20.606220)
(48.023808,37.984073)
(58.987904,9.751934)
(34.455520,58.188880)
(43.922928,31.687547)
(17.988157,19.742787)
(16.923255,29.519863)
(47.938627,5.884387)
(9.418166,52.525389)
(56.242527,58.747430)
(40.584019,30.180081)
(51.239433,31.128854)
(52.661773,28.419081)
(16.149645,37.613615)
(20.015954,8.250886)
(3.461262,24.154577)
(58.171693,2.179191)
(37.000618,16.263595)
(24.231907,20.384689)
(50.289553,32.777243)
(45.795371,14.233036)
(37.604713,31.116831)
(2.950597,51.630325)
(53.389713,50.996898)
(22.402275,6.905240)
(27.899023,21.478302)
(7.063371,1.906210)
(54.905653,28.357689)
(49.498450,37.461278)
(42.827090,23.684010)
(3.346326,18.035271)
(0.259958,32.457475)
(21.954122,42.433202)
(29.360108,54.309510)
(21.113471,35.207356)
(12.561269,40.155622)
(2.012908,7.128290)
(46.612307,11.619094)
(35.423214,49.581546)
(49.079429,10.704432)
(7.060998,29.258114)
(34.323096,55.557498)
(39.953487,44.257957)
(37.291152,56.468447)
(25.121949,42.284731)
(3.192213,38.398893)
(22.030598,14.453272)
(9.794243,52.517966)
(9.450750,1.922923)
(23.397420,32.254287)
(19.295401,43.105616)
(17.330895,47.129447)
(51.016346,33.712541)
(52.894454,53.032187)
(2.886023,16.823927)
(42.361453,36.789086)
(0.600275,14.515496)
(46.054933,32.744375)
(13.276675,34.926332)
(53.445922,0.227962)
(12.678909,51.766967)
(9.367260,27.270495)
(32.692993,15.136167)
(52.858862,15.280358)
(13.167768,52.890120)
(27.918303,47.107827)
(47.108593,34.863101)
(34.668915,7.126602)
(44.302004,35.522575)
(3.122872,33.305806)
(1.638636,10.246392)
(42.904683,36.369336)
(45.253932,23.303349)
(43.715882,37.239083)
(46.179539,32.429243)
(47.923665,39.565171)
(47.557120,25.948763)
(32.389022,37.700324)
(44.913470,7.761960)
(15.448351,11.614258)
(49.753109,49.013677)
(22.651660,14.811431)
(54.039155,20.119438)
(58.326727,15.638341)
(37.966822,20.103858)
(29.390762,52.577598)
(33.374541,38.575908)
(15.687380,5.136346)
(27.890435,7.871706)
(8.450837,8.192457)
(55.177879,30.866272)
(28.908939,43.589645)
(34.072828,58.040513)
(61.488655,48.881069)
(7.383529,39.857957)
(42.636354,41.420846)
(34.276956,40.946946)
(11.085524,24.970458)
(13.740101,9.708101)
(38.747122,33.251539)
(29.941466,34.261545)
(16.550715,49.831181)
(4.504213,46.304798)
(15.964272,45.105563)
(22.773681,1.224366)
(26.807778,0.839054)
(53.041186,14.553406)
(19.521230,57.726133)
(10.153180,3.453389)
(44.784484,33.059738)
(50.680882,34.282786)
(13.236601,16.713408)
(9.070023,49.919943)
(14.590568,35.732587)
(25.283428,37.976703)
(6.605016,38.908063)
(40.399943,3.238309)
(22.639347,26.266420)
(41.330928,41.945970)
(27.345488,21.957410)
(55.058675,61.215472)
(10.580283,29.419049)
(45.658219,27.954146)
(26.314361,32.803340)
(48.066856,2.588117)
(26.516475,61.561535)
(59.695610,19.169917)
(44.036300,46.363291)
(19.218311,31.495536)
(46.239841,22.776316)
(53.543817,17.895909)
(42.485888,23.851538)
(23.922750,22.754588)
(40.975212,21.580526)
(52.308547,47.311219)
(8.426373,57.139891)
(38.003182,41.837623)
(53.884044,52.156673)
(28.282538,5.103683)
(50.278683,3.900775)
(48.235256,14.536893)
(34.933038,8.084405)
(48.380302,6.837209)
(22.932020,28.571498)
(53.646232,47.651834)
(5.928023,48.611221)
(55.927927,32.464708)
(0.709369,35.042013)
(37.759738,22.518874)
(32.964410,45.433570)
(3.371074,45.146023)
(18.086584,19.136030)
(8.665318,55.713314)
(6.945358,48.748604)
(33.109907,2.502593)
(39.664713,47.006956)
(55.720114,38.964230)
(53.564546,4.373430)
(37.383328,28.262803)
(24.574858,39.106129)
(52.068182,50.018150)
(28.501680,11.277627)
(8.815456,27.161673)
(54.379607,29.163455)
(11.218081,10.327721)
(47.541146,0.090617)
(37.937207,20.635786)
(34.867350,43.889928)
(34.038090,16.128182)
(35.676099,22.539225)
(39.006882,14.301419)
(12.774268,7.937887)
(45.618052,21.378668)
(48.718319,30.496872)
(5.637851,43.491878)
(33.966964,40.504389)
(6.462382,56.756691)
(41.434725,9.331910)
(44.626309,56.752256)
(19.892054,25.325348)
(14.145410,39.416079)
(2.040164,20.136334)
(17.793011,34.220787)
(23.196571,0.574321)
(0.135815,53.373349)
(60.087922,35.532962)
(26.146854,46.577422)
(23.943630,14.412114)
(35.724835,13.396118)
(30.366217,35.913592)
(32.782467,11.173695)
(18.439558,14.890491)
(23.923419,32.859415)
(5.156596,56.133320)
(28.650764,4.555823)
(49.374570,2.134478)
(26.106678,38.319009)
(22.496735,25.649938)
(52.677917,30.611743)
(54.064149,31.890439)
(35.933677,23.220970)
(27.375524,4.088996)
(6.289897,13.459382)
(0.121613,36.728215)
(9.501125,17.985142)
(39.199950,46.445383)
(59.729546,8.432957)
(7.729466,59.679036)
(8.310554,25.290691)
(34.061438,9.717211)
(1.580586,25.356740)
(32.165105,15.731751)
(54.143468,21.156497)
(25.493074,13.726806)
(23.390457,1.253529)
(5.334386,2.203391)
(8.823474,5.048259)
(43.195848,49.749109)
(57.013763,47.418378)
(23.100064,44.598354)
(20.319528,29.123450)
(38.874800,5.342477)
(17.845805,11.095895)
(1.002194,31.234226)
(15.435207,20.320710)
(50.296402,27.369966)
(11.084524,6.171757)
(47.260011,15.548348)
(24.163665,46.545020)
(2.016311,50.809741)
(8.061047,52.547099)
(48.614261,6.606859)
(61.189788,46.227192)
(39.493550,1.969753)
(37.373913,14.187161)
(59.839117,53.193127)
(5.955622,42.895653)
(36.734783,11.725133)
(45.519740,35.821856)
(0.671996,18.627005)
(4.278283,26.713281)
(30.710759,62.100638)
(36.004128,31.228085)
(38.592850,49.628782)
(28.164557,12.514798)
(7.626880,28.870116)
(28.608533,22.414440)
(38.589346,10.469100)
(49.725481,20.593703)
(14.701026,33.896775)
(5.378635,27.380229)
(49.659329,45.801746)
(58.370280,45.472456)
(28.372491,10.046776)
(56.976812,29.952022)
(50.385203,32.113095)
(40.243781,27.180304)
(39.063941,25.676189)
(15.828520,36.629976)
(48.340070,53.712908)
(47.273824,3.806995)
(1.215271,20.053844)
(30.044518,21.137370)
(17.722743,56.881903)
(47.363593,59.768092)
(42.743684,50.047685)
(10.183074,37.095488)
(11.113287,27.047006)
(27.882787,22.399631)
(59.961032,55.088592)
(39.917201,20.193563)
(37.027439,60.228952)
(12.834167,25.310317)
(17.014654,23.370751)
(40.849689,7.972024)
(24.037326,6.632831)
(21.688626,10.404916)
(14.396498,7.308998)
(7.826484,44.740748)
(9.543768,2.586029)
(15.194368,41.000958)
(0.883795,25.401755)
(7.724009,34.417506)
(1.285197,34.041173)
(42.566478,19.937582)
(12.360950,37.125442)
(16.265830,20.179768)
(41.515132,28.054483)
(8.703140,3.585699)
(8.175223,15.587236)
(13.610083,3.636789)
(41.548211,5.290591)
(25.165599,54.704979)
(39.465796,36.303255)
(3.142201,22.334260)
(39.863277,10.639297)
(24.405708,26.181299)
(37.788842,34.138319)
(51.703344,49.869823)
(19.999510,29.739465)
(8.225213,9.668753)
(53.169354,29.456705)
(7.182023,47.955119)
(51.875437,35.187240)
(51.195115,32.172968)
(54.137185,2.825367)
(34.331572,14.788131)
(52.913567,20.894478)
(41.597683,59.382735)
(28.434605,41.988033)
(56.440991,6.919323)
(9.323943,9.380064)
(25.898259,46.223105)
(27.939187,13.196153)
(39.498667,47.217557)
(7.393404,32.752355)
(32.632386,25.894663)
(44.949987,16.567503)
(18.582545,5.184317)
(62.781196,44.327171)
(1.910360,39.370953)
(4.766760,41.788865)
(11.958789,51.139861)
(37.698565,50.702149)
(17.724974,23.876397)
(20.016938,49.540338)
(21.936916,31.752778)
(13.236073,6.150525)
(11.216683,27.922022)
(53.378251,42.655211)
(6.070729,13.326932)
(23.921534,46.356073)
(51.655812,9.106356)
(31.006533,29.567962)
(14.669524,5.892312)
(29.367904,31.033425)
(26.891979,56.013935)
(5.775415,8.568465)
(30.208462,28.784328)
(28.953123,2.434506)
(46.245555,1.601671)
(23.384100,50.171565)
(42.135657,5.428922)
(16.944404,0.692925)
(11.102569,35.700150)
(3.635115,8.856200)
(54.095990,8.156265)
(12.419854,51.932425)
(22.171757,11.881965)
(32.780588,9.810528)
(46.212777,1.579446)
(14.625448,13.867895)
(3.607390,9.677538)
(21.169500,60.006192)
(4.038546,18.185109)
(28.528012,49.852570)
(19.129982,55.430901)
(0.358471,16.884926)
(48.429933,13.711890)
(48.147200,26.865470)
(48.736090,37.433000)
(29.463037,12.842376)
(43.335798,55.930944)
(42.198878,26.804936)
(36.681208,7.638410)
(17.679317,25.939349)
(26.761703,15.828884)
(11.002126,63.229159)
(16.797695,10.676329)
(15.327862,45.485973)
(44.508112,12.706751)
(34.731560,4.198235)
(28.347403,45.164152)
(10.879641,51.220065)
(1.437844,29.335939)
(47.143375,46.237494)
(1.240221,48.019253)
(41.670097,23.308850)
(4.132884,0.890876)
(11.317362,18.010286)
(40.309740,33.145355)
(21.227393,10.882435)
(58.612012,44.850469)
(14.482220,16.748955)
(33.516364,16.069259)
(2.897777,10.549886)
(7.926617,14.685885)
(49.900658,49.929666)
(17.373252,52.694733)
(27.424358,34.848471)
(42.551760,41.774308)
(35.961472,26.855652)
(36.789308,15.899152)
(56.895614,40.913959)
(8.217145,35.529822)
(6.150363,36.920848)
(55.250057,29.001970)
(8.042033,4.939731)
(47.299875,47.666807)
(34.026085,30.031357)
(48.755377,40.791103)
(12.909094,36.891734)
(19.124572,37.300955)
(28.740977,24.419072)
(24.271531,11.423282)
(47.946064,24.524270)
(58.133547,47.703678)
(41.952045,9.439868)
(25.371614,7.524993)
(28.937449,48.192237)
(60.590927,17.708643)
(0.327014,50.594168)
(51.760476,22.164923)
(17.352739,36.199162)
(14.317049,2.155068)
(33.655380,3.461724)
(23.258138,2.813133)
(10.134448,44.100783)
(28.090975,7.021698)
(1.437634,5.410708)
(15.313396,20.663512)
(46.672114,10.472059)
(3.359734,59.149548)
(50.863582,44.817514)
(56.753541,44.045646)
(5.521529,55.882328)
(39.109006,26.143461)
(39.059233,26.127372)
(11.920369,5.075153)
(20.400003,21.156218)
(41.750173,46.158990)
(43.427186,30.697979)
(51.118658,20.400357)
(25.775285,12.351833)
(41.856209,38.650236)
(7.922080,37.673270)
(46.248324,24.853728)
(49.592242,15.171378)
(7.671973,30.759004)
(54.861736,61.580858)
(33.552997,10.171739)
(11.878682,59.484032)
(50.544394,43.279336)
(18.912731,37.366184)
(8.341693,48.400758)
(17.553423,33.046614)
(43.324450,34.301399)
(56.288851,28.014557)
(9.149430,46.447457)
(49.257037,35.211940)
(36.580588,37.491240)
(49.461391,49.761847)
(21.432754,29.627188)
(35.809830,9.712340)
(15.837371,13.329962)
(16.398564,20.395778)
(37.708459,56.397162)
(39.368176,22.168412)
(23.042435,3.999668)
(9.349237,49.247704)
(12.943131,24.833347)
(44.952149,57.088436)
(31.017671,59.212610)
(14.190890,53.001926)
(38.846717,3.435057)
(9.916497,43.566057)
(33.380455,51.588854)
(11.112661,12.039111)
(27.743714,4.862921)
(38.649158,36.536690)
(35.705394,1.521556)
(2.244637,23.047663)
(27.921178,26.157672)
(26.368130,24.293618)
(0.261917,12.677680)
(55.805506,34.882534)
(17.889635,3.753361)
(21.909999,40.021018)
(25.767370,35.707342)
(3.987309,49.586450)
(33.072595,6.292267)
(25.373034,36.930097)
(57.781678,40.106356)
(47.725622,4.153682)
(4.356015,55.224609)
(20.288701,23.508654)
(50.657441,14.609571)
(31.963606,35.549627)
(33.675804,31.434000)
(37.664147,4.352277)
(25.263515,28.140598)
(21.770106,15.088743)
(25.272649,35.415062)
(47.762672,12.658303)
(11.036730,50.949831)
(10.041317,44.924417)
(12.995440,13.793804)
(50.647310,9.642469)
(1.805291,44.841612)
(51.156791,19.307963)
(1.001917,59.690621)
(24.487145,8.169066)
(31.494126,28.509713)
(27.608409,33.474688)
(49.916517,42.368538)
(37.979159,24.179845)
(28.835750,20.513959)
(10.462463,41.600894)
(42.534057,17.681128)
(17.676063,4.625113)
(4.815499,46.563542)
(36.386332,52.144917)
(25.686907,27.053802)
(10.499730,55.487450)
(17.375523,30.101926)
(17.471932,28.976723)
(45.656270,29.418545)
(44.937252,11.081018)
(52.324173,51.305593)
(54.203008,31.345110)
(11.535161,11.986807)
(15.091224,17.824871)
(42.156801,28.288601)
(51.521388,41.395638)
(4.759409,11.607324)
(9.425417,53.616370)
(9.341490,20.298059)
(10.625319,1.267238)
(59.484851,4.768870)
(1.441314,6.326217)
(5.704582,36.803222)
(53.746215,8.186366)
(50.855553,19.448856)
(39.091793,34.424710)
(13.394759,1.778733)
(18.790571,18.983781)
(40.591024,11.565080)
(16.428970,45.519323)
(22.372705,51.682440)
(40.805304,14.760075)
(13.559551,40.501041)
(61.755228,30.167921)
(20.752133,43.107302)
(35.319198,37.361890)
(47.312665,56.837808)
(34.252252,50.941251)
(9.376420,30.198342)
(4.291831,36.815541)
(30.987765,24.362016)
(47.619359,45.144739)
(20.998602,52.633378)
(44.497563,21.179461)
(4.466743,20.997594)
(4.363668,61.509754)
(15.923557,13.203063)
(16.019528,30.780160)
(35.922659,25.797589)
(55.815514,48.890186)
(35.847358,18.924345)
(22.053492,47.597917)
(45.742187,21.380430)
(17.960090,51.297901)
(58.009968,13.200669)
(8.444885,21.507534)
(58.781660,31.120200)
(10.693280,38.776020)
(19.682439,35.186512)
(36.906066,27.509868)
(53.385679,27.174877)
(17.111909,40.965361)
(29.143780,52.707012)
(41.187863,22.737950)
(58.122478,52.294827)
(17.484571,40.103149)
(27.351172,45.752100)
(29.764102,4.764995)
(11.472254,28.442168)
(2.256497,5.424750)
(33.114471,26.117024)
(25.273829,43.013717)
(1.236417,19.388372)
(52.739531,22.227773)
(45.856099,35.530219)
(43.762961,43.092369)
(19.114675,45.476337)
(3.553890,21.483698)
(30.009106,18.913570)
(44.498727,9.252982)
(13.686903,3.570845)
(58.645940,41.286799)
(41.006512,60.126823)
(30.971418,9.661629)
(21.382666,34.673414)
(7.288318,48.268708)
(47.428816,23.724195)
(34.232849,34.350254)
(46.305987,30.712883)
(61.688918,42.543900)
(52.231806,10.826712)
(52.585518,62.885731)
(13.574712,43.070754)
(50.075753,6.121126)
(41.454992,58.527341)
(38.947126,13.754337)
(20.305844,8.713911)
(52.141073,18.685612)
(57.828434,18.158414)
(20.564298,7.997864)
(0.023203,17.435045)
(12.466366,30.949444)
(15.785015,15.241318)
(48.353767,7.538372)
(25.426309,52.580720)
(20.474318,47.000337)
(39.916660,35.541953)
(4.267424,43.603459)
(1.875437,39.903604)
(25.606464,18.738851)
(53.720011,2.185804)
(3.297245,44.612047)
(11.707330,29.251459)
(14.495480,28.435883)
(44.303809,8.690598)
(45.894665,6.020503)
(43.147555,9.609599)
(31.977333,33.906323)
(12.115830,41.228687)
(51.936942,12.326442)
(55.319046,19.828719)
(49.609671,47.421992)
(37.645075,26.078704)
(49.239441,19.972769)
(17.903912,38.877684)
(32.358554,42.122232)
(18.465927,57.161083)
(29.039787,4.354257)
(29.442907,47.307428)
(40.165068,13.745568)
(45.404032,50.520098)
(47.632214,45.643645)
(54.919408,56.130011)
(49.417954,14.747176)
(43.870178,10.515047)
(37.282754,40.522897)
(2.915431,31.816654)
(44.872141,48.280650)
(8.225295,14.763358)
(38.911649,53.184609)
(59.753149,36.984411)
(53.665344,11.758608)
(7.002253,0.183509)
(1.163562,49.565175)
(28.303110,31.472419)
(23.139746,15.742074)
(59.101196,32.949243)
(43.165939,45.352375)
(39.710805,53.678726)
(13.750064,42.925429)
(37.612182,4.339867)
(54.809258,26.537459)
(8.662831,38.197133)
(46.471887,8.652566)
(16.397478,2.011059)
(42.914112,15.442036)
(14.591774,6.379717)
(9.486940,44.113678)
(4.628048,36.299427)
(19.214686,10.959906)
(0.282033,50.912564)
(18.652826,23.900174)
(45.959722,24.061065)
(51.987548,29.261228)
(13.019432,3.236560)
(32.799715,29.415715)
(43.265148,35.981395)
(38.227908,47.535959)
(25.865853,35.069665)
(1.239249,20.411857)
(51.669524,32.975364)
(21.277194,5.038346)
(41.016733,47.335200)
(21.322844,37.402220)
(14.439079,26.463806)
(2.831368,53.646582)
(21.878894,38.105185)
(29.381456,9.807357)
(25.504433,29.957408)
(53.259472,44.846781)
(21.178702,20.588256)
(19.302337,49.443816)
(43.110539,45.094212)
(29.161254,13.009307)
(9.555578,46.827909)
(46.577369,41.835445)
(21.034638,29.021086)
(21.578540,13.725216)
(27.807833,28.460317)
(13.126671,46.614229)
(2.903989,62.734995)
(15.642581,50.572092)
(35.724874,34.222408)
(19.593637,3.428148)
(43.711987,51.362086)
(30.791211,26.747430)
(60.563353,23.685116)
(24.294343,50.407572)
(48.777490,23.207941)
(49.618092,19.623334)
(53.399597,59.021196)
(11.825147,32.871112)
(39.357881,2.032110)
(45.639569,41.579002)
(50.580756,54.175994)
(4.463861,2.338582)
(24.185970,2.750076)
(50.194891,14.336912)
(35.860943,6.256944)
(11.193986,28.518846)
(24.468498,36.411456)
(42.741183,28.036088)
(40.754277,53.237968)
(29.061491,29.365812)
(7.902873,22.316164)
(32.633036,21.477114)
(31.111143,28.563961)
(59.556956,23.040948)
(37.644398,11.888020)
(46.368024,33.088972)
(40.597463,51.700112)
(55.323385,57.005835)
(41.031237,37.575508)
(55.542325,36.302259)
(41.973275,45.971956)
(31.878364,12.150762)
(29.851443,1.874771)
(23.094175,18.505057)
(25.693921,11.720056)
(9.333016,6.447560)
(32.514344,23.719748)
(48.674283,23.019566)
(47.010374,46.918704)
(37.073406,3.391580)
(36.663443,8.749554)
(3.516150,41.742200)
(23.292731,47.038466)
(39.376786,1.363378)
(43.291954,3.138640)
(48.848696,24.384462)
(7.672573,21.876487)
(18.200084,31.853141)
(4.199440,20.356237)
(44.739995,0.389348)
(51.645481,36.280876)
(20.366973,39.454117)
(54.150554,26.615081)
(31.545206,19.396519)
(1.128011,37.007476)
(6.385793,45.037535)
(13.812390,34.761074)
(25.987462,48.911918)
(51.146703,27.410167)
(36.409472,51.583505)
(47.476982,38.616044)
(10.961727,38.682050)
(56.341131,19.202199)
(26.071229,12.908284)
(62.470168,14.497759)
(31.723613,38.380713)
(37.366853,31.962544)
(52.180433,11.334544)
(23.186600,6.399279)
(11.349898,7.178093)
(38.343909,20.671594)
(33.198729,52.320234)
(10.153266,9.725596)
(27.286623,2.371141)
(39.485266,44.265946)
(11.352952,47.296391)
(1.233769,11.159824)
(20.614153,58.385016)
(49.778301,31.316558)
(16.376081,49.248591)
(39.981221,4.601828)
(52.335553,61.480163)
(48.736724,10.140498)
(35.921668,54.330624)
(54.493443,13.622509)
(27.457398,32.081094)
(35.506633,25.550930)
(44.503680,23.862305)
(28.891779,34.383483)
(40.695108,8.386398)
(25.861895,10.311813)
(15.360327,25.555445)
(41.600703,46.817590)
(45.520930,33.983567)
(29.836579,52.449864)
(32.225245,24.102515)
(41.498066,43.553230)
(49.484454,31.603740)
(14.082306,53.839317)
(44.825799,22.154527)
(60.418186,43.434708)
(54.450615,13.356786)
(3.410341,34.358636)
(5.245477,16.399269)
(56.295771,33.335518)
(42.645205,20.410462)
(13.870863,52.163113)
(45.976833,8.092152)
(1.555180,39.926126)
(31.843321,36.415005)
(35.170086,41.317212)
(10.337814,55.255733)
(12.238843,18.900441)
(6.767272,50.341014)
(50.046577,1.623179)
(56.581939,23.766769)
(22.519633,49.009877)
(1.754229,1.583512)
(30.754108,30.510852)
(59.332782,36.106051)
(59.638747,22.497692)
(42.134729,36.977206)
(2.387877,6.619897)
(33.680872,23.205181)
(42.287716,54.578644)
(0.152327,44.132673)
(12.279550,38.656420)
(29.251392,25.299872)
(46.504270,8.161108)
(35.468069,1.034267)
(14.724228,53.600833)
(2.353242,2.767533)
(8.641415,20.952614)
(27.705817,32.754675)
(2.251537,38.465108)
(45.977299,2.698052)
(20.488741,5.599733)
(31.039694,30.778979)
(56.359075,36.496318)
(14.562589,5.777762)
(20.930151,20.381026)
(29.753627,47.202291)
(54.401704,48.142448)
(13.798237,23.736695)
(4.023280,31.658329)
(36.840516,21.827963)
(30.214465,13.685910)
(20.487540,57.649516)
(27.873585,52.593880)
(39.543094,44.845250)
(2.226613,39.073261)
(36.343624,37.960836)
(31.825445,2.157383)
(29.486234,30.941772)
(26.745313,9.700278)
(19.208777,39.549119)
(53.303106,51.170629)
(29.691825,52.868384)
(57.417999,38.410115)
(35.905680,37.395135)
(39.238951,48.405605)
(23.148769,14.564197)
(20.950638,34.352802)
(54.179687,52.942478)
(46.187913,51.759501)
(26.163262,27.472712)
(26.682929,56.283238)
